district_id,week_start,humidity_pct_lag1wk,humidity_pct_lag2wk,humidity_pct_lag4wk,humidity_pct_lag6wk,humidity_pct_lag8wk,rainfall_anomaly_mm_lag1wk,rainfall_anomaly_mm_lag2wk,rainfall_anomaly_mm_lag4wk,rainfall_anomaly_mm_lag6wk,rainfall_anomaly_mm_lag8wk,rainfall_cum4wk_mm_lag1wk,rainfall_cum4wk_mm_lag2wk,rainfall_cum4wk_mm_lag4wk,rainfall_cum4wk_mm_lag6wk,rainfall_cum4wk_mm_lag8wk,rainfall_mm_lag1wk,rainfall_mm_lag2wk,rainfall_mm_lag4wk,rainfall_mm_lag6wk,rainfall_mm_lag8wk,soil_moisture_pct_lag1wk,soil_moisture_pct_lag2wk,soil_moisture_pct_lag4wk,soil_moisture_pct_lag6wk,soil_moisture_pct_lag8wk,temp_max_c_lag1wk,temp_max_c_lag2wk,temp_max_c_lag4wk,temp_max_c_lag6wk,temp_max_c_lag8wk,temp_mean_c_lag1wk,temp_mean_c_lag2wk,temp_mean_c_lag4wk,temp_mean_c_lag6wk,temp_mean_c_lag8wk,temp_min_c_lag1wk,temp_min_c_lag2wk,temp_min_c_lag4wk,temp_min_c_lag6wk,temp_min_c_lag8wk,wind_speed_kmh_lag1wk,wind_speed_kmh_lag2wk,wind_speed_kmh_lag4wk,wind_speed_kmh_lag6wk,wind_speed_kmh_lag8wk
BNG,2024-01-08,76.14,,,,,-39.4,,,,,,,,,,20.7,,,,,33.0,,,,,30.8,,,,,26.03,,,,,21.7,,,,,14.04,,,,
BNG,2024-01-15,82.14,76.14,,,,14.6,-39.4,,,,,,,,,74.7,20.7,,,,35.2,33.0,,,,30.9,30.8,,,,24.89,26.03,,,,21.9,21.7,,,,18.03,14.04,,,
BNG,2024-01-22,81.71,82.14,,,,71.5,14.6,,,,,,,,,131.6,74.7,,,,41.4,35.2,,,,28.9,30.9,,,,23.84,24.89,,,,20.1,21.9,,,,16.49,18.03,,,
BNG,2024-01-29,69.57,81.71,76.14,,,-59.1,71.5,-39.4,,,228.0,,,,,1.0,131.6,20.7,,,27.3,41.4,33.0,,,30.7,28.9,30.8,,,24.86,23.84,26.03,,,18.5,20.1,21.7,,,14.9,16.49,14.04,,
BNG,2024-02-05,68.0,69.57,82.14,,,-59.0,-59.1,14.6,,,208.4,228.0,,,,1.1,1.0,74.7,,,15.3,27.3,35.2,,,31.0,30.7,30.9,,,26.3,24.86,24.89,,,21.6,18.5,21.9,,,15.4,14.9,18.03,,
BNG,2024-02-12,60.29,68.0,81.71,76.14,,-32.1,-59.0,71.5,-39.4,,133.8,208.4,,,,0.1,1.1,131.6,20.7,,12.3,15.3,41.4,33.0,,34.4,31.0,28.9,30.8,,28.91,26.3,23.84,26.03,,23.0,21.6,20.1,21.7,,16.8,15.4,16.49,14.04,
BNG,2024-02-19,51.0,60.29,69.57,82.14,,-31.8,-32.1,-59.1,14.6,,2.6,133.8,228.0,,,0.4,0.1,1.0,74.7,,10.9,12.3,27.3,35.2,,36.3,34.4,30.7,30.9,,28.41,28.91,24.86,24.89,,21.0,23.0,18.5,21.9,,15.73,16.8,14.9,18.03,
BNG,2024-02-26,46.0,51.0,68.0,81.71,76.14,-32.2,-31.8,-59.0,71.5,-39.4,1.6,2.6,208.4,,,0.0,0.4,1.1,131.6,20.7,10.2,10.9,15.3,41.4,33.0,34.9,36.3,31.0,28.9,30.8,29.03,28.41,26.3,23.84,26.03,22.3,21.0,21.6,20.1,21.7,19.61,15.73,15.4,16.49,14.04
BNG,2024-03-04,61.29,46.0,60.29,69.57,82.14,-22.7,-32.2,-32.1,-59.1,14.6,10.0,1.6,133.8,228.0,,9.5,0.0,0.1,1.0,74.7,13.7,10.2,12.3,27.3,35.2,35.7,34.9,34.4,30.7,30.9,26.61,29.03,28.91,24.86,24.89,20.2,22.3,23.0,18.5,21.9,18.29,19.61,16.8,14.9,18.03
BNG,2024-03-11,57.0,61.29,51.0,68.0,81.71,-4.7,-22.7,-31.8,-59.0,71.5,10.5,10.0,2.6,208.4,,0.6,9.5,0.4,1.1,131.6,11.3,13.7,10.9,15.3,41.4,36.0,35.7,36.3,31.0,28.9,29.46,26.61,28.41,26.3,23.84,23.9,20.2,21.0,21.6,20.1,19.0,18.29,15.73,15.4,16.49
BNG,2024-03-18,57.71,57.0,46.0,60.29,69.57,-3.4,-4.7,-32.2,-32.1,-59.1,12.0,10.5,1.6,133.8,228.0,1.9,0.6,0.0,0.1,1.0,10.7,11.3,10.2,12.3,27.3,34.7,36.0,34.9,34.4,30.7,28.96,29.46,29.03,28.91,24.86,23.5,23.9,22.3,23.0,18.5,17.5,19.0,19.61,16.8,14.9
BNG,2024-03-25,47.0,57.71,61.29,51.0,68.0,-4.5,-3.4,-22.7,-31.8,-59.0,12.8,12.0,10.0,2.6,208.4,0.8,1.9,9.5,0.4,1.1,10.3,10.7,13.7,10.9,15.3,32.6,34.7,35.7,36.3,31.0,28.01,28.96,26.61,28.41,26.3,23.6,23.5,20.2,21.0,21.6,21.27,17.5,18.29,15.73,15.4
BNG,2024-04-01,55.29,47.0,57.0,46.0,60.29,-3.8,-4.5,-4.7,-32.2,-32.1,4.8,12.8,10.5,1.6,133.8,1.5,0.8,0.6,0.0,0.1,10.4,10.3,11.3,10.2,12.3,32.2,32.6,36.0,34.9,34.4,27.76,28.01,29.46,29.03,28.91,22.8,23.6,23.9,22.3,23.0,19.26,21.27,19.0,19.61,16.8
BNG,2024-04-08,54.57,55.29,57.71,61.29,51.0,-9.0,-3.8,-3.4,-22.7,-31.8,6.0,4.8,12.0,10.0,2.6,1.8,1.5,1.9,9.5,0.4,10.8,10.4,10.7,13.7,10.9,33.9,32.2,34.7,35.7,36.3,27.61,27.76,28.96,26.61,28.41,22.7,22.8,23.5,20.2,21.0,21.81,19.26,17.5,18.29,15.73
BNG,2024-04-15,76.71,54.57,47.0,57.0,46.0,8.8,-9.0,-4.5,-4.7,-32.2,23.7,6.0,12.8,10.5,1.6,19.6,1.8,0.8,0.6,0.0,24.3,10.8,10.3,11.3,10.2,29.6,33.9,32.6,36.0,34.9,24.14,27.61,28.01,29.46,29.03,19.5,22.7,23.6,23.9,22.3,16.49,21.81,21.27,19.0,19.61
BNG,2024-04-22,61.0,76.71,55.29,57.71,61.29,-10.6,8.8,-3.8,-3.4,-22.7,23.1,23.7,4.8,12.0,10.0,0.2,19.6,1.5,1.9,9.5,14.7,24.3,10.4,10.7,13.7,30.5,29.6,32.2,34.7,35.7,24.36,24.14,27.76,28.96,26.61,19.7,19.5,22.8,23.5,20.2,19.51,16.49,19.26,17.5,18.29
BNG,2024-04-29,51.29,61.0,54.57,47.0,57.0,-10.8,-10.6,-9.0,-4.5,-4.7,21.6,23.1,6.0,12.8,10.5,0.0,0.2,1.8,0.8,0.6,10.3,14.7,10.8,10.3,11.3,32.1,30.5,33.9,32.6,36.0,24.67,24.36,27.61,28.01,29.46,17.5,19.7,22.7,23.6,23.9,18.6,19.51,21.81,21.27,19.0
BNG,2024-05-06,46.86,51.29,76.71,55.29,57.71,-10.8,-10.8,8.8,-3.8,-3.4,19.8,21.6,23.7,4.8,12.0,0.0,0.0,19.6,1.5,1.9,10.1,10.3,24.3,10.4,10.7,29.5,32.1,29.6,32.2,34.7,23.06,24.67,24.14,27.76,28.96,15.2,17.5,19.5,22.8,23.5,16.3,18.6,16.49,19.26,17.5
BNG,2024-05-13,49.86,46.86,61.0,54.57,47.0,-0.2,-10.8,-10.6,-9.0,-4.5,0.2,19.8,23.1,6.0,12.8,0.0,0.0,0.2,1.8,0.8,10.1,10.1,14.7,10.8,10.3,30.9,29.5,30.5,33.9,32.6,24.51,23.06,24.36,27.61,28.01,17.4,15.2,19.7,22.7,23.6,18.06,16.3,19.51,21.81,21.27
BNG,2024-05-20,43.71,49.86,51.29,76.71,55.29,-0.2,-0.2,-10.8,8.8,-3.8,0.0,0.2,21.6,23.7,4.8,0.0,0.0,0.0,19.6,1.5,10.1,10.1,10.3,24.3,10.4,29.6,30.9,32.1,29.6,32.2,23.34,24.51,24.67,24.14,27.76,15.5,17.4,17.5,19.5,22.8,16.94,18.06,18.6,16.49,19.26
BNG,2024-05-27,51.29,43.71,46.86,61.0,54.57,0.3,-0.2,-10.8,-10.6,-9.0,0.5,0.0,19.8,23.1,6.0,0.5,0.0,0.0,0.2,1.8,10.1,10.1,10.1,14.7,10.8,28.1,29.6,29.5,30.5,33.9,22.26,23.34,23.06,24.36,27.61,16.3,15.5,15.2,19.7,22.7,17.34,16.94,16.3,19.51,21.81
BNG,2024-06-03,47.71,51.29,49.86,51.29,76.71,-0.2,0.3,-0.2,-10.8,8.8,0.5,0.5,0.2,21.6,23.7,0.0,0.5,0.0,0.0,19.6,10.1,10.1,10.1,10.3,24.3,30.5,28.1,30.9,32.1,29.6,21.33,22.26,24.51,24.67,24.14,13.7,16.3,17.4,17.5,19.5,22.19,17.34,18.06,18.6,16.49
BNG,2024-06-10,32.14,47.71,43.71,46.86,61.0,-0.2,-0.2,-0.2,-10.8,-10.6,0.5,0.5,0.0,19.8,23.1,0.0,0.0,0.0,0.0,0.2,10.1,10.1,10.1,10.1,14.7,31.5,30.5,29.6,29.5,30.5,22.6,21.33,23.34,23.06,24.36,13.0,13.7,15.5,15.2,19.7,19.63,22.19,16.94,16.3,19.51
BNG,2024-06-17,45.14,32.14,51.29,49.86,51.29,-0.2,-0.2,0.3,-0.2,-10.8,0.5,0.5,0.5,0.2,21.6,0.0,0.0,0.5,0.0,0.0,10.1,10.1,10.1,10.1,10.3,25.0,31.5,28.1,30.9,32.1,18.71,22.6,22.26,24.51,24.67,11.2,13.0,16.3,17.4,17.5,15.26,19.63,17.34,18.06,18.6
BNG,2024-06-24,45.43,45.14,47.71,43.71,46.86,-0.2,-0.2,-0.2,-0.2,-10.8,0.0,0.5,0.5,0.0,19.8,0.0,0.0,0.0,0.0,0.0,10.1,10.1,10.1,10.1,10.1,27.9,25.0,30.5,29.6,29.5,20.34,18.71,21.33,23.34,23.06,12.9,11.2,13.7,15.5,15.2,16.53,15.26,22.19,16.94,16.3
BNG,2024-07-01,52.0,45.43,32.14,51.29,49.86,1.3,-0.2,-0.2,0.3,-0.2,1.5,0.0,0.5,0.5,0.2,1.5,0.0,0.0,0.5,0.0,10.2,10.1,10.1,10.1,10.1,27.6,27.9,31.5,28.1,30.9,20.26,20.34,22.6,22.26,24.51,14.0,12.9,13.0,16.3,17.4,15.61,16.53,19.63,17.34,18.06
BNG,2024-07-08,38.71,52.0,45.14,47.71,43.71,-0.0,1.3,-0.2,-0.2,-0.2,1.5,1.5,0.5,0.5,0.0,0.0,1.5,0.0,0.0,0.0,10.3,10.2,10.1,10.1,10.1,29.0,27.6,25.0,30.5,29.6,19.86,20.26,18.71,21.33,23.34,9.6,14.0,11.2,13.7,15.5,15.04,15.61,15.26,22.19,16.94
BNG,2024-07-15,35.43,38.71,45.43,32.14,51.29,-0.0,-0.0,-0.2,-0.2,0.3,1.5,1.5,0.0,0.5,0.5,0.0,0.0,0.0,0.0,0.5,10.1,10.3,10.1,10.1,10.1,28.0,29.0,27.9,31.5,28.1,19.8,19.86,20.34,22.6,22.26,8.8,9.6,12.9,13.0,16.3,15.74,15.04,16.53,19.63,17.34
BNG,2024-07-22,37.14,35.43,52.0,45.14,47.71,-0.0,-0.0,1.3,-0.2,-0.2,1.5,1.5,1.5,0.5,0.5,0.0,0.0,1.5,0.0,0.0,10.0,10.1,10.2,10.1,10.1,29.1,28.0,27.6,25.0,30.5,21.6,19.8,20.26,18.71,21.33,11.6,8.8,14.0,11.2,13.7,17.79,15.74,15.61,15.26,22.19
BNG,2024-07-29,34.0,37.14,38.71,45.43,32.14,-0.0,-0.0,-0.0,-0.2,-0.2,0.0,1.5,1.5,0.0,0.5,0.0,0.0,0.0,0.0,0.0,10.0,10.0,10.3,10.1,10.1,30.8,29.1,29.0,27.9,31.5,22.5,21.6,19.86,20.34,22.6,12.9,11.6,9.6,12.9,13.0,19.39,17.79,15.04,16.53,19.63
BNG,2024-08-05,38.0,34.0,35.43,52.0,45.14,-0.0,-0.0,-0.0,1.3,-0.2,0.0,0.0,1.5,1.5,0.5,0.0,0.0,0.0,1.5,0.0,10.0,10.0,10.1,10.2,10.1,30.8,30.8,28.0,27.6,25.0,21.66,22.5,19.8,20.26,18.71,13.6,12.9,8.8,14.0,11.2,20.89,19.39,15.74,15.61,15.26
BNG,2024-08-12,37.71,38.0,37.14,38.71,45.43,0.0,-0.0,-0.0,-0.0,-0.2,0.0,0.0,1.5,1.5,0.0,0.0,0.0,0.0,0.0,0.0,10.0,10.0,10.0,10.3,10.1,30.7,30.8,29.1,29.0,27.9,23.01,21.66,21.6,19.86,20.34,13.5,13.6,11.6,9.6,12.9,19.31,20.89,17.79,15.04,16.53
BNG,2024-08-19,34.43,37.71,34.0,35.43,52.0,0.0,0.0,-0.0,-0.0,1.3,0.0,0.0,0.0,1.5,1.5,0.0,0.0,0.0,0.0,1.5,10.0,10.0,10.0,10.1,10.2,31.8,30.7,30.8,28.0,27.6,23.21,23.01,22.5,19.8,20.26,15.4,13.5,12.9,8.8,14.0,17.49,19.31,19.39,15.74,15.61
BNG,2024-08-26,37.57,34.43,38.0,37.14,38.71,0.0,0.0,-0.0,-0.0,-0.0,0.0,0.0,0.0,1.5,1.5,0.0,0.0,0.0,0.0,0.0,10.0,10.0,10.0,10.0,10.3,29.3,31.8,30.8,29.1,29.0,21.94,23.21,21.66,21.6,19.86,14.5,15.4,13.6,11.6,9.6,19.23,17.49,20.89,17.79,15.04
BNG,2024-09-02,36.86,37.57,37.71,34.0,35.43,0.0,0.0,0.0,-0.0,-0.0,0.0,0.0,0.0,0.0,1.5,0.0,0.0,0.0,0.0,0.0,10.0,10.0,10.0,10.0,10.1,34.0,29.3,30.7,30.8,28.0,24.46,21.94,23.01,22.5,19.8,15.2,14.5,13.5,12.9,8.8,18.54,19.23,19.31,19.39,15.74
BNG,2024-09-09,35.71,36.86,34.43,38.0,37.14,-0.0,0.0,0.0,-0.0,-0.0,0.0,0.0,0.0,0.0,1.5,0.0,0.0,0.0,0.0,0.0,10.0,10.0,10.0,10.0,10.0,31.3,34.0,31.8,30.8,29.1,22.63,24.46,23.21,21.66,21.6,15.3,15.2,15.4,13.6,11.6,21.11,18.54,17.49,20.89,17.79
BNG,2024-09-16,36.57,35.71,37.57,37.71,34.0,-0.0,-0.0,0.0,0.0,-0.0,0.0,0.0,0.0,0.0,0.0,0.0,0.0,0.0,0.0,0.0,10.0,10.0,10.0,10.0,10.0,35.7,31.3,29.3,30.7,30.8,27.31,22.63,21.94,23.01,22.5,18.6,15.3,14.5,13.5,12.9,26.17,21.11,19.23,19.31,19.39
BNG,2024-09-23,27.71,36.57,36.86,34.43,38.0,-0.0,-0.0,0.0,0.0,-0.0,0.0,0.0,0.0,0.0,0.0,0.0,0.0,0.0,0.0,0.0,10.0,10.0,10.0,10.0,10.0,36.3,35.7,34.0,31.8,30.8,28.76,27.31,24.46,23.21,21.66,21.9,18.6,15.2,15.4,13.6,26.3,26.17,18.54,17.49,20.89
BNG,2024-09-30,36.0,27.71,35.71,37.57,37.71,-0.0,-0.0,-0.0,0.0,0.0,0.0,0.0,0.0,0.0,0.0,0.0,0.0,0.0,0.0,0.0,10.0,10.0,10.0,10.0,10.0,38.4,36.3,31.3,29.3,30.7,27.89,28.76,22.63,21.94,23.01,20.7,21.9,15.3,14.5,13.5,27.21,26.3,21.11,19.23,19.31
BNG,2024-10-07,33.71,36.0,36.57,36.86,34.43,0.1,-0.0,-0.0,0.0,0.0,0.1,0.0,0.0,0.0,0.0,0.1,0.0,0.0,0.0,0.0,10.6,10.0,10.0,10.0,10.0,39.5,38.4,35.7,34.0,31.8,26.79,27.89,27.31,24.46,23.21,16.6,20.7,18.6,15.2,15.4,21.46,27.21,26.17,18.54,17.49
BNG,2024-10-14,29.14,33.71,27.71,35.71,37.57,-2.0,0.1,-0.0,-0.0,0.0,0.2,0.1,0.0,0.0,0.0,0.1,0.1,0.0,0.0,0.0,10.1,10.6,10.0,10.0,10.0,33.7,39.5,36.3,31.3,29.3,26.66,26.79,28.76,22.63,21.94,17.6,16.6,21.9,15.3,14.5,21.57,21.46,26.3,21.11,19.23
BNG,2024-10-21,43.43,29.14,36.0,36.57,36.86,4.6,-2.0,-0.0,-0.0,0.0,6.9,0.2,0.0,0.0,0.0,6.7,0.1,0.0,0.0,0.0,10.4,10.1,10.0,10.0,10.0,36.2,33.7,38.4,35.7,34.0,27.23,26.66,27.89,27.31,24.46,20.2,17.6,20.7,18.6,15.2,23.06,21.57,27.21,26.17,18.54
BNG,2024-10-28,32.57,43.43,33.71,27.71,35.71,-2.0,4.6,0.1,-0.0,-0.0,7.0,6.9,0.1,0.0,0.0,0.1,6.7,0.1,0.0,0.0,9.3,10.4,10.6,10.0,10.0,38.3,36.2,39.5,36.3,31.3,31.34,27.23,26.79,28.76,22.63,24.2,20.2,16.6,21.9,15.3,29.49,23.06,21.46,26.3,21.11
BNG,2024-11-04,47.0,32.57,29.14,36.0,36.57,-1.1,-2.0,-2.0,-0.0,-0.0,7.9,7.0,0.2,0.0,0.0,1.0,0.1,0.1,0.0,0.0,10.3,9.3,10.1,10.0,10.0,37.8,38.3,33.7,38.4,35.7,29.79,31.34,26.66,27.89,27.31,24.0,24.2,17.6,20.7,18.6,22.76,29.49,21.57,27.21,26.17
BNG,2024-11-11,38.57,47.0,43.43,33.71,27.71,-20.2,-1.1,4.6,0.1,-0.0,8.3,7.9,6.9,0.1,0.0,0.5,1.0,6.7,0.1,0.0,10.2,10.3,10.4,10.6,10.0,39.0,37.8,36.2,39.5,36.3,30.93,29.79,27.23,26.79,28.76,24.3,24.0,20.2,16.6,21.9,24.23,22.76,23.06,21.46,26.3
BNG,2024-11-18,65.43,38.57,32.57,29.14,36.0,5.3,-20.2,-2.0,-2.0,-0.0,27.6,8.3,7.0,0.2,0.0,26.0,0.5,0.1,0.1,0.0,20.5,10.2,9.3,10.1,10.0,36.4,39.0,38.3,33.7,38.4,26.49,30.93,31.34,26.66,27.89,21.9,24.3,24.2,17.6,20.7,17.01,24.23,29.49,21.57,27.21
BNG,2024-11-25,50.43,65.43,47.0,43.43,33.71,-19.2,5.3,-1.1,4.6,0.1,29.0,27.6,7.9,6.9,0.1,1.5,26.0,1.0,6.7,0.1,11.7,20.5,10.3,10.4,10.6,35.7,36.4,37.8,36.2,39.5,28.74,26.49,29.79,27.23,26.79,22.5,21.9,24.0,20.2,16.6,21.29,17.01,22.76,23.06,21.46
BNG,2024-12-02,67.14,50.43,38.57,32.57,29.14,-10.5,-19.2,-20.2,-2.0,-2.0,38.2,29.0,8.3,7.0,0.2,10.2,1.5,0.5,0.1,0.1,14.0,11.7,10.2,9.3,10.1,31.7,35.7,39.0,38.3,33.7,26.71,28.74,30.93,31.34,26.66,21.5,22.5,24.3,24.2,17.6,18.49,21.29,24.23,29.49,21.57
BNG,2024-12-09,34.57,67.14,65.43,47.0,43.43,-44.0,-10.5,5.3,-1.1,4.6,37.7,38.2,27.6,7.9,6.9,0.0,10.2,26.0,1.0,6.7,7.4,14.0,20.5,10.3,10.4,39.1,31.7,36.4,37.8,36.2,30.53,26.71,26.49,29.79,27.23,21.6,21.5,21.9,24.0,20.2,22.16,18.49,17.01,22.76,23.06
BNG,2024-12-16,41.14,34.57,50.43,38.57,32.57,-43.6,-44.0,-19.2,-20.2,-2.0,12.1,37.7,29.0,8.3,7.0,0.4,0.0,1.5,0.5,0.1,7.1,7.4,11.7,10.2,9.3,39.7,39.1,35.7,39.0,38.3,31.11,30.53,28.74,30.93,31.34,23.8,21.6,22.5,24.3,24.2,20.46,22.16,21.29,24.23,29.49
BNG,2024-12-23,64.86,41.14,67.14,65.43,47.0,14.7,-43.6,-10.5,5.3,-1.1,69.3,12.1,38.2,27.6,7.9,58.7,0.4,10.2,26.0,1.0,18.0,7.1,14.0,20.5,10.3,36.4,39.7,31.7,36.4,37.8,28.1,31.11,26.71,26.49,29.79,22.4,23.8,21.5,21.9,24.0,20.63,20.46,18.49,17.01,22.76
BNG,2024-12-30,63.43,64.86,34.57,50.43,38.57,-35.5,14.7,-44.0,-19.2,-20.2,67.6,69.3,37.7,29.0,8.3,8.5,58.7,0.0,1.5,0.5,14.2,18.0,7.4,11.7,10.2,35.8,36.4,39.1,35.7,39.0,28.17,28.1,30.53,28.74,30.93,22.7,22.4,21.6,22.5,24.3,17.07,20.63,22.16,21.29,24.23
BNG,2025-01-06,83.29,63.43,41.14,67.14,65.43,41.4,-35.5,-43.6,-10.5,5.3,153.0,67.6,12.1,38.2,27.6,85.4,8.5,0.4,10.2,26.0,36.4,14.2,7.1,14.0,20.5,30.8,35.8,39.7,31.7,36.4,25.11,28.17,31.11,26.71,26.49,21.4,22.7,23.8,21.5,21.9,17.06,17.07,20.46,18.49,17.01
BNG,2025-01-13,83.57,83.29,64.86,34.57,50.43,76.8,41.4,14.7,-44.0,-19.2,289.5,153.0,69.3,37.7,29.0,136.9,85.4,58.7,0.0,1.5,39.7,36.4,18.0,7.4,11.7,30.7,30.8,36.4,39.1,35.7,25.0,25.11,28.1,30.53,28.74,21.9,21.4,22.4,21.6,22.5,21.67,17.06,20.63,22.16,21.29
BNG,2025-01-20,83.86,83.57,63.43,41.14,67.14,39.0,76.8,-35.5,-43.6,-10.5,329.9,289.5,67.6,12.1,38.2,99.1,136.9,8.5,0.4,10.2,35.0,39.7,14.2,7.1,14.0,30.9,30.7,35.8,39.7,31.7,25.13,25.0,28.17,31.11,26.71,21.0,21.9,22.7,23.8,21.5,16.31,21.67,17.07,20.46,18.49
BNG,2025-01-27,78.43,83.86,83.29,64.86,34.57,3.8,39.0,41.4,14.7,-44.0,385.3,329.9,153.0,69.3,37.7,63.9,99.1,85.4,58.7,0.0,33.0,35.0,36.4,18.0,7.4,30.0,30.9,30.8,36.4,39.1,25.24,25.13,25.11,28.1,30.53,20.6,21.0,21.4,22.4,21.6,12.36,16.31,17.06,20.63,22.16
BNG,2025-02-03,73.29,78.43,83.57,63.43,41.14,-48.0,3.8,76.8,-35.5,-43.6,312.0,385.3,289.5,67.6,12.1,12.1,63.9,136.9,8.5,0.4,14.3,33.0,39.7,14.2,7.1,33.0,30.0,30.7,35.8,39.7,26.27,25.24,25.0,28.17,31.11,22.0,20.6,21.9,22.7,23.8,16.4,12.36,21.67,17.07,20.46
BNG,2025-02-10,67.14,73.29,83.86,83.29,64.86,-12.2,-48.0,39.0,41.4,14.7,195.1,312.0,329.9,153.0,69.3,20.0,12.1,99.1,85.4,58.7,16.1,14.3,35.0,36.4,18.0,32.5,33.0,30.9,30.8,36.4,26.9,26.27,25.13,25.11,28.1,22.1,22.0,21.0,21.4,22.4,19.97,16.4,16.31,17.06,20.63
BNG,2025-02-17,81.14,67.14,78.43,83.57,63.43,42.9,-12.2,3.8,76.8,-35.5,171.1,195.1,385.3,289.5,67.6,75.1,20.0,63.9,136.9,8.5,29.7,16.1,33.0,39.7,14.2,31.7,32.5,30.0,30.7,35.8,25.51,26.9,25.24,25.0,28.17,21.8,22.1,20.6,21.9,22.7,15.79,19.97,12.36,21.67,17.07
BNG,2025-02-24,83.29,81.14,73.29,83.86,83.29,54.5,42.9,-48.0,39.0,41.4,193.9,171.1,312.0,329.9,153.0,86.7,75.1,12.1,99.1,85.4,37.9,29.7,14.3,35.0,36.4,29.8,31.7,33.0,30.9,30.8,25.46,25.51,26.27,25.13,25.11,21.1,21.8,22.0,21.0,21.4,14.86,15.79,16.4,16.31,17.06
BNG,2025-03-03,82.71,83.29,67.14,78.43,83.57,33.6,54.5,-12.2,3.8,76.8,247.6,193.9,195.1,385.3,289.5,65.8,86.7,20.0,63.9,136.9,36.8,37.9,16.1,33.0,39.7,30.4,29.8,32.5,30.0,30.7,25.46,25.46,26.9,25.24,25.0,21.9,21.1,22.1,20.6,21.9,12.43,14.86,19.97,12.36,21.67
BNG,2025-03-10,79.43,82.71,81.14,73.29,83.86,17.5,33.6,42.9,-48.0,39.0,250.4,247.6,171.1,312.0,329.9,22.8,65.8,75.1,12.1,99.1,30.2,36.8,29.7,14.3,35.0,29.3,30.4,31.7,33.0,30.9,25.5,25.46,25.51,26.27,25.13,21.1,21.9,21.8,22.0,21.0,14.36,12.43,15.79,16.4,16.31
BNG,2025-03-17,70.71,79.43,83.29,67.14,78.43,2.5,17.5,54.5,-12.2,3.8,183.1,250.4,193.9,195.1,385.3,7.8,22.8,86.7,20.0,63.9,14.9,30.2,37.9,16.1,33.0,31.5,29.3,29.8,32.5,30.0,25.99,25.5,25.46,26.9,25.24,21.3,21.1,21.1,22.1,20.6,15.01,14.36,14.86,19.97,12.36
BNG,2025-03-24,73.71,70.71,82.71,81.14,73.29,4.7,2.5,33.6,42.9,-48.0,106.4,183.1,247.6,171.1,312.0,10.0,7.8,65.8,75.1,12.1,19.5,14.9,36.8,29.7,14.3,30.2,31.5,30.4,31.7,33.0,24.53,25.99,25.46,25.51,26.27,20.3,21.3,21.9,21.8,22.0,14.37,15.01,12.43,15.79,16.4
BNG,2025-03-31,64.29,73.71,79.43,83.29,67.14,-5.1,4.7,17.5,54.5,-12.2,40.8,106.4,250.4,193.9,195.1,0.2,10.0,22.8,86.7,20.0,8.8,19.5,30.2,37.9,16.1,30.4,30.2,29.3,29.8,32.5,25.87,24.53,25.5,25.46,26.9,21.2,20.3,21.1,21.1,22.1,16.17,14.37,14.36,14.86,19.97
BNG,2025-04-07,66.43,64.29,70.71,82.71,81.14,-3.1,-5.1,2.5,33.6,42.9,20.2,40.8,183.1,247.6,171.1,2.2,0.2,7.8,65.8,75.1,9.1,8.8,14.9,36.8,29.7,30.8,30.4,31.5,30.4,31.7,25.64,25.87,25.99,25.46,25.51,21.0,21.2,21.3,21.9,21.8,20.54,16.17,15.01,12.43,15.79
BNG,2025-04-14,70.14,66.43,73.71,79.43,83.29,3.3,-3.1,4.7,17.5,54.5,26.5,20.2,106.4,250.4,193.9,14.1,2.2,10.0,22.8,86.7,16.6,9.1,19.5,30.2,37.9,31.3,30.8,30.2,29.3,29.8,25.33,25.64,24.53,25.5,25.46,20.8,21.0,20.3,21.1,21.1,16.43,20.54,14.37,14.36,14.86
BNG,2025-04-21,83.57,70.14,64.29,70.71,82.71,45.3,3.3,-5.1,2.5,33.6,72.6,26.5,40.8,183.1,247.6,56.1,14.1,0.2,7.8,65.8,27.1,16.6,8.8,14.9,36.8,28.3,31.3,30.4,31.5,30.4,23.01,25.33,25.87,25.99,25.46,18.9,20.8,21.2,21.3,21.9,13.56,16.43,16.17,15.01,12.43
BNG,2025-04-28,78.86,83.57,66.43,73.71,79.43,-6.5,45.3,-3.1,4.7,17.5,76.7,72.6,20.2,106.4,250.4,4.3,56.1,2.2,10.0,22.8,25.5,27.1,9.1,19.5,30.2,27.5,28.3,30.8,30.2,29.3,23.37,23.01,25.64,24.53,25.5,19.2,18.9,21.0,20.3,21.1,16.64,13.56,20.54,14.37,14.36
BNG,2025-05-05,67.43,78.86,70.14,64.29,70.71,-9.9,-6.5,3.3,-5.1,2.5,75.4,76.7,26.5,40.8,183.1,0.9,4.3,14.1,0.2,7.8,12.9,25.5,16.6,8.8,14.9,30.6,27.5,31.3,30.4,31.5,23.84,23.37,25.33,25.87,25.99,18.1,19.2,20.8,21.2,21.3,13.59,16.64,16.43,16.17,15.01
BNG,2025-05-12,60.86,67.43,83.57,66.43,73.71,-0.1,-9.9,45.3,-3.1,4.7,61.4,75.4,72.6,20.2,106.4,0.1,0.9,56.1,2.2,10.0,8.9,12.9,27.1,9.1,19.5,27.9,30.6,28.3,30.8,30.2,21.3,23.84,23.01,25.64,24.53,15.8,18.1,18.9,21.0,20.3,14.23,13.59,13.56,20.54,14.37
BNG,2025-05-19,59.0,60.86,78.86,70.14,64.29,-0.2,-0.1,-6.5,3.3,-5.1,5.3,61.4,76.7,26.5,40.8,0.0,0.1,4.3,14.1,0.2,7.8,8.9,25.5,16.6,8.8,28.9,27.9,27.5,31.3,30.4,22.33,21.3,23.37,25.33,25.87,15.7,15.8,19.2,20.8,21.2,17.39,14.23,16.64,16.43,16.17
BNG,2025-05-26,53.14,59.0,67.43,83.57,66.43,-0.2,-0.2,-9.9,45.3,-3.1,1.0,5.3,75.4,72.6,20.2,0.0,0.0,0.9,56.1,2.2,7.5,7.8,12.9,27.1,9.1,30.7,28.9,30.6,28.3,30.8,22.13,22.33,23.84,23.01,25.64,16.4,15.7,18.1,18.9,21.0,17.2,17.39,13.59,13.56,20.54
BNG,2025-06-02,60.86,53.14,60.86,78.86,70.14,0.8,-0.2,-0.1,-6.5,3.3,1.1,1.0,61.4,76.7,26.5,1.0,0.0,0.1,4.3,14.1,8.1,7.5,8.9,25.5,16.6,25.8,30.7,27.9,27.5,31.3,20.0,22.13,21.3,23.37,25.33,13.9,16.4,15.8,19.2,20.8,14.57,17.2,14.23,16.64,16.43
BNG,2025-06-09,50.71,60.86,59.0,67.43,83.57,-0.2,0.8,-0.2,-9.9,45.3,1.0,1.1,5.3,75.4,72.6,0.0,1.0,0.0,0.9,56.1,7.4,8.1,7.8,12.9,27.1,26.9,25.8,28.9,30.6,28.3,20.14,20.0,22.33,23.84,23.01,13.4,13.9,15.7,18.1,18.9,15.51,14.57,17.39,13.59,13.56
BNG,2025-06-16,47.29,50.71,53.14,60.86,78.86,-0.2,-0.2,-0.2,-0.1,-6.5,1.0,1.0,1.0,61.4,76.7,0.0,0.0,0.0,0.1,4.3,7.4,7.4,7.5,8.9,25.5,28.4,26.9,30.7,27.9,27.5,19.9,20.14,22.13,21.3,23.37,13.4,13.4,16.4,15.8,19.2,17.61,15.51,17.2,14.23,16.64
BNG,2025-06-23,47.57,47.29,60.86,59.0,67.43,-0.2,-0.2,0.8,-0.2,-9.9,1.0,1.0,1.1,5.3,75.4,0.0,0.0,1.0,0.0,0.9,7.4,7.4,8.1,7.8,12.9,29.3,28.4,25.8,28.9,30.6,19.93,19.9,20.0,22.33,23.84,12.6,13.4,13.9,15.7,18.1,14.91,17.61,14.57,17.39,13.59
BNG,2025-06-30,49.43,47.57,50.71,53.14,60.86,-0.2,-0.2,-0.2,-0.2,-0.1,0.0,1.0,1.0,1.0,61.4,0.0,0.0,0.0,0.0,0.1,7.4,7.4,7.4,7.5,8.9,27.2,29.3,26.9,30.7,27.9,19.3,19.93,20.14,22.13,21.3,12.3,12.6,13.4,16.4,15.8,17.54,14.91,15.51,17.2,14.23
BNG,2025-07-07,51.86,49.43,47.29,60.86,59.0,0.0,-0.2,-0.2,0.8,-0.2,0.2,0.0,1.0,1.1,5.3,0.2,0.0,0.0,1.0,0.0,7.3,7.4,7.4,8.1,7.8,27.9,27.2,28.4,25.8,28.9,20.57,19.3,19.9,20.0,22.33,14.0,12.3,13.4,13.9,15.7,17.06,17.54,17.61,14.57,17.39
BNG,2025-07-14,46.71,51.86,47.57,50.71,53.14,-0.0,0.0,-0.2,-0.2,-0.2,0.2,0.2,1.0,1.0,1.0,0.0,0.2,0.0,0.0,0.0,7.4,7.3,7.4,7.4,7.5,28.7,27.9,29.3,26.9,30.7,19.46,20.57,19.93,20.14,22.13,12.1,14.0,12.6,13.4,16.4,14.93,17.06,14.91,15.51,17.2
BNG,2025-07-21,50.86,46.71,49.43,47.29,60.86,-0.0,-0.0,-0.2,-0.2,0.8,0.2,0.2,0.0,1.0,1.1,0.0,0.0,0.0,0.0,1.0,7.3,7.4,7.4,7.4,8.1,26.2,28.7,27.2,28.4,25.8,20.26,19.46,19.3,19.9,20.0,14.2,12.1,12.3,13.4,13.9,17.7,14.93,17.54,17.61,14.57
BNG,2025-07-28,51.14,50.86,51.86,47.57,50.71,0.1,-0.0,0.0,-0.2,-0.2,0.3,0.2,0.2,1.0,1.0,0.1,0.0,0.2,0.0,0.0,7.3,7.3,7.3,7.4,7.4,25.8,26.2,27.9,29.3,26.9,19.13,20.26,20.57,19.93,20.14,13.0,14.2,14.0,12.6,13.4,15.09,17.7,17.06,14.91,15.51
BNG,2025-08-04,46.0,51.14,46.71,49.43,47.29,-0.0,0.1,-0.0,-0.2,-0.2,0.1,0.3,0.2,0.0,1.0,0.0,0.1,0.0,0.0,0.0,7.4,7.3,7.4,7.4,7.4,26.6,25.8,28.7,27.2,28.4,18.77,19.13,19.46,19.3,19.9,11.8,13.0,12.1,12.3,13.4,18.09,15.09,14.93,17.54,17.61
BNG,2025-08-11,42.0,46.0,50.86,51.86,47.57,0.0,-0.0,-0.0,0.0,-0.2,0.1,0.1,0.2,0.2,1.0,0.0,0.0,0.0,0.2,0.0,7.3,7.4,7.3,7.3,7.4,27.3,26.6,26.2,27.9,29.3,19.5,18.77,20.26,20.57,19.93,12.0,11.8,14.2,14.0,12.6,18.8,18.09,17.7,17.06,14.91
BNG,2025-08-18,39.29,42.0,51.14,46.71,49.43,0.0,0.0,0.1,-0.0,-0.2,0.1,0.1,0.3,0.2,0.0,0.0,0.0,0.1,0.0,0.0,7.3,7.3,7.3,7.4,7.4,28.8,27.3,25.8,28.7,27.2,21.43,19.5,19.13,19.46,19.3,14.0,12.0,13.0,12.1,12.3,19.26,18.8,15.09,14.93,17.54
BNG,2025-08-25,37.71,39.29,46.0,50.86,51.86,0.0,0.0,-0.0,-0.0,0.0,0.0,0.1,0.1,0.2,0.2,0.0,0.0,0.0,0.0,0.2,7.3,7.3,7.4,7.3,7.3,30.9,28.8,26.6,26.2,27.9,22.29,21.43,18.77,20.26,20.57,15.0,14.0,11.8,14.2,14.0,16.2,19.26,18.09,17.7,17.06
BNG,2025-09-01,30.0,37.71,42.0,51.14,46.71,0.0,0.0,0.0,0.1,-0.0,0.0,0.0,0.1,0.3,0.2,0.0,0.0,0.0,0.1,0.0,7.3,7.3,7.3,7.3,7.4,31.5,30.9,27.3,25.8,28.7,24.31,22.29,19.5,19.13,19.46,16.7,15.0,12.0,13.0,12.1,20.49,16.2,18.8,15.09,14.93
BNG,2025-09-08,28.57,30.0,39.29,46.0,50.86,-0.0,0.0,0.0,-0.0,-0.0,0.0,0.0,0.1,0.1,0.2,0.0,0.0,0.0,0.0,0.0,7.3,7.3,7.3,7.4,7.3,32.7,31.5,28.8,26.6,26.2,24.6,24.31,21.43,18.77,20.26,15.1,16.7,14.0,11.8,14.2,17.59,20.49,19.26,18.09,17.7
BNG,2025-09-15,34.29,28.57,37.71,42.0,51.14,-0.0,-0.0,0.0,0.0,0.1,0.0,0.0,0.0,0.1,0.3,0.0,0.0,0.0,0.0,0.1,7.3,7.3,7.3,7.3,7.3,33.5,32.7,30.9,27.3,25.8,26.23,24.6,22.29,19.5,19.13,19.6,15.1,15.0,12.0,13.0,21.59,17.59,16.2,18.8,15.09
BNG,2025-09-22,30.0,34.29,30.0,39.29,46.0,-0.0,-0.0,0.0,0.0,-0.0,0.0,0.0,0.0,0.1,0.1,0.0,0.0,0.0,0.0,0.0,7.3,7.3,7.3,7.3,7.4,37.2,33.5,31.5,28.8,26.6,27.5,26.23,24.31,21.43,18.77,19.7,19.6,16.7,14.0,11.8,22.4,21.59,20.49,19.26,18.09
BNG,2025-09-29,37.0,30.0,28.57,37.71,42.0,-0.0,-0.0,-0.0,0.0,0.0,0.0,0.0,0.0,0.0,0.1,0.0,0.0,0.0,0.0,0.0,7.3,7.3,7.3,7.3,7.3,35.1,37.2,32.7,30.9,27.3,27.96,27.5,24.6,22.29,19.5,21.3,19.7,15.1,15.0,12.0,27.59,22.4,17.59,16.2,18.8
BNG,2025-10-06,39.57,37.0,34.29,30.0,39.29,0.1,-0.0,-0.0,0.0,0.0,0.1,0.0,0.0,0.0,0.1,0.1,0.0,0.0,0.0,0.0,7.3,7.3,7.3,7.3,7.3,34.0,35.1,33.5,31.5,28.8,26.89,27.96,26.23,24.31,21.43,20.8,21.3,19.6,16.7,14.0,20.81,27.59,21.59,20.49,19.26
BNG,2025-10-13,34.43,39.57,30.0,28.57,37.71,-1.8,0.1,-0.0,-0.0,0.0,0.4,0.1,0.0,0.0,0.0,0.3,0.1,0.0,0.0,0.0,7.3,7.3,7.3,7.3,7.3,35.8,34.0,37.2,32.7,30.9,28.43,26.89,27.5,24.6,22.29,22.3,20.8,19.7,15.1,15.0,23.59,20.81,22.4,17.59,16.2
BNG,2025-10-20,31.57,34.43,37.0,34.29,30.0,-2.1,-1.8,-0.0,-0.0,0.0,0.4,0.4,0.0,0.0,0.0,0.0,0.3,0.0,0.0,0.0,7.1,7.3,7.3,7.3,7.3,36.2,35.8,35.1,33.5,31.5,30.14,28.43,27.96,26.23,24.31,24.4,22.3,21.3,19.6,16.7,24.66,23.59,27.59,21.59,20.49
BNG,2025-10-27,50.14,31.57,39.57,30.0,28.57,6.0,-2.1,0.1,-0.0,-0.0,8.5,0.4,0.1,0.0,0.0,8.1,0.0,0.1,0.0,0.0,11.2,7.1,7.3,7.3,7.3,37.8,36.2,34.0,37.2,32.7,26.86,30.14,26.89,27.5,24.6,19.2,24.4,20.8,19.7,15.1,23.47,24.66,20.81,22.4,17.59
BNG,2025-11-03,33.14,50.14,34.43,37.0,34.29,-1.9,6.0,-1.8,-0.0,-0.0,8.6,8.5,0.4,0.0,0.0,0.2,8.1,0.3,0.0,0.0,7.3,11.2,7.3,7.3,7.3,38.4,37.8,35.8,35.1,33.5,31.74,26.86,28.43,27.96,26.23,24.1,19.2,22.3,21.3,19.6,26.59,23.47,23.59,27.59,21.59
BNG,2025-11-10,60.71,33.14,31.57,39.57,30.0,14.2,-1.9,-2.1,0.1,-0.0,43.2,8.6,0.4,0.1,0.0,34.9,0.2,0.0,0.1,0.0,13.2,7.3,7.1,7.3,7.3,34.8,38.4,36.2,34.0,37.2,26.79,31.74,30.14,26.89,27.5,21.9,24.1,24.4,20.8,19.7,18.97,26.59,24.66,20.81,22.4
BNG,2025-11-17,75.14,60.71,50.14,34.43,37.0,33.3,14.2,6.0,-1.8,-0.0,97.2,43.2,8.5,0.4,0.0,54.0,34.9,8.1,0.3,0.0,17.4,13.2,11.2,7.3,7.3,30.5,34.8,37.8,35.8,35.1,24.86,26.79,26.86,28.43,27.96,20.6,21.9,19.2,22.3,21.3,20.33,18.97,23.47,23.59,27.59
BNG,2025-11-24,72.86,75.14,33.14,31.57,39.57,9.6,33.3,-1.9,-2.1,0.1,119.4,97.2,8.6,0.4,0.1,30.3,54.0,0.2,0.0,0.1,26.2,17.4,7.3,7.1,7.3,32.6,30.5,38.4,36.2,34.0,24.73,24.86,31.74,30.14,26.89,20.0,20.6,24.1,24.4,20.8,18.67,20.33,26.59,24.66,20.81
BNG,2025-12-01,63.86,72.86,60.71,50.14,34.43,-12.6,9.6,14.2,6.0,-1.8,127.3,119.4,43.2,8.5,0.4,8.1,30.3,34.9,8.1,0.3,10.3,26.2,13.2,11.2,7.3,34.5,32.6,34.8,37.8,35.8,26.86,24.73,26.79,26.86,28.43,21.8,20.0,21.9,19.2,22.3,17.94,18.67,18.97,23.47,23.59
BNG,2025-12-08,58.86,63.86,75.14,33.14,31.57,-35.9,-12.6,33.3,-1.9,-2.1,100.5,127.3,97.2,8.6,0.4,8.1,8.1,54.0,0.2,0.0,4.9,10.3,17.4,7.3,7.1,33.9,34.5,30.5,38.4,36.2,27.8,26.86,24.86,31.74,30.14,22.3,21.8,20.6,24.1,24.4,20.21,17.94,20.33,26.59,24.66
BNG,2025-12-15,77.0,58.86,72.86,60.71,50.14,28.9,-35.9,9.6,14.2,6.0,119.4,100.5,119.4,43.2,8.5,72.9,8.1,30.3,34.9,8.1,25.2,4.9,26.2,13.2,11.2,31.0,33.9,32.6,34.8,37.8,25.11,27.8,24.73,26.79,26.86,20.4,22.3,20.0,21.9,19.2,18.73,20.21,18.67,18.97,23.47
BNG,2025-12-22,84.29,77.0,63.86,75.14,33.14,44.3,28.9,-12.6,33.3,-1.9,177.4,119.4,127.3,97.2,8.6,88.3,72.9,8.1,54.0,0.2,35.1,25.2,10.3,17.4,7.3,28.6,31.0,34.5,30.5,38.4,24.39,25.11,26.86,24.86,31.74,21.3,20.4,21.8,20.6,24.1,18.0,18.73,17.94,20.33,26.59
BNG,2025-12-29,82.57,84.29,58.86,72.86,60.71,39.3,44.3,-35.9,9.6,14.2,252.6,177.4,100.5,119.4,43.2,83.3,88.3,8.1,30.3,34.9,37.3,35.1,4.9,26.2,13.2,30.5,28.6,33.9,32.6,34.8,25.07,24.39,27.8,24.73,26.79,21.3,21.3,22.3,20.0,21.9,13.81,18.0,20.21,18.67,18.97
CHP,2024-01-08,79.57,,,,,-23.0,,,,,,,,,,15.5,,,,,42.2,,,,,27.9,,,,,20.81,,,,,14.9,,,,,16.36,,,,
CHP,2024-01-15,78.0,79.57,,,,-31.2,-23.0,,,,,,,,,7.3,15.5,,,,30.3,42.2,,,,29.6,27.9,,,,23.19,20.81,,,,16.7,14.9,,,,20.37,16.36,,,
CHP,2024-01-22,78.29,78.0,,,,7.3,-31.2,,,,,,,,,45.8,7.3,,,,33.0,30.3,,,,30.9,29.6,,,,21.23,23.19,,,,14.5,16.7,,,,21.97,20.37,,,
CHP,2024-01-29,72.0,78.29,79.57,,,-34.8,7.3,-23.0,,,72.3,,,,,3.7,45.8,15.5,,,30.3,33.0,42.2,,,27.5,30.9,27.9,,,20.53,21.23,20.81,,,14.3,14.5,14.9,,,15.41,21.97,16.36,,
CHP,2024-02-05,79.0,72.0,78.0,,,-12.8,-34.8,-31.2,,,82.5,72.3,,,,25.7,3.7,7.3,,,28.7,30.3,30.3,,,28.6,27.5,29.6,,,20.73,20.53,23.19,,,15.0,14.3,16.7,,,16.94,15.41,20.37,,
CHP,2024-02-12,69.43,79.0,78.29,79.57,,-4.9,-12.8,7.3,-23.0,,100.2,82.5,,,,25.0,25.7,45.8,15.5,,29.5,28.7,33.0,42.2,,32.5,28.6,30.9,27.9,,23.76,20.73,21.23,20.81,,17.1,15.0,14.5,14.9,,16.17,16.94,21.97,16.36,
CHP,2024-02-19,65.57,69.43,72.0,78.0,,-29.0,-4.9,-34.8,-31.2,,55.3,100.2,72.3,,,0.9,25.0,3.7,7.3,,27.3,29.5,30.3,30.3,,34.0,32.5,27.5,29.6,,22.51,23.76,20.53,23.19,,14.0,17.1,14.3,16.7,,18.43,16.17,15.41,20.37,
CHP,2024-02-26,67.57,65.57,79.0,78.29,79.57,-28.1,-29.0,-12.8,7.3,-23.0,53.4,55.3,82.5,,,1.8,0.9,25.7,45.8,15.5,21.3,27.3,28.7,33.0,42.2,34.2,34.0,28.6,30.9,27.9,23.24,22.51,20.73,21.23,20.81,15.3,14.0,15.0,14.5,14.9,19.26,18.43,16.94,21.97,16.36
CHP,2024-03-04,79.57,67.57,69.43,72.0,78.0,-14.2,-28.1,-4.9,-34.8,-31.2,43.4,53.4,100.2,72.3,,15.7,1.8,25.0,3.7,7.3,33.5,21.3,29.5,30.3,30.3,30.3,34.2,32.5,27.5,29.6,20.24,23.24,23.76,20.53,23.19,14.3,15.3,17.1,14.3,16.7,19.76,19.26,16.17,15.41,20.37
CHP,2024-03-11,68.14,79.57,65.57,79.0,78.29,-14.7,-14.2,-29.0,-12.8,7.3,20.2,43.4,55.3,82.5,,1.8,15.7,0.9,25.7,45.8,25.1,33.5,27.3,28.7,33.0,33.6,30.3,34.0,28.6,30.9,24.53,20.24,22.51,20.73,21.23,17.3,14.3,14.0,15.0,14.5,17.16,19.76,18.43,16.94,21.97
CHP,2024-03-18,80.29,68.14,67.57,69.43,72.0,7.3,-14.7,-28.1,-4.9,-34.8,43.1,20.2,53.4,100.2,72.3,23.8,1.8,1.8,25.0,3.7,34.4,25.1,21.3,29.5,30.3,31.7,33.6,34.2,32.5,27.5,22.56,24.53,23.24,23.76,20.53,16.8,17.3,15.3,17.1,14.3,20.53,17.16,19.26,16.17,15.41
CHP,2024-03-25,81.57,80.29,79.57,65.57,79.0,-8.3,7.3,-14.2,-29.0,-12.8,49.5,43.1,43.4,55.3,82.5,8.2,23.8,15.7,0.9,25.7,30.2,34.4,33.5,27.3,28.7,26.6,31.7,30.3,34.0,28.6,20.77,22.56,20.24,22.51,20.73,15.6,16.8,14.3,14.0,15.0,20.67,20.53,19.76,18.43,16.94
CHP,2024-04-01,82.86,81.57,68.14,67.57,69.43,-3.7,-8.3,-14.7,-28.1,-4.9,46.6,49.5,20.2,53.4,100.2,12.8,8.2,1.8,1.8,25.0,29.8,30.2,25.1,21.3,29.5,26.2,26.6,33.6,34.2,32.5,19.7,20.77,24.53,23.24,23.76,14.2,15.6,17.3,15.3,17.1,18.27,20.67,17.16,19.26,16.17
CHP,2024-04-08,83.43,82.86,80.29,79.57,65.57,22.4,-3.7,7.3,-14.2,-29.0,80.1,46.6,43.1,43.4,55.3,35.3,12.8,23.8,15.7,0.9,30.6,29.8,34.4,33.5,27.3,29.3,26.2,31.7,30.3,34.0,20.64,19.7,22.56,20.24,22.51,14.6,14.2,16.8,14.3,14.0,16.66,18.27,20.53,19.76,18.43
CHP,2024-04-15,84.14,83.43,81.57,68.14,67.57,-2.1,22.4,-8.3,-14.7,-28.1,67.1,80.1,49.5,20.2,53.4,10.8,35.3,8.2,1.8,1.8,39.5,30.6,30.2,25.1,21.3,28.9,29.3,26.6,33.6,34.2,18.79,20.64,20.77,24.53,23.24,14.1,14.6,15.6,17.3,15.3,20.41,16.66,20.67,17.16,19.26
CHP,2024-04-22,75.43,84.14,82.86,80.29,79.57,-12.6,-2.1,-3.7,7.3,-14.2,59.2,67.1,46.6,43.1,43.4,0.3,10.8,12.8,23.8,15.7,29.6,39.5,29.8,34.4,33.5,25.1,28.9,26.2,31.7,30.3,18.34,18.79,19.7,22.56,20.24,13.4,14.1,14.2,16.8,14.3,17.0,20.41,18.27,20.53,19.76
CHP,2024-04-29,71.29,75.43,83.43,81.57,68.14,-9.1,-12.6,22.4,-8.3,-14.7,50.2,59.2,80.1,49.5,20.2,3.8,0.3,35.3,8.2,1.8,23.0,29.6,30.6,30.2,25.1,29.6,25.1,29.3,26.6,33.6,19.16,18.34,20.64,20.77,24.53,11.4,13.4,14.6,15.6,17.3,17.83,17.0,16.66,20.67,17.16
CHP,2024-05-06,66.29,71.29,84.14,82.86,80.29,-12.6,-9.1,-2.1,-3.7,7.3,15.2,50.2,67.1,46.6,43.1,0.3,3.8,10.8,12.8,23.8,22.7,23.0,39.5,29.8,34.4,26.0,29.6,28.9,26.2,31.7,18.2,19.16,18.79,19.7,22.56,11.2,11.4,14.1,14.2,16.8,16.19,17.83,20.41,18.27,20.53
CHP,2024-05-13,70.43,66.29,75.43,83.43,81.57,-0.9,-12.6,-12.6,22.4,-8.3,4.4,15.2,59.2,80.1,49.5,0.0,0.3,0.3,35.3,8.2,20.4,22.7,29.6,30.6,30.2,28.2,26.0,25.1,29.3,26.6,18.41,18.2,18.34,20.64,20.77,10.3,11.2,13.4,14.6,15.6,16.93,16.19,17.0,16.66,20.67
CHP,2024-05-20,71.0,70.43,71.29,84.14,82.86,2.3,-0.9,-9.1,-2.1,-3.7,7.3,4.4,50.2,67.1,46.6,3.2,0.0,3.8,10.8,12.8,21.2,20.4,23.0,39.5,29.8,24.3,28.2,29.6,28.9,26.2,17.11,18.41,19.16,18.79,19.7,10.6,10.3,11.4,14.1,14.2,16.46,16.93,17.83,20.41,18.27
CHP,2024-05-27,73.71,71.0,66.29,75.43,83.43,-0.9,2.3,-12.6,-12.6,22.4,3.5,7.3,15.2,59.2,80.1,0.0,3.2,0.3,0.3,35.3,20.5,21.2,22.7,29.6,30.6,23.1,24.3,26.0,25.1,29.3,16.54,17.11,18.2,18.34,20.64,10.2,10.6,11.2,13.4,14.6,16.64,16.46,16.19,17.0,16.66
CHP,2024-06-03,66.86,73.71,70.43,71.29,84.14,-0.8,-0.9,-0.9,-9.1,-2.1,3.3,3.5,4.4,50.2,67.1,0.1,0.0,0.0,3.8,10.8,20.8,20.5,20.4,23.0,39.5,27.0,23.1,28.2,29.6,28.9,17.21,16.54,18.41,19.16,18.79,9.2,10.2,10.3,11.4,14.1,13.67,16.64,16.93,17.83,20.41
CHP,2024-06-10,51.14,66.86,71.0,66.29,75.43,-2.2,-0.8,2.3,-12.6,-12.6,4.7,3.3,7.3,15.2,59.2,1.4,0.1,3.2,0.3,0.3,19.9,20.8,21.2,22.7,29.6,30.6,27.0,24.3,26.0,25.1,18.53,17.21,17.11,18.2,18.34,9.3,9.2,10.6,11.2,13.4,20.86,13.67,16.46,16.19,17.0
CHP,2024-06-17,75.71,51.14,73.71,70.43,71.29,5.0,-2.2,-0.9,-0.9,-9.1,10.1,4.7,3.5,4.4,50.2,8.6,1.4,0.0,0.0,3.8,22.1,19.9,20.5,20.4,23.0,21.0,30.6,23.1,28.2,29.6,13.81,18.53,16.54,18.41,19.16,8.0,9.3,10.2,10.3,11.4,15.71,20.86,16.64,16.93,17.83
CHP,2024-06-24,66.14,75.71,66.86,71.0,66.29,-1.4,5.0,-0.8,2.3,-12.6,12.3,10.1,3.3,7.3,15.2,2.2,8.6,0.1,3.2,0.3,25.7,22.1,20.8,21.2,22.7,23.4,21.0,27.0,24.3,26.0,15.67,13.81,17.21,17.11,18.2,9.5,8.0,9.2,10.6,11.2,17.01,15.71,13.67,16.46,16.19
CHP,2024-07-01,81.29,66.14,51.14,73.71,70.43,11.5,-1.4,-2.2,-0.9,-0.9,27.3,12.3,4.7,3.5,4.4,15.1,2.2,1.4,0.0,0.0,31.0,25.7,19.9,20.5,20.4,21.3,23.4,30.6,23.1,28.2,14.17,15.67,18.53,16.54,18.41,8.5,9.5,9.3,10.2,10.3,17.67,17.01,20.86,16.64,16.93
CHP,2024-07-08,50.86,81.29,75.71,66.86,71.0,-1.4,11.5,5.0,-0.8,2.3,25.9,27.3,10.1,3.3,7.3,0.0,15.1,8.6,0.1,3.2,27.3,31.0,22.1,20.8,21.2,25.8,21.3,21.0,27.0,24.3,15.14,14.17,13.81,17.21,17.11,5.1,8.5,8.0,9.2,10.6,11.63,17.67,15.71,13.67,16.46
CHP,2024-07-15,36.71,50.86,66.14,51.14,73.71,-1.4,-1.4,-1.4,-2.2,-0.9,17.3,25.9,12.3,4.7,3.5,0.0,0.0,2.2,1.4,0.0,22.3,27.3,25.7,19.9,20.5,27.4,25.8,23.4,30.6,23.1,18.33,15.14,15.67,18.53,16.54,7.6,5.1,9.5,9.3,10.2,13.71,11.63,17.01,20.86,16.64
CHP,2024-07-22,56.71,36.71,81.29,75.71,66.86,-1.4,-1.4,11.5,5.0,-0.8,15.1,17.3,27.3,10.1,3.3,0.0,0.0,15.1,8.6,0.1,20.1,22.3,31.0,22.1,20.8,27.2,27.4,21.3,21.0,27.0,18.44,18.33,14.17,13.81,17.21,10.3,7.6,8.5,8.0,9.2,15.77,13.71,17.67,15.71,13.67
CHP,2024-07-29,54.71,56.71,50.86,66.14,51.14,-1.4,-1.4,-1.4,-1.4,-2.2,0.0,15.1,25.9,12.3,4.7,0.0,0.0,0.0,2.2,1.4,19.3,20.1,27.3,25.7,19.9,29.7,27.2,25.8,23.4,30.6,19.21,18.44,15.14,15.67,18.53,9.4,10.3,5.1,9.5,9.3,15.07,15.77,11.63,17.01,20.86
CHP,2024-08-05,64.57,54.71,36.71,81.29,75.71,-1.4,-1.4,-1.4,11.5,5.0,0.0,0.0,17.3,27.3,10.1,0.0,0.0,0.0,15.1,8.6,19.2,19.3,22.3,31.0,22.1,29.0,29.7,27.4,21.3,21.0,17.4,19.21,18.33,14.17,13.81,9.7,9.4,7.6,8.5,8.0,18.74,15.07,13.71,17.67,15.71
CHP,2024-08-12,57.86,64.57,56.71,50.86,66.14,-0.6,-1.4,-1.4,-1.4,-1.4,1.4,0.0,15.1,25.9,12.3,1.4,0.0,0.0,0.0,2.2,19.8,19.2,20.1,27.3,25.7,32.1,29.0,27.2,25.8,23.4,19.47,17.4,18.44,15.14,15.67,11.8,9.7,10.3,5.1,9.5,19.87,18.74,15.77,11.63,17.01
CHP,2024-08-19,53.57,57.86,54.71,36.71,81.29,-1.9,-0.6,-1.4,-1.4,11.5,1.5,1.4,0.0,17.3,27.3,0.1,1.4,0.0,0.0,15.1,19.4,19.8,19.3,22.3,31.0,30.6,32.1,29.7,27.4,21.3,18.7,19.47,19.21,18.33,14.17,7.8,11.8,9.4,7.6,8.5,19.99,19.87,15.07,13.71,17.67
CHP,2024-08-26,64.57,53.57,64.57,56.71,50.86,3.1,-1.9,-1.4,-1.4,-1.4,6.6,1.5,0.0,15.1,25.9,5.1,0.1,0.0,0.0,0.0,21.2,19.4,19.2,20.1,27.3,24.9,30.6,29.0,27.2,25.8,16.3,18.7,17.4,18.44,15.14,9.5,7.8,9.7,10.3,5.1,19.99,19.99,18.74,15.77,11.63
CHP,2024-09-02,63.0,64.57,57.86,54.71,36.71,5.3,3.1,-0.6,-1.4,-1.4,13.9,6.6,1.4,0.0,17.3,7.3,5.1,1.4,0.0,0.0,22.3,21.2,19.8,19.3,22.3,31.2,24.9,32.1,29.7,27.4,17.46,16.3,19.47,19.21,18.33,8.3,9.5,11.8,9.4,7.6,21.01,19.99,19.87,15.07,13.71
CHP,2024-09-09,67.29,63.0,53.57,64.57,56.71,-3.5,5.3,-1.9,-1.4,-1.4,12.7,13.9,1.5,0.0,15.1,0.2,7.3,0.1,0.0,0.0,21.9,22.3,19.4,19.2,20.1,30.6,31.2,30.6,29.0,27.2,17.07,17.46,18.7,17.4,18.44,7.0,8.3,7.8,9.7,10.3,20.03,21.01,19.99,18.74,15.77
CHP,2024-09-16,61.14,67.29,64.57,57.86,54.71,0.6,-3.5,3.1,-0.6,-1.4,16.9,12.7,6.6,1.4,0.0,4.3,0.2,5.1,1.4,0.0,21.2,21.9,21.2,19.8,19.3,33.5,30.6,24.9,32.1,29.7,21.39,17.07,16.3,19.47,19.21,14.4,7.0,9.5,11.8,9.4,24.29,20.03,19.99,19.87,15.07
CHP,2024-09-23,62.43,61.14,63.0,53.57,64.57,3.2,0.6,5.3,-1.9,-1.4,18.7,16.9,13.9,1.5,0.0,6.9,4.3,7.3,0.1,0.0,21.7,21.2,22.3,19.4,19.2,35.2,33.5,31.2,30.6,29.0,20.37,21.39,17.46,18.7,17.4,12.4,14.4,8.3,7.8,9.7,23.0,24.29,21.01,19.99,18.74
CHP,2024-09-30,63.14,62.43,67.29,64.57,57.86,-2.1,3.2,-3.5,3.1,-0.6,13.0,18.7,12.7,6.6,1.4,1.6,6.9,0.2,5.1,1.4,24.7,21.7,21.9,21.2,19.8,34.7,35.2,30.6,24.9,32.1,20.41,20.37,17.07,16.3,19.47,10.7,12.4,7.0,9.5,11.8,19.43,23.0,20.03,19.99,19.87
CHP,2024-10-07,67.71,63.14,61.14,63.0,53.57,2.5,-2.1,0.6,5.3,-1.9,19.0,13.0,16.9,13.9,1.5,6.2,1.6,4.3,7.3,0.1,21.9,24.7,21.2,22.3,19.4,37.1,34.7,33.5,31.2,30.6,17.49,20.41,21.39,17.46,18.7,9.2,10.7,14.4,8.3,7.8,24.63,19.43,24.29,21.01,19.99
CHP,2024-10-14,56.71,67.71,62.43,67.29,64.57,-4.5,2.5,3.2,-3.5,3.1,14.7,19.0,18.7,12.7,6.6,0.0,6.2,6.9,0.2,5.1,20.3,21.9,21.7,21.9,21.2,29.6,37.1,35.2,30.6,24.9,19.73,17.49,20.37,17.07,16.3,11.9,9.2,12.4,7.0,9.5,23.14,24.63,23.0,20.03,19.99
CHP,2024-10-21,58.71,56.71,63.14,61.14,63.0,-1.7,-4.5,-2.1,0.6,5.3,10.6,14.7,13.0,16.9,13.9,2.8,0.0,1.6,4.3,7.3,20.2,20.3,24.7,21.2,22.3,33.3,29.6,34.7,33.5,31.2,19.96,19.73,20.41,21.39,17.46,10.5,11.9,10.7,14.4,8.3,21.33,23.14,19.43,24.29,21.01
CHP,2024-10-28,72.71,58.71,67.71,62.43,67.29,4.8,-1.7,2.5,3.2,-3.5,18.3,10.6,19.0,18.7,12.7,9.3,2.8,6.2,6.9,0.2,23.0,20.2,21.9,21.7,21.9,33.9,33.3,37.1,35.2,30.6,22.67,19.96,17.49,20.37,17.07,14.7,10.5,9.2,12.4,7.0,21.46,21.33,24.63,23.0,20.03
CHP,2024-11-04,69.86,72.71,56.71,63.14,61.14,2.7,4.8,-4.5,-2.1,0.6,19.3,18.3,14.7,13.0,16.9,7.2,9.3,0.0,1.6,4.3,29.2,23.0,20.3,24.7,21.2,34.3,33.9,29.6,34.7,33.5,22.53,22.67,19.73,20.41,21.39,13.9,14.7,11.9,10.7,14.4,23.74,21.46,23.14,19.43,24.29
CHP,2024-11-11,78.29,69.86,58.71,67.71,62.43,-23.6,2.7,-1.7,2.5,3.2,33.0,19.3,10.6,19.0,18.7,13.7,7.2,2.8,6.2,6.9,30.4,29.2,20.2,21.9,21.7,33.5,34.3,33.3,37.1,35.2,22.0,22.53,19.96,17.49,20.37,14.3,13.9,10.5,9.2,12.4,21.07,23.74,21.33,24.63,23.0
CHP,2024-11-18,74.57,78.29,72.71,56.71,63.14,30.2,-23.6,4.8,-4.5,-2.1,97.7,33.0,18.3,14.7,13.0,67.5,13.7,9.3,0.0,1.6,39.9,30.4,23.0,20.3,24.7,33.9,33.5,33.9,29.6,34.7,21.01,22.0,22.67,19.73,20.41,14.7,14.3,14.7,11.9,10.7,19.87,21.07,21.46,23.14,19.43
CHP,2024-11-25,63.29,74.57,69.86,58.71,67.71,-35.4,30.2,2.7,-1.7,2.5,90.3,97.7,19.3,10.6,19.0,1.9,67.5,7.2,2.8,6.2,26.6,39.9,29.2,20.2,21.9,32.8,33.9,34.3,33.3,37.1,23.01,21.01,22.53,19.96,17.49,15.3,14.7,13.9,10.5,9.2,17.8,19.87,23.74,21.33,24.63
CHP,2024-12-02,68.43,63.29,78.29,72.71,56.71,-19.9,-35.4,-23.6,4.8,-4.5,100.5,90.3,33.0,18.3,14.7,17.4,1.9,13.7,9.3,0.0,31.9,26.6,30.4,23.0,20.3,33.7,32.8,33.5,33.9,29.6,22.03,23.01,22.0,22.67,19.73,12.3,15.3,14.3,14.7,11.9,19.43,17.8,21.07,21.46,23.14
CHP,2024-12-09,57.86,68.43,74.57,69.86,58.71,-31.9,-19.9,30.2,2.7,-1.7,86.8,100.5,97.7,19.3,10.6,0.0,17.4,67.5,7.2,2.8,25.7,31.9,39.9,29.2,20.2,33.9,33.7,33.9,34.3,33.3,24.24,22.03,21.01,22.53,19.96,13.1,12.3,14.7,13.9,10.5,20.6,19.43,19.87,23.74,21.33
CHP,2024-12-16,50.14,57.86,63.29,78.29,72.71,-31.4,-31.9,-35.4,-23.6,4.8,19.8,86.8,90.3,33.0,18.3,0.5,0.0,1.9,13.7,9.3,23.4,25.7,26.6,30.4,23.0,37.2,33.9,32.8,33.5,33.9,25.86,24.24,23.01,22.0,22.67,17.5,13.1,15.3,14.3,14.7,20.61,20.6,17.8,21.07,21.46
CHP,2024-12-23,69.14,50.14,68.43,74.57,69.86,-20.8,-31.4,-19.9,30.2,2.7,29.0,19.8,100.5,97.7,19.3,11.1,0.5,17.4,67.5,7.2,30.2,23.4,31.9,39.9,29.2,33.6,37.2,33.7,33.9,34.3,24.54,25.86,22.03,21.01,22.53,18.8,17.5,12.3,14.7,13.9,18.67,20.61,19.43,19.87,23.74
CHP,2024-12-30,80.14,69.14,57.86,63.29,78.29,40.9,-20.8,-31.9,-35.4,-23.6,84.4,29.0,86.8,90.3,33.0,72.8,11.1,0.0,1.9,13.7,38.4,30.2,25.7,26.6,30.4,35.2,33.6,33.9,32.8,33.5,23.1,24.54,24.24,23.01,22.0,18.5,18.8,13.1,15.3,14.3,14.81,18.67,20.6,17.8,21.07
CHP,2025-01-06,82.86,80.14,50.14,68.43,74.57,-6.0,40.9,-31.4,-19.9,30.2,110.3,84.4,19.8,100.5,97.7,25.9,72.8,0.5,17.4,67.5,40.7,38.4,23.4,31.9,39.9,29.4,35.2,37.2,33.7,33.9,23.07,23.1,25.86,22.03,21.01,19.3,18.5,17.5,12.3,14.7,17.26,14.81,20.61,19.43,19.87
CHP,2025-01-13,79.57,82.86,69.14,57.86,63.29,0.4,-6.0,-20.8,-31.9,-35.4,148.7,110.3,29.0,86.8,90.3,38.9,25.9,11.1,0.0,1.9,42.7,40.7,30.2,25.7,26.6,30.8,29.4,33.6,33.9,32.8,23.39,23.07,24.54,24.24,23.01,19.1,19.3,18.8,13.1,15.3,14.31,17.26,18.67,20.6,17.8
CHP,2025-01-20,85.57,79.57,80.14,50.14,68.43,96.0,0.4,40.9,-31.4,-19.9,272.1,148.7,84.4,19.8,100.5,134.5,38.9,72.8,0.5,17.4,43.6,42.7,38.4,23.4,31.9,31.5,30.8,35.2,37.2,33.7,22.2,23.39,23.1,25.86,22.03,18.7,19.1,18.5,17.5,12.3,14.43,14.31,14.81,20.61,19.43
CHP,2025-01-27,87.71,85.57,82.86,69.14,57.86,27.5,96.0,-6.0,-20.8,-31.9,265.3,272.1,110.3,29.0,86.8,66.0,134.5,25.9,11.1,0.0,48.8,43.6,40.7,30.2,25.7,27.8,31.5,29.4,33.6,33.9,20.99,22.2,23.07,24.54,24.24,18.2,18.7,19.3,18.8,13.1,18.63,14.43,17.26,18.67,20.6
CHP,2025-02-03,75.0,87.71,79.57,80.14,50.14,-29.6,27.5,0.4,40.9,-31.4,248.3,265.3,148.7,84.4,19.8,8.9,66.0,38.9,72.8,0.5,42.5,48.8,42.7,38.4,23.4,29.6,27.8,30.8,35.2,37.2,21.46,20.99,23.39,23.1,25.86,15.5,18.2,19.1,18.5,17.5,16.03,18.63,14.31,14.81,20.61
CHP,2025-02-10,80.0,75.0,85.57,82.86,69.14,37.3,-29.6,96.0,-6.0,-20.8,276.6,248.3,272.1,110.3,29.0,67.2,8.9,134.5,25.9,11.1,33.0,42.5,43.6,40.7,30.2,28.9,29.6,31.5,29.4,33.6,21.9,21.46,22.2,23.07,24.54,16.5,15.5,18.7,19.3,18.8,16.56,16.03,14.43,17.26,18.67
CHP,2025-02-17,91.86,80.0,87.71,79.57,80.14,31.6,37.3,27.5,0.4,40.9,203.6,276.6,265.3,148.7,84.4,61.5,67.2,66.0,38.9,72.8,48.6,33.0,48.8,42.7,38.4,27.1,28.9,27.8,30.8,35.2,21.21,21.9,20.99,23.39,23.1,18.0,16.5,18.2,19.1,18.5,13.64,16.56,18.63,14.31,14.81
CHP,2025-02-24,86.43,91.86,75.0,85.57,82.86,0.5,31.6,-29.6,96.0,-6.0,168.0,203.6,248.3,272.1,110.3,30.4,61.5,8.9,134.5,25.9,39.6,48.6,42.5,43.6,40.7,27.4,27.1,29.6,31.5,29.4,22.4,21.21,21.46,22.2,23.07,18.6,18.0,15.5,18.7,19.3,12.99,13.64,16.03,14.43,17.26
CHP,2025-03-03,84.0,86.43,80.0,87.71,79.57,6.9,0.5,37.3,27.5,0.4,195.9,168.0,276.6,265.3,148.7,36.8,30.4,67.2,66.0,38.9,42.7,39.6,33.0,48.8,42.7,28.0,27.4,28.9,27.8,30.8,21.4,22.4,21.9,20.99,23.39,17.1,18.6,16.5,18.2,19.1,14.91,12.99,16.56,18.63,14.31
CHP,2025-03-10,82.0,84.0,91.86,75.0,85.57,-9.2,6.9,31.6,-29.6,96.0,136.0,195.9,203.6,248.3,272.1,7.3,36.8,61.5,8.9,134.5,33.2,42.7,48.6,42.5,43.6,27.8,28.0,27.1,29.6,31.5,21.69,21.4,21.21,21.46,22.2,16.7,17.1,18.0,15.5,18.7,14.14,14.91,13.64,16.03,14.43
CHP,2025-03-17,86.0,82.0,86.43,80.0,87.71,63.1,-9.2,0.5,37.3,27.5,154.1,136.0,168.0,276.6,265.3,79.6,7.3,30.4,67.2,66.0,43.3,33.2,39.6,33.0,48.8,27.4,27.8,27.4,28.9,27.8,19.67,21.69,22.4,21.9,20.99,15.8,16.7,18.6,16.5,18.2,18.04,14.14,12.99,16.56,18.63
CHP,2025-03-24,81.29,86.0,84.0,91.86,75.0,-7.9,63.1,6.9,31.6,-29.6,132.3,154.1,195.9,203.6,248.3,8.6,79.6,36.8,61.5,8.9,39.2,43.3,42.7,48.6,42.5,26.6,27.4,28.0,27.1,29.6,19.23,19.67,21.4,21.21,21.46,14.1,15.8,17.1,18.0,15.5,11.03,18.04,14.91,13.64,16.03
CHP,2025-03-31,78.43,81.29,82.0,86.43,80.0,-12.8,-7.9,-9.2,0.5,37.3,99.2,132.3,136.0,168.0,276.6,3.7,8.6,7.3,30.4,67.2,30.6,39.2,33.2,39.6,33.0,26.9,26.6,27.8,27.4,28.9,20.46,19.23,21.69,22.4,21.9,14.4,14.1,16.7,18.6,16.5,14.73,11.03,14.14,12.99,16.56
CHP,2025-04-07,80.86,78.43,86.0,84.0,91.86,-13.6,-12.8,63.1,6.9,31.6,94.8,99.2,154.1,195.9,203.6,2.9,3.7,79.6,36.8,61.5,28.7,30.6,43.3,42.7,48.6,28.1,26.9,27.4,28.0,27.1,20.37,20.46,19.67,21.4,21.21,14.6,14.4,15.8,17.1,18.0,16.94,14.73,18.04,14.91,13.64
CHP,2025-04-14,78.0,80.86,81.29,82.0,86.43,-1.3,-13.6,-7.9,-9.2,0.5,26.8,94.8,132.3,136.0,168.0,11.6,2.9,8.6,7.3,30.4,30.8,28.7,39.2,33.2,39.6,29.6,28.1,26.6,27.8,27.4,20.57,20.37,19.23,21.69,22.4,14.2,14.6,14.1,16.7,18.6,14.39,16.94,11.03,14.14,12.99
CHP,2025-04-21,85.29,78.0,78.43,86.0,84.0,26.4,-1.3,-12.8,63.1,6.9,57.5,26.8,99.2,154.1,195.9,39.3,11.6,3.7,79.6,36.8,40.4,30.8,30.6,43.3,42.7,26.7,29.6,26.9,27.4,28.0,18.36,20.57,20.46,19.67,21.4,13.2,14.2,14.4,15.8,17.1,14.49,14.39,14.73,18.04,14.91
CHP,2025-04-28,80.86,85.29,80.86,81.29,82.0,-9.2,26.4,-13.6,-7.9,-9.2,57.5,57.5,94.8,132.3,136.0,3.7,39.3,2.9,8.6,7.3,34.9,40.4,28.7,39.2,33.2,25.8,26.7,28.1,26.6,27.8,19.09,18.36,20.37,19.23,21.69,13.4,13.2,14.6,14.1,16.7,14.91,14.49,16.94,11.03,14.14
CHP,2025-05-05,79.29,80.86,78.0,78.43,86.0,-1.7,-9.2,-1.3,-12.8,63.1,65.8,57.5,26.8,99.2,154.1,11.2,3.7,11.6,3.7,79.6,29.8,34.9,30.8,30.6,43.3,27.7,25.8,29.6,26.9,27.4,18.19,19.09,20.57,20.46,19.67,12.2,13.4,14.2,14.4,15.8,13.81,14.91,14.39,14.73,18.04
CHP,2025-05-12,71.86,79.29,85.29,80.86,81.29,-0.9,-1.7,26.4,-13.6,-7.9,54.2,65.8,57.5,94.8,132.3,0.0,11.2,39.3,2.9,8.6,26.3,29.8,40.4,28.7,39.2,25.5,27.7,26.7,28.1,26.6,16.19,18.19,18.36,20.37,19.23,9.5,12.2,13.2,14.6,14.1,12.0,13.81,14.49,16.94,11.03
CHP,2025-05-19,79.0,71.86,80.86,78.0,78.43,0.6,-0.9,-9.2,-1.3,-12.8,16.4,54.2,57.5,26.8,99.2,1.5,0.0,3.7,11.6,3.7,30.0,26.3,34.9,30.8,30.6,23.8,25.5,25.8,29.6,26.9,16.1,16.19,19.09,20.57,20.46,10.9,9.5,13.4,14.2,14.4,14.76,12.0,14.91,14.39,14.73
CHP,2025-05-26,73.43,79.0,79.29,85.29,80.86,1.1,0.6,-1.7,26.4,-13.6,14.7,16.4,65.8,57.5,94.8,2.0,1.5,11.2,39.3,2.9,31.4,30.0,29.8,40.4,28.7,27.9,23.8,27.7,26.7,28.1,16.33,16.1,18.19,18.36,20.37,10.6,10.9,12.2,13.2,14.6,15.99,14.76,13.81,14.49,16.94
CHP,2025-06-02,71.14,73.43,71.86,80.86,78.0,-0.5,1.1,-0.9,-9.2,-1.3,3.9,14.7,54.2,57.5,26.8,0.4,2.0,0.0,3.7,11.6,34.9,31.4,26.3,34.9,30.8,22.5,27.9,25.5,25.8,29.6,15.2,16.33,16.19,19.09,20.57,10.1,10.6,9.5,13.4,14.2,11.44,15.99,12.0,14.91,14.39
CHP,2025-06-09,70.57,71.14,79.0,79.29,85.29,-2.5,-0.5,0.6,-1.7,26.4,5.0,3.9,16.4,65.8,57.5,1.1,0.4,1.5,11.2,39.3,30.2,34.9,30.0,29.8,40.4,23.5,22.5,23.8,27.7,26.7,15.83,15.2,16.1,18.19,18.36,9.9,10.1,10.9,12.2,13.2,11.36,11.44,14.76,13.81,14.49
CHP,2025-06-16,67.86,70.57,73.43,71.86,80.86,-2.4,-2.5,1.1,-0.9,-9.2,4.7,5.0,14.7,54.2,57.5,1.2,1.1,2.0,0.0,3.7,28.8,30.2,31.4,26.3,34.9,25.9,23.5,27.9,25.5,25.8,14.6,15.83,16.33,16.19,19.09,9.0,9.9,10.6,9.5,13.4,16.99,11.36,15.99,12.0,14.91
CHP,2025-06-23,69.57,67.86,71.14,79.0,79.29,-1.6,-2.4,-0.5,0.6,-1.7,4.7,4.7,3.9,16.4,65.8,2.0,1.2,0.4,1.5,11.2,30.6,28.8,34.9,30.0,29.8,23.7,25.9,22.5,23.8,27.7,15.96,14.6,15.2,16.1,18.19,10.5,9.0,10.1,10.9,12.2,12.0,16.99,11.44,14.76,13.81
CHP,2025-06-30,69.71,69.57,70.57,73.43,71.86,-2.8,-1.6,-2.5,1.1,-0.9,5.1,4.7,5.0,14.7,54.2,0.8,2.0,1.1,2.0,0.0,33.1,30.6,30.2,31.4,26.3,23.4,23.7,23.5,27.9,25.5,15.31,15.96,15.83,16.33,16.19,7.3,10.5,9.9,10.6,9.5,14.07,12.0,11.36,15.99,12.0
CHP,2025-07-07,64.14,69.71,67.86,71.14,79.0,-3.2,-2.8,-2.4,-0.5,0.6,4.4,5.1,4.7,3.9,16.4,0.4,0.8,1.2,0.4,1.5,33.8,33.1,28.8,34.9,30.0,24.6,23.4,25.9,22.5,23.8,15.93,15.31,14.6,15.2,16.1,9.3,7.3,9.0,10.1,10.9,14.39,14.07,16.99,11.44,14.76
CHP,2025-07-14,74.0,64.14,69.57,70.57,73.43,5.7,-3.2,-1.6,-2.5,1.1,10.3,4.4,4.7,5.0,14.7,7.1,0.4,2.0,1.1,2.0,35.4,33.8,30.6,30.2,31.4,24.1,24.6,23.7,23.5,27.9,14.51,15.93,15.96,15.83,16.33,8.7,9.3,10.5,9.9,10.6,17.29,14.39,12.0,11.36,15.99
CHP,2025-07-21,72.43,74.0,69.71,67.86,71.14,0.3,5.7,-2.8,-2.4,-0.5,10.0,10.3,5.1,4.7,3.9,1.7,7.1,0.8,1.2,0.4,34.8,35.4,33.1,28.8,34.9,22.9,24.1,23.4,25.9,22.5,14.69,14.51,15.31,14.6,15.2,8.1,8.7,7.3,9.0,10.1,14.36,17.29,14.07,16.99,11.44
CHP,2025-07-28,69.0,72.43,64.14,69.57,70.57,0.3,0.3,-3.2,-1.6,-2.5,10.9,10.0,4.4,4.7,5.0,1.7,1.7,0.4,2.0,1.1,36.4,34.8,33.8,30.6,30.2,22.4,22.9,24.6,23.7,23.5,14.59,14.69,15.93,15.96,15.83,8.9,8.1,9.3,10.5,9.9,13.94,14.36,14.39,12.0,11.36
CHP,2025-08-04,66.71,69.0,74.0,69.71,67.86,0.5,0.3,5.7,-2.8,-2.4,12.4,10.9,10.3,5.1,4.7,1.9,1.7,7.1,0.8,1.2,36.2,36.4,35.4,33.1,28.8,22.8,22.4,24.1,23.4,25.9,12.4,14.59,14.51,15.31,14.6,5.7,8.9,8.7,7.3,9.0,17.0,13.94,17.29,14.07,16.99
CHP,2025-08-11,69.57,66.71,72.43,64.14,69.57,-1.2,0.5,0.3,-3.2,-1.6,6.1,12.4,10.0,4.4,4.7,0.8,1.9,1.7,0.4,2.0,31.5,36.2,34.8,33.8,30.6,24.3,22.8,22.9,24.6,23.7,14.8,12.4,14.69,15.93,15.96,6.1,5.7,8.1,9.3,10.5,15.3,17.0,14.36,14.39,12.0
CHP,2025-08-18,66.29,69.57,69.0,74.0,69.71,-1.0,-1.2,0.3,5.7,-2.8,5.4,6.1,10.9,10.3,5.1,1.0,0.8,1.7,7.1,0.8,28.8,31.5,36.4,35.4,33.1,24.6,24.3,22.4,24.1,23.4,15.67,14.8,14.59,14.51,15.31,9.5,6.1,8.9,8.7,7.3,16.34,15.3,13.94,17.29,14.07
CHP,2025-08-25,47.43,66.29,66.71,72.43,64.14,-2.0,-1.0,0.5,0.3,-3.2,3.7,5.4,12.4,10.0,4.4,0.0,1.0,1.9,1.7,0.4,26.6,28.8,36.2,34.8,33.8,30.8,24.6,22.8,22.9,24.6,18.57,15.67,12.4,14.69,15.93,9.9,9.5,5.7,8.1,9.3,14.5,16.34,17.0,14.36,14.39
CHP,2025-09-01,45.43,47.43,69.57,69.0,74.0,-2.0,-2.0,-1.2,0.3,5.7,1.8,3.7,6.1,10.9,10.3,0.0,0.0,0.8,1.7,7.1,23.1,26.6,31.5,36.4,35.4,31.2,30.8,24.3,22.4,24.1,19.67,18.57,14.8,14.59,14.51,9.7,9.9,6.1,8.9,8.7,19.4,14.5,15.3,13.94,17.29
CHP,2025-09-08,55.0,45.43,66.29,66.71,72.43,-3.7,-2.0,-1.0,0.5,0.3,1.0,1.8,5.4,12.4,10.0,0.0,0.0,1.0,1.9,1.7,23.1,23.1,28.8,36.2,34.8,31.2,31.2,24.6,22.8,22.9,20.53,19.67,15.67,12.4,14.69,12.7,9.7,9.5,5.7,8.1,18.2,19.4,16.34,17.0,14.36
CHP,2025-09-15,50.0,55.0,47.43,69.57,69.0,-3.7,-3.7,-2.0,-1.2,0.3,0.0,1.0,3.7,6.1,10.9,0.0,0.0,0.0,0.8,1.7,23.1,23.1,26.6,31.5,36.4,28.6,31.2,30.8,24.3,22.4,20.56,20.53,18.57,14.8,14.59,11.7,12.7,9.9,6.1,8.9,20.87,18.2,14.5,15.3,13.94
CHP,2025-09-22,53.0,50.0,45.43,66.29,66.71,-3.7,-3.7,-2.0,-1.0,0.5,0.0,0.0,1.8,5.4,12.4,0.0,0.0,0.0,1.0,1.9,22.8,23.1,23.1,28.8,36.2,32.7,28.6,31.2,24.6,22.8,21.34,20.56,19.67,15.67,12.4,12.9,11.7,9.7,9.5,5.7,19.54,20.87,19.4,16.34,17.0
CHP,2025-09-29,70.14,53.0,55.0,47.43,69.57,1.1,-3.7,-3.7,-2.0,-1.2,4.8,0.0,1.0,3.7,6.1,4.8,0.0,0.0,0.0,0.8,24.3,22.8,23.1,26.6,31.5,33.1,32.7,31.2,30.8,24.3,20.5,21.34,20.53,18.57,14.8,12.4,12.9,12.7,9.9,6.1,19.79,19.54,18.2,14.5,15.3
CHP,2025-10-06,72.0,70.14,50.0,45.43,66.29,9.5,1.1,-3.7,-2.0,-1.0,18.0,4.8,0.0,1.8,5.4,13.2,4.8,0.0,0.0,1.0,26.9,24.3,23.1,23.1,28.8,27.7,33.1,28.6,31.2,24.6,17.73,20.5,20.56,19.67,15.67,10.5,12.4,11.7,9.7,9.5,19.07,19.79,20.87,19.4,16.34
CHP,2025-10-13,58.14,72.0,53.0,55.0,47.43,-4.5,9.5,-3.7,-3.7,-2.0,18.0,18.0,0.0,1.0,3.7,0.0,13.2,0.0,0.0,0.0,21.0,26.9,22.8,23.1,26.6,31.3,27.7,32.7,31.2,30.8,21.16,17.73,21.34,20.53,18.57,12.4,10.5,12.9,12.7,9.9,20.36,19.07,19.54,18.2,14.5
CHP,2025-10-20,65.86,58.14,70.14,50.0,45.43,-2.2,-4.5,1.1,-3.7,-2.0,20.3,18.0,4.8,0.0,1.8,2.3,0.0,4.8,0.0,0.0,20.0,21.0,24.3,23.1,23.1,31.8,31.3,33.1,28.6,31.2,21.91,21.16,20.5,20.56,19.67,14.6,12.4,12.4,11.7,9.7,21.8,20.36,19.79,20.87,19.4
CHP,2025-10-27,71.29,65.86,72.0,53.0,55.0,1.0,-2.2,9.5,-3.7,-3.7,21.0,20.3,18.0,0.0,1.0,5.5,2.3,13.2,0.0,0.0,26.4,20.0,26.9,22.8,23.1,34.2,31.8,27.7,32.7,31.2,19.26,21.91,17.73,21.34,20.53,12.1,14.6,10.5,12.9,12.7,17.44,21.8,19.07,19.54,18.2
CHP,2025-11-03,66.71,71.29,58.14,70.14,50.0,4.4,1.0,-4.5,1.1,-3.7,16.7,21.0,18.0,4.8,0.0,8.9,5.5,0.0,4.8,0.0,24.0,26.4,21.0,24.3,23.1,34.0,34.2,31.3,33.1,28.6,22.87,19.26,21.16,20.5,20.56,14.6,12.1,12.4,12.4,11.7,22.07,17.44,20.36,19.79,20.87
CHP,2025-11-10,81.86,66.71,65.86,72.0,53.0,3.6,4.4,-2.2,9.5,-3.7,57.6,16.7,20.3,18.0,0.0,40.9,8.9,2.3,13.2,0.0,36.8,24.0,20.0,26.9,22.8,26.2,34.0,31.8,27.7,32.7,19.73,22.87,21.91,17.73,21.34,15.8,14.6,14.6,10.5,12.9,21.69,22.07,21.8,19.07,19.54
CHP,2025-11-17,81.0,81.86,71.29,58.14,70.14,20.9,3.6,1.0,-4.5,1.1,113.5,57.6,21.0,18.0,4.8,58.2,40.9,5.5,0.0,4.8,42.4,36.8,26.4,21.0,24.3,28.4,26.2,34.2,31.3,33.1,20.56,19.73,19.26,21.16,20.5,15.3,15.8,12.1,12.4,12.4,18.33,21.69,17.44,20.36,19.79
CHP,2025-11-24,81.14,81.0,66.71,65.86,72.0,-17.0,20.9,4.4,-2.2,9.5,128.3,113.5,16.7,20.3,18.0,20.3,58.2,8.9,2.3,13.2,45.1,42.4,24.0,20.0,26.9,27.4,28.4,34.0,31.8,27.7,18.76,20.56,22.87,21.91,17.73,12.9,15.3,14.6,14.6,10.5,15.53,18.33,22.07,21.8,19.07
CHP,2025-12-01,84.14,81.14,81.86,71.29,58.14,41.5,-17.0,3.6,1.0,-4.5,198.2,128.3,57.6,21.0,18.0,78.8,20.3,40.9,5.5,0.0,46.3,45.1,36.8,26.4,21.0,29.2,27.4,26.2,34.2,31.3,21.47,18.76,19.73,19.26,21.16,16.4,12.9,15.8,12.1,12.4,15.51,15.53,21.69,17.44,20.36
CHP,2025-12-08,85.14,84.14,81.0,66.71,65.86,8.0,41.5,20.9,4.4,-2.2,197.2,198.2,113.5,16.7,20.3,39.9,78.8,58.2,8.9,2.3,48.3,46.3,42.4,24.0,20.0,27.2,29.2,28.4,34.0,31.8,20.2,21.47,20.56,22.87,21.91,15.3,16.4,15.3,14.6,14.6,17.14,15.51,18.33,22.07,21.8
CHP,2025-12-15,78.14,85.14,81.14,81.86,71.29,-16.1,8.0,-17.0,3.6,1.0,154.8,197.2,128.3,57.6,21.0,15.8,39.9,20.3,40.9,5.5,44.1,48.3,45.1,36.8,26.4,28.3,27.2,27.4,26.2,34.2,21.2,20.2,18.76,19.73,19.26,15.8,15.3,12.9,15.8,12.1,18.71,17.14,15.53,21.69,17.44
CHP,2025-12-22,86.86,78.14,84.14,81.0,66.71,17.1,-16.1,41.5,20.9,4.4,183.5,154.8,198.2,113.5,16.7,49.0,15.8,78.8,58.2,8.9,46.0,44.1,46.3,42.4,24.0,27.9,28.3,29.2,28.4,34.0,20.93,21.2,21.47,20.56,22.87,16.3,15.8,16.4,15.3,14.6,16.51,18.71,15.51,18.33,22.07
CHP,2025-12-29,88.71,86.86,85.14,81.14,81.86,68.5,17.1,8.0,-17.0,3.6,205.1,183.5,197.2,128.3,57.6,100.4,49.0,39.9,20.3,40.9,49.1,46.0,48.3,45.1,36.8,27.4,27.9,27.2,27.4,26.2,20.71,20.93,20.2,18.76,19.73,16.8,16.3,15.3,12.9,15.8,16.74,16.51,17.14,15.53,21.69
CHR,2024-01-08,74.0,,,,,-26.5,,,,,,,,,,21.1,,,,,30.0,,,,,32.1,,,,,24.61,,,,,19.5,,,,,16.44,,,,
CHR,2024-01-15,63.43,74.0,,,,-45.7,-26.5,,,,,,,,,1.9,21.1,,,,16.2,30.0,,,,35.4,32.1,,,,28.53,24.61,,,,20.2,19.5,,,,17.2,16.44,,,
CHR,2024-01-22,71.71,63.43,,,,153.2,-45.7,,,,,,,,,200.8,1.9,,,,29.1,16.2,,,,36.3,35.4,,,,25.0,28.53,,,,17.4,20.2,,,,19.26,17.2,,,
CHR,2024-01-29,65.71,71.71,74.0,,,-44.5,153.2,-26.5,,,226.9,,,,,3.1,200.8,21.1,,,21.0,29.1,30.0,,,32.1,36.3,32.1,,,24.71,25.0,24.61,,,17.1,17.4,19.5,,,15.1,19.26,16.44,,
CHR,2024-02-05,70.43,65.71,63.43,,,-23.5,-44.5,-45.7,,,229.9,226.9,,,,24.1,3.1,1.9,,,21.5,21.0,16.2,,,33.3,32.1,35.4,,,25.1,24.71,28.53,,,19.0,17.1,20.2,,,15.93,15.1,17.2,,
CHR,2024-02-12,63.57,70.43,71.71,74.0,,-8.3,-23.5,153.2,-26.5,,259.5,229.9,,,,31.5,24.1,200.8,21.1,,18.0,21.5,29.1,30.0,,36.9,33.3,36.3,32.1,,28.27,25.1,25.0,24.61,,21.9,19.0,17.4,19.5,,16.41,15.93,19.26,16.44,
CHR,2024-02-19,63.0,63.57,65.71,63.43,,-39.7,-8.3,-44.5,-45.7,,58.8,259.5,226.9,,,0.1,31.5,3.1,1.9,,22.1,18.0,21.0,16.2,,37.0,36.9,32.1,35.4,,26.46,28.27,24.71,28.53,,18.6,21.9,17.1,20.2,,13.64,16.41,15.1,17.2,
CHR,2024-02-26,52.0,63.0,70.43,71.71,74.0,-38.2,-39.7,-23.5,153.2,-26.5,57.3,58.8,229.9,,,1.6,0.1,24.1,200.8,21.1,12.2,22.1,21.5,29.1,30.0,38.6,37.0,33.3,36.3,32.1,28.93,26.46,25.1,25.0,24.61,19.9,18.6,19.0,17.4,19.5,17.09,13.64,15.93,19.26,16.44
CHR,2024-03-04,60.57,52.0,63.57,65.71,63.43,-35.6,-38.2,-8.3,-44.5,-45.7,37.4,57.3,259.5,226.9,,4.2,1.6,31.5,3.1,1.9,13.8,12.2,18.0,21.0,16.2,35.0,38.6,36.9,32.1,35.4,25.8,28.93,28.27,24.71,28.53,18.8,19.9,21.9,17.1,20.2,19.31,17.09,16.41,15.1,17.2
CHR,2024-03-11,49.71,60.57,63.0,70.43,71.71,-14.3,-35.6,-39.7,-23.5,153.2,6.0,37.4,58.8,229.9,,0.1,4.2,0.1,24.1,200.8,11.4,13.8,22.1,21.5,29.1,40.2,35.0,37.0,33.3,36.3,30.74,25.8,26.46,25.1,25.0,21.4,18.8,18.6,19.0,17.4,17.1,19.31,13.64,15.93,19.26
CHR,2024-03-18,63.71,49.71,52.0,63.57,65.71,0.5,-14.3,-38.2,-8.3,-44.5,20.8,6.0,57.3,259.5,226.9,14.9,0.1,1.6,31.5,3.1,14.0,11.4,12.2,18.0,21.0,39.3,40.2,38.6,36.9,32.1,28.24,30.74,28.93,28.27,24.71,22.0,21.4,19.9,21.9,17.1,20.41,17.1,17.09,16.41,15.1
CHR,2024-03-25,67.71,63.71,60.57,63.0,70.43,0.2,0.5,-35.6,-39.7,-23.5,33.8,20.8,37.4,58.8,229.9,14.6,14.9,4.2,0.1,24.1,15.3,14.0,13.8,22.1,21.5,34.0,39.3,35.0,37.0,33.3,25.96,28.24,25.8,26.46,25.1,20.3,22.0,18.8,18.6,19.0,20.61,20.41,19.31,13.64,15.93
CHR,2024-04-01,73.14,67.71,49.71,52.0,63.57,13.2,0.2,-14.3,-38.2,-8.3,57.2,33.8,6.0,57.3,259.5,27.6,14.6,0.1,1.6,31.5,19.9,15.3,11.4,12.2,18.0,30.0,34.0,40.2,38.6,36.9,23.86,25.96,30.74,28.93,28.27,18.1,20.3,21.4,19.9,21.9,17.01,20.61,17.1,17.09,16.41
CHR,2024-04-08,70.0,73.14,63.71,60.57,63.0,24.4,13.2,0.5,-35.6,-39.7,89.5,57.2,20.8,37.4,58.8,32.4,27.6,14.9,4.2,0.1,15.9,19.9,14.0,13.8,22.1,34.7,30.0,39.3,35.0,37.0,25.36,23.86,28.24,25.8,26.46,19.2,18.1,22.0,18.8,18.6,15.69,17.01,20.41,19.31,13.64
CHR,2024-04-15,71.71,70.0,67.71,49.71,52.0,-2.0,24.4,0.2,-14.3,-38.2,80.6,89.5,33.8,6.0,57.3,6.0,32.4,14.6,0.1,1.6,18.7,15.9,15.3,11.4,12.2,32.8,34.7,34.0,40.2,38.6,23.03,25.36,25.96,30.74,28.93,16.5,19.2,20.3,21.4,19.9,16.96,15.69,20.61,17.1,17.09
CHR,2024-04-22,60.86,71.71,73.14,63.71,60.57,-7.7,-2.0,13.2,0.5,-35.6,66.3,80.6,57.2,20.8,37.4,0.3,6.0,27.6,14.9,4.2,14.1,18.7,19.9,14.0,13.8,32.1,32.8,30.0,39.3,35.0,23.16,23.03,23.86,28.24,25.8,16.5,16.5,18.1,22.0,18.8,15.13,16.96,17.01,20.41,19.31
CHR,2024-04-29,56.43,60.86,70.0,67.71,49.71,-6.0,-7.7,24.4,0.2,-14.3,40.7,66.3,89.5,33.8,6.0,2.0,0.3,32.4,14.6,0.1,11.6,14.1,15.9,15.3,11.4,34.1,32.1,34.7,34.0,40.2,24.56,23.16,25.36,25.96,30.74,18.1,16.5,19.2,20.3,21.4,16.36,15.13,15.69,20.61,17.1
CHR,2024-05-06,52.71,56.43,71.71,73.14,63.71,-7.9,-6.0,-2.0,13.2,0.5,8.4,40.7,80.6,57.2,20.8,0.1,2.0,6.0,27.6,14.9,11.7,11.6,18.7,19.9,14.0,33.3,34.1,32.8,30.0,39.3,23.1,24.56,23.03,23.86,28.24,14.6,18.1,16.5,18.1,22.0,13.79,16.36,16.96,17.01,20.41
CHR,2024-05-13,53.57,52.71,60.86,70.0,67.71,-0.4,-7.9,-7.7,24.4,0.2,2.4,8.4,66.3,89.5,33.8,0.0,0.1,0.3,32.4,14.6,11.0,11.7,14.1,15.9,15.3,32.9,33.3,32.1,34.7,34.0,23.4,23.1,23.16,25.36,25.96,15.1,14.6,16.5,19.2,20.3,14.69,13.79,15.13,15.69,20.61
CHR,2024-05-20,61.29,53.57,56.43,71.71,73.14,1.7,-0.4,-6.0,-2.0,13.2,4.2,2.4,40.7,80.6,57.2,2.1,0.0,2.0,6.0,27.6,12.2,11.0,11.6,18.7,19.9,29.7,32.9,34.1,32.8,30.0,21.91,23.4,24.56,23.03,23.86,13.5,15.1,18.1,16.5,18.1,14.74,14.69,16.36,16.96,17.01
CHR,2024-05-27,59.57,61.29,52.71,60.86,70.0,-0.2,1.7,-7.9,-7.7,24.4,2.4,4.2,8.4,66.3,89.5,0.2,2.1,0.1,0.3,32.4,11.7,12.2,11.7,14.1,15.9,28.5,29.7,33.3,32.1,34.7,21.9,21.91,23.1,23.16,25.36,14.4,13.5,14.6,16.5,19.2,13.94,14.74,13.79,15.13,15.69
CHR,2024-06-03,52.0,59.57,53.57,56.43,71.71,-0.2,-0.2,-0.4,-6.0,-2.0,2.5,2.4,2.4,40.7,80.6,0.2,0.2,0.0,2.0,6.0,11.3,11.7,11.0,11.6,18.7,32.7,28.5,32.9,34.1,32.8,22.27,21.9,23.4,24.56,23.03,13.5,14.4,15.1,18.1,16.5,13.24,13.94,14.69,16.36,16.96
CHR,2024-06-10,34.43,52.0,61.29,52.71,60.86,-2.1,-0.2,1.7,-7.9,-7.7,2.5,2.5,4.2,8.4,66.3,0.0,0.2,2.1,0.1,0.3,11.0,11.3,12.2,11.7,14.1,35.2,32.7,29.7,33.3,32.1,21.71,22.27,21.91,23.1,23.16,11.0,13.5,13.5,14.6,16.5,19.26,13.24,14.74,13.79,15.13
CHR,2024-06-17,61.71,34.43,59.57,53.57,56.43,2.3,-2.1,-0.2,-0.4,-6.0,4.8,2.5,2.4,2.4,40.7,4.4,0.0,0.2,0.0,2.0,11.5,11.0,11.7,11.0,11.6,27.5,35.2,28.5,32.9,34.1,18.36,21.71,21.9,23.4,24.56,11.0,11.0,14.4,15.1,18.1,13.96,19.26,13.94,14.69,16.36
CHR,2024-06-24,57.71,61.71,52.0,61.29,52.71,-0.4,2.3,-0.2,1.7,-7.9,6.3,4.8,2.5,4.2,8.4,1.7,4.4,0.2,2.1,0.1,13.2,11.5,11.3,12.2,11.7,29.3,27.5,32.7,29.7,33.3,19.96,18.36,22.27,21.91,23.1,11.5,11.0,13.5,13.5,14.6,14.46,13.96,13.24,14.74,13.79
CHR,2024-07-01,65.43,57.71,34.43,59.57,53.57,5.2,-0.4,-2.1,-0.2,-0.4,13.4,6.3,2.5,2.4,2.4,7.3,1.7,0.0,0.2,0.0,14.7,13.2,11.0,11.7,11.0,27.0,29.3,35.2,28.5,32.9,18.93,19.96,21.71,21.9,23.4,11.2,11.5,11.0,14.4,15.1,17.07,14.46,19.26,13.94,14.69
CHR,2024-07-08,41.71,65.43,61.71,52.0,61.29,-0.7,5.2,2.3,-0.2,1.7,13.4,13.4,4.8,2.5,4.2,0.0,7.3,4.4,0.2,2.1,12.8,14.7,11.5,11.3,12.2,32.3,27.0,27.5,32.7,29.7,19.06,18.93,18.36,22.27,21.91,7.6,11.2,11.0,13.5,13.5,11.91,17.07,13.96,13.24,14.74
CHR,2024-07-15,30.29,41.71,57.71,34.43,59.57,-0.7,-0.7,-0.4,-2.1,-0.2,9.0,13.4,6.3,2.5,2.4,0.0,0.0,1.7,0.0,0.2,11.3,12.8,13.2,11.0,11.7,32.4,32.3,29.3,35.2,28.5,19.17,19.06,19.96,21.71,21.9,6.3,7.6,11.5,11.0,14.4,13.34,11.91,14.46,19.26,13.94
CHR,2024-07-22,47.29,30.29,65.43,61.71,52.0,-0.7,-0.7,5.2,2.3,-0.2,7.3,9.0,13.4,4.8,2.5,0.0,0.0,7.3,4.4,0.2,11.0,11.3,14.7,11.5,11.3,31.8,32.4,27.0,27.5,32.7,21.4,19.17,18.93,18.36,22.27,12.2,6.3,11.2,11.0,13.5,12.39,13.34,17.07,13.96,13.24
CHR,2024-07-29,49.29,47.29,41.71,57.71,34.43,-0.2,-0.7,-0.7,-0.4,-2.1,0.5,7.3,13.4,6.3,2.5,0.5,0.0,0.0,1.7,0.0,11.2,11.0,12.8,13.2,11.0,34.3,31.8,32.3,29.3,35.2,22.0,21.4,19.06,19.96,21.71,12.0,12.2,7.6,11.5,11.0,14.29,12.39,11.91,14.46,19.26
CHR,2024-08-05,51.71,49.29,30.29,65.43,61.71,-0.7,-0.2,-0.7,5.2,2.3,0.5,0.5,9.0,13.4,4.8,0.0,0.5,0.0,7.3,4.4,11.1,11.2,11.3,14.7,11.5,33.2,34.3,32.4,27.0,27.5,21.99,22.0,19.17,18.93,18.36,13.5,12.0,6.3,11.2,11.0,15.94,14.29,13.34,17.07,13.96
CHR,2024-08-12,48.43,51.71,47.29,41.71,57.71,-0.3,-0.7,-0.7,-0.7,-0.4,1.4,0.5,7.3,13.4,6.3,0.9,0.0,0.0,0.0,1.7,11.6,11.1,11.0,12.8,13.2,36.5,33.2,31.8,32.3,29.3,23.17,21.99,21.4,19.06,19.96,13.4,13.5,12.2,7.6,11.5,16.34,15.94,12.39,11.91,14.46
CHR,2024-08-19,43.14,48.43,49.29,30.29,65.43,-1.1,-0.3,-0.2,-0.7,5.2,1.5,1.4,0.5,9.0,13.4,0.1,0.9,0.5,0.0,7.3,10.9,11.6,11.2,11.3,14.7,37.0,36.5,34.3,32.4,27.0,23.76,23.17,22.0,19.17,18.93,13.4,13.4,12.0,6.3,11.2,18.36,16.34,14.29,13.34,17.07
CHR,2024-08-26,48.14,43.14,51.71,47.29,41.71,-0.5,-1.1,-0.7,-0.7,-0.7,1.7,1.5,0.5,7.3,13.4,0.7,0.1,0.0,0.0,0.0,11.1,10.9,11.1,11.0,12.8,31.3,37.0,33.2,31.8,32.3,21.63,23.76,21.99,21.4,19.06,13.1,13.4,13.5,12.2,7.6,19.27,18.36,15.94,12.39,11.91
CHR,2024-09-02,49.29,48.14,48.43,49.29,30.29,3.5,-0.5,-0.3,-0.2,-0.7,6.4,1.7,1.4,0.5,9.0,4.7,0.7,0.9,0.5,0.0,12.7,11.1,11.6,11.2,11.3,37.5,31.3,36.5,34.3,32.4,21.69,21.63,23.17,22.0,19.17,12.8,13.1,13.4,12.0,6.3,18.41,19.27,16.34,14.29,13.34
CHR,2024-09-09,49.57,49.29,43.14,51.71,47.29,-2.4,3.5,-1.1,-0.7,-0.7,5.5,6.4,1.5,0.5,7.3,0.0,4.7,0.1,0.0,0.0,12.5,12.7,10.9,11.1,11.0,36.2,37.5,37.0,33.2,31.8,22.54,21.69,23.76,21.99,21.4,10.9,12.8,13.4,13.5,12.2,15.13,18.41,18.36,15.94,12.39
CHR,2024-09-16,51.71,49.57,48.14,48.43,49.29,-0.8,-2.4,-0.5,-0.3,-0.2,7.0,5.5,1.7,1.4,0.5,1.6,0.0,0.7,0.9,0.5,12.5,12.5,11.1,11.6,11.2,40.3,36.2,31.3,36.5,34.3,25.64,22.54,21.63,23.17,22.0,17.2,10.9,13.1,13.4,12.0,20.2,15.13,19.27,16.34,14.29
CHR,2024-09-23,47.71,51.71,49.29,43.14,51.71,11.6,-0.8,3.5,-1.1,-0.7,20.3,7.0,6.4,1.5,0.5,14.0,1.6,4.7,0.1,0.0,13.6,12.5,12.7,10.9,11.1,42.4,40.3,37.5,37.0,33.2,25.49,25.64,21.69,23.76,21.99,14.8,17.2,12.8,13.4,13.5,24.16,20.2,18.41,18.36,15.94
CHR,2024-09-30,49.86,47.71,49.57,48.14,48.43,-2.2,11.6,-2.4,-0.5,-0.3,15.8,20.3,5.5,1.7,1.4,0.2,14.0,0.0,0.7,0.9,17.9,13.6,12.5,11.1,11.6,42.2,42.4,36.2,31.3,36.5,25.37,25.49,22.54,21.63,23.17,13.8,14.8,10.9,13.1,13.4,17.23,24.16,15.13,19.27,16.34
CHR,2024-10-07,46.57,49.86,51.71,49.29,43.14,-1.4,-2.2,-0.8,3.5,-1.1,16.9,15.8,7.0,6.4,1.5,1.1,0.2,1.6,4.7,0.1,12.2,17.9,12.5,12.7,10.9,39.9,42.2,40.3,37.5,37.0,23.0,25.37,25.64,21.69,23.76,15.2,13.8,17.2,12.8,13.4,23.97,17.23,20.2,18.41,18.36
CHR,2024-10-14,38.57,46.57,47.71,49.57,48.14,-1.6,-1.4,11.6,-2.4,-0.5,15.3,16.9,20.3,5.5,1.7,0.0,1.1,14.0,0.0,0.7,11.1,12.2,13.6,12.5,11.1,37.0,39.9,42.4,36.2,31.3,26.34,23.0,25.49,22.54,21.63,15.5,15.2,14.8,10.9,13.1,19.67,23.97,24.16,15.13,19.27
CHR,2024-10-21,40.14,38.57,49.86,51.71,49.29,-1.5,-1.6,-2.2,-0.8,3.5,1.4,15.3,15.8,7.0,6.4,0.1,0.0,0.2,1.6,4.7,11.0,11.1,17.9,12.5,12.7,38.4,37.0,42.2,40.3,37.5,25.99,26.34,25.37,25.64,21.69,15.1,15.5,13.8,17.2,12.8,20.87,19.67,17.23,20.2,18.41
CHR,2024-10-28,50.29,40.14,46.57,47.71,49.57,-1.3,-1.5,-1.4,11.6,-2.4,1.5,1.4,16.9,20.3,5.5,0.3,0.1,1.1,14.0,0.0,11.1,11.0,12.2,13.6,12.5,42.7,38.4,39.9,42.4,36.2,29.26,25.99,23.0,25.49,22.54,20.2,15.1,15.2,14.8,10.9,22.16,20.87,23.97,24.16,15.13
CHR,2024-11-04,50.86,50.29,38.57,49.86,51.71,-0.0,-1.3,-1.6,-2.2,-0.8,2.0,1.5,15.3,15.8,7.0,1.6,0.3,0.0,0.2,1.6,17.3,11.1,11.1,17.9,12.5,39.8,42.7,37.0,42.2,40.3,28.43,29.26,26.34,25.37,25.64,19.8,20.2,15.5,13.8,17.2,20.89,22.16,19.67,17.23,20.2
CHR,2024-11-11,61.43,50.86,40.14,46.57,47.71,-1.4,-0.0,-1.5,-1.4,11.6,33.1,2.0,1.4,16.9,20.3,31.1,1.6,0.1,1.1,14.0,20.7,17.3,11.0,12.2,13.6,39.6,39.8,38.4,39.9,42.4,27.31,28.43,25.99,23.0,25.49,20.0,19.8,15.1,15.2,14.8,20.9,20.89,20.87,23.97,24.16
CHR,2024-11-18,64.0,61.43,50.29,38.57,49.86,5.9,-1.4,-1.3,-1.6,-2.2,71.4,33.1,1.5,15.3,15.8,38.4,31.1,0.3,0.0,0.2,23.9,20.7,11.1,11.1,17.9,39.5,39.6,42.7,37.0,42.2,25.36,27.31,29.26,26.34,25.37,18.7,20.0,20.2,15.5,13.8,18.16,20.9,22.16,19.67,17.23
CHR,2024-11-25,45.57,64.0,50.86,40.14,46.57,-27.2,5.9,-0.0,-1.5,-1.4,76.4,71.4,2.0,1.4,16.9,5.3,38.4,1.6,0.1,1.1,13.4,23.9,17.3,11.0,12.2,39.3,39.5,39.8,38.4,39.9,29.34,25.36,28.43,25.99,23.0,21.0,18.7,19.8,15.1,15.2,17.93,18.16,20.89,20.87,23.97
CHR,2024-12-02,50.43,45.57,61.43,50.29,38.57,-22.0,-27.2,-1.4,-1.3,-1.6,85.3,76.4,33.1,1.5,15.3,10.5,5.3,31.1,0.3,0.0,15.8,13.4,20.7,11.1,11.1,39.8,39.3,39.6,42.7,37.0,27.99,29.34,27.31,29.26,26.34,18.1,21.0,20.0,20.2,15.5,18.94,17.93,20.9,22.16,19.67
CHR,2024-12-09,36.14,50.43,64.0,50.86,40.14,-31.1,-22.0,5.9,-0.0,-1.5,54.2,85.3,71.4,2.0,1.4,0.0,10.5,38.4,1.6,0.1,13.5,15.8,23.9,17.3,11.0,42.0,39.8,39.5,39.8,38.4,32.13,27.99,25.36,28.43,25.99,19.3,18.1,18.7,19.8,15.1,20.16,18.94,18.16,20.89,20.87
CHR,2024-12-16,34.29,36.14,45.57,61.43,50.29,-29.0,-31.1,-27.2,-1.4,-1.3,17.9,54.2,76.4,33.1,1.5,2.1,0.0,5.3,31.1,0.3,13.6,13.5,13.4,20.7,11.1,44.0,42.0,39.3,39.6,42.7,32.97,32.13,29.34,27.31,29.26,24.1,19.3,21.0,20.0,20.2,19.7,20.16,17.93,20.9,22.16
CHR,2024-12-23,50.43,34.29,50.43,64.0,50.86,-24.9,-29.0,-22.0,5.9,-0.0,18.8,17.9,85.3,71.4,2.0,6.2,2.1,10.5,38.4,1.6,16.7,13.6,15.8,23.9,17.3,40.4,44.0,39.8,39.5,39.8,31.16,32.97,27.99,25.36,28.43,24.5,24.1,18.1,18.7,19.8,21.66,19.7,18.94,18.16,20.89
CHR,2024-12-30,74.29,50.43,36.14,45.57,61.43,86.1,-24.9,-31.1,-27.2,-1.4,125.5,18.8,54.2,76.4,33.1,117.2,6.2,0.0,5.3,31.1,29.5,16.7,13.5,13.4,20.7,41.8,40.4,42.0,39.3,39.6,27.07,31.16,32.13,29.34,27.31,21.7,24.5,19.3,21.0,20.0,16.56,21.66,20.16,17.93,20.9
CHR,2025-01-06,66.71,74.29,34.29,50.43,64.0,-21.1,86.1,-29.0,-22.0,5.9,135.5,125.5,17.9,85.3,71.4,10.0,117.2,2.1,10.5,38.4,21.6,29.5,13.6,15.8,23.9,38.5,41.8,44.0,39.8,39.5,28.86,27.07,32.97,27.99,25.36,23.8,21.7,24.1,18.1,18.7,16.64,16.56,19.7,18.94,18.16
CHR,2025-01-13,68.0,66.71,50.43,36.14,45.57,-10.4,-21.1,-24.9,-31.1,-27.2,170.6,135.5,18.8,54.2,76.4,37.2,10.0,6.2,0.0,5.3,21.2,21.6,16.7,13.5,13.4,39.1,38.5,40.4,42.0,39.3,28.87,28.86,31.16,32.13,29.34,23.3,23.8,24.5,19.3,21.0,17.33,16.64,21.66,20.16,17.93
CHR,2025-01-20,81.86,68.0,74.29,34.29,50.43,32.5,-10.4,86.1,-29.0,-22.0,244.5,170.6,125.5,17.9,85.3,80.1,37.2,117.2,2.1,10.5,30.7,21.2,29.5,13.6,15.8,36.2,39.1,41.8,44.0,39.8,25.39,28.87,27.07,32.97,27.99,21.1,23.3,21.7,24.1,18.1,16.11,17.33,16.56,19.7,18.94
CHR,2025-01-27,79.86,81.86,66.71,50.43,36.14,7.1,32.5,-21.1,-24.9,-31.1,182.0,244.5,135.5,18.8,54.2,54.7,80.1,10.0,6.2,0.0,32.8,30.7,21.6,16.7,13.5,32.3,36.2,38.5,40.4,42.0,24.97,25.39,28.86,31.16,32.13,20.9,21.1,23.8,24.5,19.3,19.4,16.11,16.64,21.66,20.16
CHR,2025-02-03,63.86,79.86,68.0,74.29,34.29,-42.1,7.1,-10.4,86.1,-29.0,177.5,182.0,170.6,125.5,17.9,5.5,54.7,37.2,117.2,2.1,22.9,32.8,21.2,29.5,13.6,36.6,32.3,39.1,41.8,44.0,26.44,24.97,28.87,27.07,32.97,19.4,20.9,23.3,21.7,24.1,14.83,19.4,17.33,16.56,19.7
CHR,2025-02-10,57.86,63.86,81.86,66.71,50.43,23.3,-42.1,32.5,-21.1,-24.9,203.4,177.5,244.5,135.5,18.8,63.1,5.5,80.1,10.0,6.2,17.5,22.9,30.7,21.6,16.7,37.7,36.6,36.2,38.5,40.4,28.64,26.44,25.39,28.86,31.16,22.4,19.4,21.1,23.8,24.5,20.23,14.83,16.11,16.64,21.66
CHR,2025-02-17,89.71,57.86,79.86,68.0,74.29,87.8,23.3,7.1,-10.4,86.1,250.9,203.4,182.0,170.6,125.5,127.6,63.1,54.7,37.2,117.2,40.2,17.5,32.8,21.2,29.5,30.3,37.7,32.3,39.1,41.8,24.33,28.64,24.97,28.87,27.07,21.5,22.4,20.9,23.3,21.7,14.17,20.23,19.4,17.33,16.56
CHR,2025-02-24,83.14,89.71,63.86,81.86,66.71,13.5,87.8,-42.1,32.5,-21.1,249.5,250.9,177.5,244.5,135.5,53.3,127.6,5.5,80.1,10.0,34.9,40.2,22.9,30.7,21.6,31.5,30.3,36.6,36.2,38.5,25.97,24.33,26.44,25.39,28.86,22.1,21.5,19.4,21.1,23.8,13.89,14.17,14.83,16.11,16.64
CHR,2025-03-03,79.86,83.14,57.86,79.86,68.0,-2.7,13.5,23.3,7.1,-10.4,281.1,249.5,203.4,182.0,170.6,37.1,53.3,63.1,54.7,37.2,32.4,34.9,17.5,32.8,21.2,30.2,31.5,37.7,32.3,39.1,24.97,25.97,28.64,24.97,28.87,20.5,22.1,22.4,20.9,23.3,13.19,13.89,20.23,19.4,17.33
CHR,2025-03-10,73.57,79.86,89.71,63.86,81.86,-10.8,-2.7,87.8,-42.1,32.5,221.6,281.1,250.9,177.5,244.5,3.6,37.1,127.6,5.5,80.1,20.8,32.4,40.2,22.9,30.7,32.2,30.2,30.3,36.6,36.2,26.01,24.97,24.33,26.44,25.39,20.6,20.5,21.5,19.4,21.1,12.24,13.19,14.17,14.83,16.11
CHR,2025-03-17,80.86,73.57,83.14,57.86,79.86,42.4,-10.8,13.5,23.3,7.1,150.8,221.6,249.5,203.4,182.0,56.8,3.6,53.3,63.1,54.7,29.1,20.8,34.9,17.5,32.8,31.9,32.2,31.5,37.7,32.3,23.61,26.01,25.97,28.64,24.97,18.8,20.6,22.1,22.4,20.9,16.96,12.24,13.89,20.23,19.4
CHR,2025-03-24,72.86,80.86,79.86,89.71,63.86,-12.3,42.4,-2.7,87.8,-42.1,99.6,150.8,281.1,250.9,177.5,2.1,56.8,37.1,127.6,5.5,21.9,29.1,32.4,40.2,22.9,30.9,31.9,30.2,30.3,36.6,23.44,23.61,24.97,24.33,26.44,17.4,18.8,20.5,21.5,19.4,10.99,16.96,13.19,14.17,14.83
CHR,2025-03-31,70.43,72.86,73.57,83.14,57.86,-11.2,-12.3,-10.8,13.5,23.3,65.7,99.6,221.6,249.5,203.4,3.2,2.1,3.6,53.3,63.1,17.6,21.9,20.8,34.9,17.5,31.7,30.9,32.2,31.5,37.7,24.99,23.44,26.01,25.97,28.64,18.4,17.4,20.6,22.1,22.4,11.14,10.99,12.24,13.89,20.23
CHR,2025-04-07,69.43,70.43,80.86,79.86,89.71,-8.1,-11.2,42.4,-2.7,87.8,68.4,65.7,150.8,281.1,250.9,6.3,3.2,56.8,37.1,127.6,17.1,17.6,29.1,32.4,40.2,32.3,31.7,31.9,30.2,30.3,24.89,24.99,23.61,24.97,24.33,18.1,18.4,18.8,20.5,21.5,14.79,11.14,16.96,13.19,14.17
CHR,2025-04-14,69.43,69.43,72.86,73.57,83.14,-3.3,-8.1,-12.3,-10.8,13.5,16.3,68.4,99.6,221.6,249.5,4.7,6.3,2.1,3.6,53.3,16.9,17.1,21.9,20.8,34.9,33.4,32.3,30.9,32.2,31.5,24.5,24.89,23.44,26.01,25.97,16.4,18.1,17.4,20.6,22.1,12.67,14.79,10.99,12.24,13.89
CHR,2025-04-21,75.71,69.43,70.43,80.86,79.86,7.8,-3.3,-11.2,42.4,-2.7,30.0,16.3,65.7,150.8,281.1,15.8,4.7,3.2,56.8,37.1,18.4,16.9,17.6,29.1,32.4,30.6,33.4,31.7,31.9,30.2,22.59,24.5,24.99,23.61,24.97,16.7,16.4,18.4,18.8,20.5,14.43,12.67,11.14,16.96,13.19
CHR,2025-04-28,71.29,75.71,69.43,72.86,73.57,-4.6,7.8,-8.1,-12.3,-10.8,30.2,30.0,68.4,99.6,221.6,3.4,15.8,6.3,2.1,3.6,17.7,18.4,17.1,21.9,20.8,31.1,30.6,32.3,30.9,32.2,23.03,22.59,24.89,23.44,26.01,16.1,16.7,18.1,17.4,20.6,14.2,14.43,14.79,10.99,12.24
CHR,2025-05-05,71.14,71.29,69.43,70.43,80.86,-0.5,-4.6,-3.3,-11.2,42.4,31.4,30.2,16.3,65.7,150.8,7.5,3.4,4.7,3.2,56.8,20.6,17.7,16.9,17.6,29.1,31.8,31.1,33.4,31.7,31.9,22.17,23.03,24.5,24.99,23.61,15.9,16.1,16.4,18.4,18.8,14.09,14.2,12.67,11.14,16.96
CHR,2025-05-12,67.29,71.14,75.71,69.43,72.86,-0.4,-0.5,7.8,-8.1,-12.3,26.7,31.4,30.0,68.4,99.6,0.0,7.5,15.8,6.3,2.1,17.4,20.6,18.4,17.1,21.9,29.5,31.8,30.6,32.3,30.9,19.64,22.17,22.59,24.89,23.44,11.8,15.9,16.7,18.1,17.4,9.23,14.09,14.43,14.79,10.99
CHR,2025-05-19,67.0,67.29,71.29,69.43,70.43,-0.3,-0.4,-4.6,-3.3,-11.2,11.0,26.7,30.2,16.3,65.7,0.1,0.0,3.4,4.7,3.2,15.1,17.4,17.7,16.9,17.6,27.4,29.5,31.1,33.4,31.7,20.24,19.64,23.03,24.5,24.99,14.0,11.8,16.1,16.4,18.4,13.91,9.23,14.2,12.67,11.14
CHR,2025-05-26,58.57,67.0,71.14,75.71,69.43,-0.2,-0.3,-0.5,7.8,-8.1,7.8,11.0,31.4,30.0,68.4,0.2,0.1,7.5,15.8,6.3,14.4,15.1,20.6,18.4,17.1,33.1,27.4,31.8,30.6,32.3,20.6,20.24,22.17,22.59,24.89,12.7,14.0,15.9,16.7,18.1,15.24,13.91,14.09,14.43,14.79
CHR,2025-06-02,61.57,58.57,67.29,71.29,69.43,-0.1,-0.2,-0.4,-4.6,-3.3,0.6,7.8,26.7,30.2,16.3,0.3,0.2,0.0,3.4,4.7,13.3,14.4,17.4,17.7,16.9,27.7,33.1,29.5,31.1,33.4,19.33,20.6,19.64,23.03,24.5,11.7,12.7,11.8,16.1,16.4,10.33,15.24,9.23,14.2,12.67
CHR,2025-06-09,62.29,61.57,67.0,71.14,75.71,-0.9,-0.1,-0.3,-0.5,7.8,1.8,0.6,11.0,31.4,30.0,1.2,0.3,0.1,7.5,15.8,13.8,13.3,15.1,20.6,18.4,29.4,27.7,27.4,31.8,30.6,19.36,19.33,20.24,22.17,22.59,10.6,11.7,14.0,15.9,16.7,10.69,10.33,13.91,14.09,14.43
CHR,2025-06-16,56.43,62.29,58.57,67.29,71.29,-2.1,-0.9,-0.2,-0.4,-4.6,1.7,1.8,7.8,26.7,30.2,0.0,1.2,0.2,0.0,3.4,14.2,13.8,14.4,17.4,17.7,31.9,29.4,33.1,29.5,31.1,18.46,19.36,20.6,19.64,23.03,11.1,10.6,12.7,11.8,16.1,17.91,10.69,15.24,9.23,14.2
CHR,2025-06-23,61.29,56.43,61.57,67.0,71.14,-0.1,-2.1,-0.1,-0.3,-0.5,3.5,1.7,0.6,11.0,31.4,2.0,0.0,0.3,0.1,7.5,15.2,14.2,13.3,15.1,20.6,28.5,31.9,27.7,27.4,31.8,19.24,18.46,19.33,20.24,22.17,11.2,11.1,11.7,14.0,15.9,10.5,17.91,10.33,13.91,14.09
CHR,2025-06-30,61.86,61.29,62.29,58.57,67.29,0.2,-0.1,-0.9,-0.2,-0.4,5.5,3.5,1.8,7.8,26.7,2.3,2.0,1.2,0.2,0.0,17.1,15.2,13.8,14.4,17.4,29.6,28.5,29.4,33.1,29.5,18.84,19.24,19.36,20.6,19.64,10.7,11.2,10.6,12.7,11.8,12.79,10.5,10.69,15.24,9.23
CHR,2025-07-07,53.14,61.86,56.43,61.57,67.0,-1.9,0.2,-2.1,-0.1,-0.3,4.5,5.5,1.7,0.6,11.0,0.2,2.3,0.0,0.3,0.1,16.0,17.1,14.2,13.3,15.1,30.7,29.6,31.9,27.7,27.4,20.04,18.84,18.46,19.33,20.24,12.1,10.7,11.1,11.7,14.0,12.57,12.79,17.91,10.33,13.91
CHR,2025-07-14,60.57,53.14,61.29,62.29,58.57,1.3,-1.9,-0.1,-0.9,-0.2,6.5,4.5,3.5,1.8,7.8,2.0,0.2,2.0,1.2,0.2,15.0,16.0,15.2,13.8,14.4,27.4,30.7,28.5,29.4,33.1,18.46,20.04,19.24,19.36,20.6,9.5,12.1,11.2,10.6,12.7,13.89,12.57,10.5,10.69,15.24
CHR,2025-07-21,59.14,60.57,61.86,56.43,61.57,0.2,1.3,0.2,-2.1,-0.1,5.4,6.5,5.5,1.7,0.6,0.9,2.0,2.3,0.0,0.3,14.9,15.0,17.1,14.2,13.3,27.8,27.4,29.6,31.9,27.7,19.44,18.46,18.84,18.46,19.33,12.2,9.5,10.7,11.1,11.7,13.37,13.89,12.79,17.91,10.33
CHR,2025-07-28,60.0,59.14,53.14,61.29,62.29,1.8,0.2,-1.9,-0.1,-0.9,5.6,5.4,4.5,3.5,1.8,2.5,0.9,0.2,2.0,1.2,12.8,14.9,16.0,15.2,13.8,28.6,27.8,30.7,28.5,29.4,19.11,19.44,20.04,19.24,19.36,11.8,12.2,12.1,11.2,10.6,12.09,13.37,12.57,10.5,10.69
CHR,2025-08-04,52.29,60.0,60.57,61.86,56.43,-0.4,1.8,1.3,0.2,-2.1,5.7,5.6,6.5,5.5,1.7,0.3,2.5,2.0,2.3,0.0,12.6,12.8,15.0,17.1,14.2,28.8,28.6,27.4,29.6,31.9,17.2,19.11,18.46,18.84,18.46,8.7,11.8,9.5,10.7,11.1,15.79,12.09,13.89,12.79,17.91
CHR,2025-08-11,57.57,52.29,59.14,53.14,61.29,-0.5,-0.4,0.2,-1.9,-0.1,4.4,5.7,5.4,4.5,3.5,0.7,0.3,0.9,0.2,2.0,15.8,12.6,14.9,16.0,15.2,30.0,28.8,27.8,30.7,28.5,19.13,17.2,19.44,20.04,19.24,9.4,8.7,12.2,12.1,11.2,14.31,15.79,13.37,12.57,10.5
CHR,2025-08-18,56.43,57.57,60.0,60.57,61.86,1.1,-0.5,1.8,1.3,0.2,5.8,4.4,5.6,6.5,5.5,2.3,0.7,2.5,2.0,2.3,15.2,15.8,12.8,15.0,17.1,29.2,30.0,28.6,27.4,29.6,20.34,19.13,19.11,18.46,18.84,12.4,9.4,11.8,9.5,10.7,16.44,14.31,12.09,13.89,12.79
CHR,2025-08-25,36.29,56.43,52.29,59.14,53.14,-1.2,1.1,-0.4,0.2,-1.9,3.3,5.8,5.7,5.4,4.5,0.0,2.3,0.3,0.9,0.2,13.9,15.2,12.6,14.9,16.0,36.5,29.2,28.8,27.8,30.7,23.19,20.34,17.2,19.44,20.04,12.1,12.4,8.7,12.2,12.1,12.14,16.44,15.79,13.37,12.57
CHR,2025-09-01,35.29,36.29,57.57,60.0,60.57,-1.2,-1.2,-0.5,1.8,1.3,3.0,3.3,4.4,5.6,6.5,0.0,0.0,0.7,2.5,2.0,13.0,13.9,15.8,12.8,15.0,35.9,36.5,30.0,28.6,27.4,24.77,23.19,19.13,19.11,18.46,14.0,12.1,9.4,11.8,9.5,17.43,12.14,14.31,12.09,13.89
CHR,2025-09-08,46.43,35.29,56.43,52.29,59.14,-2.4,-1.2,1.1,-0.4,0.2,2.3,3.0,5.8,5.7,5.4,0.0,0.0,2.3,0.3,0.9,12.7,13.0,15.2,12.6,14.9,37.4,35.9,29.2,28.8,27.8,25.39,24.77,20.34,17.2,19.44,15.3,14.0,12.4,8.7,12.2,16.81,17.43,16.44,15.79,13.37
CHR,2025-09-15,37.86,46.43,36.29,57.57,60.0,-2.4,-2.4,-1.2,-0.5,1.8,0.0,2.3,3.3,4.4,5.6,0.0,0.0,0.0,0.7,2.5,12.3,12.7,13.9,15.8,12.8,35.0,37.4,36.5,30.0,28.6,26.3,25.39,23.19,19.13,19.11,15.9,15.3,12.1,9.4,11.8,17.43,16.81,12.14,14.31,12.09
CHR,2025-09-22,43.14,37.86,35.29,56.43,52.29,-2.2,-2.4,-1.2,1.1,-0.4,0.3,0.0,3.0,5.8,5.7,0.3,0.0,0.0,2.3,0.3,12.1,12.3,13.0,15.2,12.6,38.4,35.0,35.9,29.2,28.8,26.5,26.3,24.77,20.34,17.2,17.1,15.9,14.0,12.4,8.7,18.21,17.43,17.43,16.44,15.79
CHR,2025-09-29,53.57,43.14,46.43,36.29,57.57,-1.1,-2.2,-2.4,-1.2,-0.5,1.7,0.3,2.3,3.3,4.4,1.4,0.3,0.0,0.0,0.7,13.8,12.1,12.7,13.9,15.8,36.3,38.4,37.4,36.5,30.0,25.29,26.5,25.39,23.19,19.13,17.6,17.1,15.3,12.1,9.4,18.59,18.21,16.81,12.14,14.31
CHR,2025-10-06,60.29,53.57,37.86,35.29,56.43,3.4,-1.1,-2.4,-1.2,1.1,7.6,1.7,0.0,3.0,5.8,5.9,1.4,0.0,0.0,2.3,16.5,13.8,12.3,13.0,15.2,31.4,36.3,35.0,35.9,29.2,21.94,25.29,26.3,24.77,20.34,13.2,17.6,15.9,14.0,12.4,19.84,18.59,17.43,17.43,16.44
CHR,2025-10-13,41.14,60.29,43.14,46.43,36.29,-1.6,3.4,-2.2,-2.4,-1.2,7.6,7.6,0.3,2.3,3.3,0.0,5.9,0.3,0.0,0.0,13.8,16.5,12.1,12.7,13.9,37.4,31.4,38.4,37.4,36.5,27.53,21.94,26.5,25.39,23.19,16.0,13.2,17.1,15.3,12.1,18.86,19.84,18.21,16.81,12.14
CHR,2025-10-20,49.14,41.14,53.57,37.86,35.29,0.9,-1.6,-1.1,-2.4,-1.2,9.8,7.6,1.7,0.0,3.0,2.5,0.0,1.4,0.0,0.0,12.9,13.8,13.8,12.3,13.0,38.2,37.4,36.3,35.0,35.9,27.9,27.53,25.29,26.3,24.77,20.0,16.0,17.6,15.9,14.0,20.7,18.86,18.59,17.43,17.43
CHR,2025-10-27,51.57,49.14,60.29,43.14,46.43,0.1,0.9,3.4,-2.2,-2.4,10.1,9.8,7.6,0.3,2.3,1.7,2.5,5.9,0.3,0.0,15.4,12.9,16.5,12.1,12.7,41.6,38.2,31.4,38.4,37.4,24.94,27.9,21.94,26.5,25.39,17.4,20.0,13.2,17.1,15.3,18.0,20.7,19.84,18.21,16.81
CHR,2025-11-03,53.0,51.57,41.14,53.57,37.86,5.2,0.1,-1.6,-1.1,-2.4,11.0,10.1,7.6,1.7,0.0,6.8,1.7,0.0,1.4,0.0,14.0,15.4,13.8,13.8,12.3,40.8,41.6,37.4,36.3,35.0,28.87,24.94,27.53,25.29,26.3,21.2,17.4,16.0,17.6,15.9,20.71,18.0,18.86,18.59,17.43
CHR,2025-11-10,67.14,53.0,49.14,60.29,43.14,9.4,5.2,0.9,3.4,-2.2,52.9,11.0,9.8,7.6,0.3,41.9,6.8,2.5,5.9,0.3,22.7,14.0,12.9,16.5,12.1,34.9,40.8,38.2,31.4,38.4,24.46,28.87,27.9,21.94,26.5,19.1,21.2,20.0,13.2,17.1,20.24,20.71,20.7,19.84,18.21
CHR,2025-11-17,59.29,67.14,51.57,41.14,53.57,1.5,9.4,0.1,-1.6,-1.1,84.4,52.9,10.1,7.6,1.7,34.0,41.9,1.7,0.0,1.4,17.3,22.7,15.4,13.8,13.8,37.6,34.9,41.6,37.4,36.3,26.79,24.46,24.94,27.53,25.29,19.8,19.1,17.4,16.0,17.6,18.59,20.24,18.0,18.86,18.59
CHR,2025-11-24,73.14,59.29,53.0,49.14,60.29,7.5,1.5,5.2,0.9,3.4,122.7,84.4,11.0,9.8,7.6,40.0,34.0,6.8,2.5,5.9,31.5,17.3,14.0,12.9,16.5,33.1,37.6,40.8,38.2,31.4,22.63,26.79,28.87,27.9,21.94,17.2,19.8,21.2,20.0,13.2,15.27,18.59,20.71,20.7,19.84
CHR,2025-12-01,73.86,73.14,67.14,51.57,41.14,26.5,7.5,9.4,0.1,-1.6,174.9,122.7,52.9,10.1,7.6,59.0,40.0,41.9,1.7,0.0,25.1,31.5,22.7,15.4,13.8,35.3,33.1,34.9,41.6,37.4,25.94,22.63,24.46,24.94,27.53,21.0,17.2,19.1,17.4,16.0,16.93,15.27,20.24,18.0,18.86
CHR,2025-12-08,69.71,73.86,59.29,53.0,49.14,-25.4,26.5,1.5,5.2,0.9,138.7,174.9,84.4,11.0,9.8,5.7,59.0,34.0,6.8,2.5,20.8,25.1,17.3,14.0,12.9,32.3,35.3,37.6,40.8,38.2,25.29,25.94,26.79,28.87,27.9,18.7,21.0,19.8,21.2,20.0,17.03,16.93,18.59,20.71,20.7
CHR,2025-12-15,56.43,69.71,73.14,67.14,51.57,-27.4,-25.4,7.5,9.4,0.1,108.4,138.7,122.7,52.9,10.1,3.7,5.7,40.0,41.9,1.7,14.9,20.8,31.5,22.7,15.4,35.9,32.3,33.1,34.9,41.6,27.86,25.29,22.63,24.46,24.94,20.8,18.7,17.2,19.1,17.4,20.44,17.03,15.27,20.24,18.0
CHR,2025-12-22,76.0,56.43,73.86,59.29,53.0,38.1,-27.4,26.5,1.5,5.2,137.6,108.4,174.9,84.4,11.0,69.2,3.7,59.0,34.0,6.8,25.4,14.9,25.1,17.3,14.0,34.1,35.9,35.3,37.6,40.8,25.81,27.86,25.94,26.79,28.87,21.5,20.8,21.0,19.8,21.2,17.91,20.44,16.93,18.59,20.71
CHR,2025-12-29,83.86,76.0,69.71,73.14,67.14,62.3,38.1,-25.4,7.5,9.4,172.0,137.6,138.7,122.7,52.9,93.4,69.2,5.7,40.0,41.9,38.1,25.4,20.8,31.5,22.7,30.3,34.1,32.3,33.1,34.9,24.5,25.81,25.29,22.63,24.46,21.3,21.5,18.7,17.2,19.1,17.39,17.91,17.03,15.27,20.24
GRV,2024-01-08,78.29,,,,,-16.2,,,,,,,,,,28.0,,,,,32.7,,,,,28.0,,,,,21.8,,,,,17.8,,,,,12.21,,,,
GRV,2024-01-15,81.57,78.29,,,,5.8,-16.2,,,,,,,,,50.0,28.0,,,,29.9,32.7,,,,27.4,28.0,,,,21.86,21.8,,,,18.8,17.8,,,,17.47,12.21,,,
GRV,2024-01-22,84.0,81.57,,,,27.0,5.8,,,,,,,,,71.2,50.0,,,,34.9,29.9,,,,25.5,27.4,,,,20.99,21.86,,,,16.2,18.8,,,,17.77,17.47,,,
GRV,2024-01-29,70.57,84.0,78.29,,,-39.6,27.0,-16.2,,,153.8,,,,,4.6,71.2,28.0,,,26.0,34.9,32.7,,,27.7,25.5,28.0,,,21.64,20.99,21.8,,,16.0,16.2,17.8,,,15.2,17.77,12.21,,
GRV,2024-02-05,64.0,70.57,81.57,,,-32.8,-39.6,5.8,,,137.2,153.8,,,,11.4,4.6,50.0,,,14.8,26.0,29.9,,,29.1,27.7,27.4,,,22.89,21.64,21.86,,,16.6,16.0,18.8,,,16.66,15.2,17.47,,
GRV,2024-02-12,54.29,64.0,84.0,78.29,,-20.6,-32.8,27.0,-16.2,,88.1,137.2,,,,0.9,11.4,71.2,28.0,,11.1,14.8,34.9,32.7,,35.7,29.1,25.5,28.0,,25.8,22.89,20.99,21.8,,18.5,16.6,16.2,17.8,,16.94,16.66,17.77,12.21,
GRV,2024-02-19,53.43,54.29,70.57,81.57,,-17.8,-20.6,-39.6,5.8,,20.6,88.1,153.8,,,3.7,0.9,4.6,50.0,,12.0,11.1,26.0,29.9,,34.8,35.7,27.7,27.4,,25.03,25.8,21.64,21.86,,18.1,18.5,16.0,18.8,,17.56,16.94,15.2,17.47,
GRV,2024-02-26,52.0,53.43,64.0,84.0,78.29,-19.8,-17.8,-32.8,27.0,-16.2,17.6,20.6,137.2,,,1.6,3.7,11.4,71.2,28.0,11.1,12.0,14.8,34.9,32.7,32.9,34.8,29.1,25.5,28.0,25.41,25.03,22.89,20.99,21.8,18.5,18.1,16.6,16.2,17.8,20.16,17.56,16.66,17.77,12.21
GRV,2024-03-04,61.43,52.0,54.29,70.57,81.57,-14.9,-19.8,-20.6,-39.6,5.8,12.8,17.6,88.1,153.8,,6.6,1.6,0.9,4.6,50.0,13.2,11.1,11.1,26.0,29.9,30.7,32.9,35.7,27.7,27.4,23.3,25.41,25.8,21.64,21.86,15.9,18.5,18.5,16.0,18.8,16.4,20.16,16.94,15.2,17.47
GRV,2024-03-11,64.0,61.43,53.43,64.0,84.0,0.5,-14.9,-17.8,-32.8,27.0,19.6,12.8,20.6,137.2,,7.7,6.6,3.7,11.4,71.2,15.9,13.2,12.0,14.8,34.9,31.4,30.7,34.8,29.1,25.5,24.76,23.3,25.03,22.89,20.99,17.5,15.9,18.1,16.6,16.2,14.76,16.4,17.56,16.66,17.77
GRV,2024-03-18,68.29,64.0,52.0,54.29,70.57,9.0,0.5,-19.8,-20.6,-39.6,32.1,19.6,17.6,88.1,153.8,16.2,7.7,1.6,0.9,4.6,17.7,15.9,11.1,11.1,26.0,30.3,31.4,32.9,35.7,27.7,24.04,24.76,25.41,25.8,21.64,18.9,17.5,18.5,18.5,16.0,16.7,14.76,20.16,16.94,15.2
GRV,2024-03-25,56.43,68.29,61.43,53.43,64.0,-7.0,9.0,-14.9,-17.8,-32.8,30.7,32.1,12.8,20.6,137.2,0.2,16.2,6.6,3.7,11.4,14.7,17.7,13.2,12.0,14.8,29.7,30.3,30.7,34.8,29.1,23.16,24.04,23.3,25.03,22.89,16.7,18.9,15.9,18.1,16.6,20.06,16.7,16.4,17.56,16.66
GRV,2024-04-01,60.86,56.43,64.0,52.0,54.29,-3.8,-7.0,0.5,-19.8,-20.6,27.5,30.7,19.6,17.6,88.1,3.4,0.2,7.7,1.6,0.9,11.1,14.7,15.9,11.1,11.1,29.9,29.7,31.4,32.9,35.7,23.44,23.16,24.76,25.41,25.8,17.4,16.7,17.5,18.5,18.5,18.64,20.06,14.76,20.16,16.94
GRV,2024-04-08,58.86,60.86,68.29,61.43,53.43,-3.5,-3.8,9.0,-14.9,-17.8,24.0,27.5,32.1,12.8,20.6,4.2,3.4,16.2,6.6,3.7,13.3,11.1,17.7,13.2,12.0,31.4,29.9,30.3,30.7,34.8,23.81,23.44,24.04,23.3,25.03,16.1,17.4,18.9,15.9,18.1,18.24,18.64,16.7,16.4,17.56
GRV,2024-04-15,72.0,58.86,56.43,64.0,52.0,18.0,-3.5,-7.0,0.5,-19.8,33.5,24.0,30.7,19.6,17.6,25.7,4.2,0.2,7.7,1.6,22.4,13.3,14.7,15.9,11.1,30.6,31.4,29.7,31.4,32.9,21.2,23.81,23.16,24.76,25.41,16.1,16.1,16.7,17.5,18.5,19.59,18.24,20.06,14.76,20.16
GRV,2024-04-22,62.57,72.0,60.86,68.29,61.43,-6.8,18.0,-3.8,9.0,-14.9,34.2,33.5,27.5,32.1,12.8,0.9,25.7,3.4,16.2,6.6,16.8,22.4,11.1,17.7,13.2,29.0,30.6,29.9,30.3,30.7,20.99,21.2,23.44,24.04,23.3,15.1,16.1,17.4,18.9,15.9,17.79,19.59,18.64,16.7,16.4
GRV,2024-04-29,47.57,62.57,58.86,56.43,64.0,-7.7,-6.8,-3.5,-7.0,0.5,30.8,34.2,24.0,30.7,19.6,0.0,0.9,4.2,0.2,7.7,10.4,16.8,13.3,14.7,15.9,30.7,29.0,31.4,29.7,31.4,21.54,20.99,23.81,23.16,24.76,14.0,15.1,16.1,16.7,17.5,17.33,17.79,18.24,20.06,14.76
GRV,2024-05-06,46.71,47.57,72.0,60.86,68.29,-7.7,-7.7,18.0,-3.8,9.0,26.6,30.8,33.5,27.5,32.1,0.0,0.0,25.7,3.4,16.2,9.7,10.4,22.4,11.1,17.7,28.8,30.7,30.6,29.9,30.3,20.66,21.54,21.2,23.44,24.04,11.5,14.0,16.1,17.4,18.9,18.51,17.33,19.59,18.64,16.7
GRV,2024-05-13,48.57,46.71,62.57,58.86,56.43,-0.2,-7.7,-6.8,-3.5,-7.0,0.9,26.6,34.2,24.0,30.7,0.0,0.0,0.9,4.2,0.2,9.4,9.7,16.8,13.3,14.7,30.2,28.8,29.0,31.4,29.7,21.87,20.66,20.99,23.81,23.16,14.6,11.5,15.1,16.1,16.7,20.4,18.51,17.79,18.24,20.06
GRV,2024-05-20,49.29,48.57,47.57,72.0,60.86,-0.1,-0.2,-7.7,18.0,-3.8,0.1,0.9,30.8,33.5,27.5,0.1,0.0,0.0,25.7,3.4,9.5,9.4,10.4,22.4,11.1,27.7,30.2,30.7,30.6,29.9,20.29,21.87,21.54,21.2,23.44,12.5,14.6,14.0,16.1,17.4,18.83,20.4,17.33,19.59,18.64
GRV,2024-05-27,57.86,49.29,46.71,62.57,58.86,0.8,-0.1,-7.7,-6.8,-3.5,1.1,0.1,26.6,34.2,24.0,1.0,0.1,0.0,0.9,4.2,10.0,9.5,9.7,16.8,13.3,26.0,27.7,28.8,29.0,31.4,18.83,20.29,20.66,20.99,23.81,11.4,12.5,11.5,15.1,16.1,18.33,18.83,18.51,17.79,18.24
GRV,2024-06-03,51.14,57.86,48.57,47.57,72.0,-0.2,0.8,-0.2,-7.7,18.0,1.1,1.1,0.9,30.8,33.5,0.0,1.0,0.0,0.0,25.7,10.1,10.0,9.4,10.4,22.4,27.5,26.0,30.2,30.7,30.6,18.33,18.83,21.87,21.54,21.2,9.4,11.4,14.6,14.0,16.1,18.19,18.33,20.4,17.33,19.59
GRV,2024-06-10,40.14,51.14,49.29,46.71,62.57,-0.1,-0.2,-0.1,-7.7,-6.8,1.1,1.1,0.1,26.6,34.2,0.0,0.0,0.1,0.0,0.9,9.0,10.1,9.5,9.7,16.8,30.0,27.5,27.7,28.8,29.0,21.19,18.33,20.29,20.66,20.99,12.3,9.4,12.5,11.5,15.1,18.46,18.19,18.83,18.51,17.79
GRV,2024-06-17,48.43,40.14,57.86,48.57,47.57,-0.1,-0.1,0.8,-0.2,-7.7,1.0,1.1,1.1,0.9,30.8,0.0,0.0,1.0,0.0,0.0,9.1,9.0,10.0,9.4,10.4,24.7,30.0,26.0,30.2,30.7,16.3,21.19,18.83,21.87,21.54,8.9,12.3,11.4,14.6,14.0,20.01,18.46,18.33,20.4,17.33
GRV,2024-06-24,49.71,48.43,51.14,49.29,46.71,-0.1,-0.1,-0.2,-0.1,-7.7,0.0,1.0,1.1,0.1,26.6,0.0,0.0,0.0,0.1,0.0,9.1,9.1,10.1,9.5,9.7,25.6,24.7,27.5,27.7,28.8,17.44,16.3,18.33,20.29,20.66,9.9,8.9,9.4,12.5,11.5,18.37,20.01,18.19,18.83,18.51
GRV,2024-07-01,57.57,49.71,40.14,57.86,48.57,0.5,-0.1,-0.1,0.8,-0.2,0.6,0.0,1.1,1.1,0.9,0.6,0.0,0.0,1.0,0.0,9.1,9.1,9.0,10.0,9.4,24.1,25.6,30.0,26.0,30.2,17.0,17.44,21.19,18.83,21.87,11.2,9.9,12.3,11.4,14.6,21.01,18.37,18.46,18.33,20.4
GRV,2024-07-08,41.14,57.57,48.43,51.14,49.29,0.0,0.5,-0.1,-0.2,-0.1,0.6,0.6,1.0,1.1,0.1,0.0,0.6,0.0,0.0,0.1,8.3,9.1,9.1,10.1,9.5,27.8,24.1,24.7,27.5,27.7,18.16,17.0,16.3,18.33,20.29,10.6,11.2,8.9,9.4,12.5,14.83,21.01,20.01,18.19,18.83
GRV,2024-07-15,32.57,41.14,49.71,40.14,57.86,0.0,0.0,-0.1,-0.1,0.8,0.6,0.6,0.0,1.1,1.1,0.0,0.0,0.0,0.0,1.0,7.9,8.3,9.1,9.0,10.0,27.8,27.8,25.6,30.0,26.0,18.67,18.16,17.44,21.19,18.83,8.9,10.6,9.9,12.3,11.4,15.63,14.83,18.37,18.46,18.33
GRV,2024-07-22,36.43,32.57,57.57,48.43,51.14,0.0,0.0,0.5,-0.1,-0.2,0.6,0.6,0.6,1.0,1.1,0.0,0.0,0.6,0.0,0.0,8.0,7.9,9.1,9.1,10.1,29.1,27.8,24.1,24.7,27.5,19.4,18.67,17.0,16.3,18.33,10.3,8.9,11.2,8.9,9.4,13.8,15.63,21.01,20.01,18.19
GRV,2024-07-29,31.71,36.43,41.14,49.71,40.14,0.0,0.0,0.0,-0.1,-0.1,0.0,0.6,0.6,0.0,1.1,0.0,0.0,0.0,0.0,0.0,8.1,8.0,8.3,9.1,9.0,28.3,29.1,27.8,25.6,30.0,20.04,19.4,18.16,17.44,21.19,11.4,10.3,10.6,9.9,12.3,15.37,13.8,14.83,18.37,18.46
GRV,2024-08-05,38.0,31.71,32.57,57.57,48.43,0.0,0.0,0.0,0.5,-0.1,0.0,0.0,0.6,0.6,1.0,0.0,0.0,0.0,0.6,0.0,8.2,8.1,7.9,9.1,9.1,29.3,28.3,27.8,24.1,24.7,19.84,20.04,18.67,17.0,16.3,12.3,11.4,8.9,11.2,8.9,21.54,15.37,15.63,21.01,20.01
GRV,2024-08-12,36.86,38.0,36.43,41.14,49.71,-0.1,0.0,0.0,0.0,-0.1,0.0,0.0,0.6,0.6,0.0,0.0,0.0,0.0,0.0,0.0,8.3,8.2,8.0,8.3,9.1,30.6,29.3,29.1,27.8,25.6,20.67,19.84,19.4,18.16,17.44,11.2,12.3,10.3,10.6,9.9,17.83,21.54,13.8,14.83,18.37
GRV,2024-08-19,34.86,36.86,31.71,32.57,57.57,-0.1,-0.1,0.0,0.0,0.5,0.0,0.0,0.0,0.6,0.6,0.0,0.0,0.0,0.0,0.6,8.3,8.3,8.1,7.9,9.1,29.6,30.6,28.3,27.8,24.1,20.79,20.67,20.04,18.67,17.0,13.0,11.2,11.4,8.9,11.2,23.19,17.83,15.37,15.63,21.01
GRV,2024-08-26,43.86,34.86,38.0,36.43,41.14,-0.1,-0.1,0.0,0.0,0.0,0.0,0.0,0.0,0.6,0.6,0.0,0.0,0.0,0.0,0.0,8.4,8.3,8.2,8.0,8.3,27.3,29.6,29.3,29.1,27.8,19.14,20.79,19.84,19.4,18.16,12.6,13.0,12.3,10.3,10.6,23.29,23.19,21.54,13.8,14.83
GRV,2024-09-02,41.29,43.86,36.86,31.71,32.57,0.9,-0.1,-0.1,0.0,0.0,1.0,0.0,0.0,0.0,0.6,1.0,0.0,0.0,0.0,0.0,8.6,8.4,8.3,8.1,7.9,32.1,27.3,30.6,28.3,27.8,21.16,19.14,20.67,20.04,18.67,12.3,12.6,11.2,11.4,8.9,19.5,23.29,17.83,15.37,15.63
GRV,2024-09-09,43.14,41.29,34.86,38.0,36.43,-1.1,0.9,-0.1,0.0,0.0,1.0,1.0,0.0,0.0,0.6,0.0,1.0,0.0,0.0,0.0,9.3,8.6,8.3,8.2,8.0,29.1,32.1,29.6,29.3,29.1,19.27,21.16,20.79,19.84,19.4,10.0,12.3,13.0,12.3,10.3,22.06,19.5,23.19,21.54,13.8
GRV,2024-09-16,37.57,43.14,43.86,36.86,31.71,-1.1,-1.1,-0.1,-0.1,0.0,1.0,1.0,0.0,0.0,0.0,0.0,0.0,0.0,0.0,0.0,9.3,9.3,8.4,8.3,8.1,32.0,29.1,27.3,30.6,28.3,24.21,19.27,19.14,20.67,20.04,15.5,10.0,12.6,11.2,11.4,25.67,22.06,23.29,17.83,15.37
GRV,2024-09-23,31.71,37.57,41.29,34.86,38.0,-1.1,-1.1,0.9,-0.1,0.0,1.0,1.0,1.0,0.0,0.0,0.0,0.0,1.0,0.0,0.0,9.3,9.3,8.6,8.3,8.2,33.5,32.0,32.1,29.6,29.3,24.93,24.21,21.16,20.79,19.84,16.9,15.5,12.3,13.0,12.3,25.63,25.67,19.5,23.19,21.54
GRV,2024-09-30,38.57,31.71,43.14,43.86,36.86,-1.1,-1.1,-1.1,-0.1,-0.1,0.0,1.0,1.0,0.0,0.0,0.0,0.0,0.0,0.0,0.0,9.3,9.3,9.3,8.4,8.3,35.7,33.5,29.1,27.3,30.6,23.93,24.93,19.27,19.14,20.67,13.2,16.9,10.0,12.6,11.2,21.46,25.63,22.06,23.29,17.83
GRV,2024-10-07,40.43,38.57,37.57,41.29,34.86,-1.1,-1.1,-1.1,0.9,-0.1,0.0,0.0,1.0,1.0,0.0,0.0,0.0,0.0,1.0,0.0,9.3,9.3,9.3,8.6,8.3,35.7,35.7,32.0,32.1,29.6,22.43,23.93,24.21,21.16,20.79,12.5,13.2,15.5,12.3,13.0,26.23,21.46,25.67,19.5,23.19
GRV,2024-10-14,35.43,40.43,31.71,43.14,43.86,-3.6,-1.1,-1.1,-1.1,-0.1,0.0,0.0,1.0,1.0,0.0,0.0,0.0,0.0,0.0,0.0,9.3,9.3,9.3,9.3,8.4,32.4,35.7,33.5,29.1,27.3,22.93,22.43,24.93,19.27,19.14,13.9,12.5,16.9,10.0,12.6,23.41,26.23,25.63,22.06,23.29
GRV,2024-10-21,54.43,35.43,38.57,37.57,41.29,18.2,-3.6,-1.1,-1.1,0.9,21.8,0.0,0.0,1.0,1.0,21.8,0.0,0.0,0.0,1.0,18.4,9.3,9.3,9.3,8.6,33.1,32.4,35.7,32.0,32.1,21.74,22.93,23.93,24.21,21.16,12.6,13.9,13.2,15.5,12.3,18.36,23.41,21.46,25.67,19.5
GRV,2024-10-28,39.71,54.43,40.43,31.71,43.14,-3.6,18.2,-1.1,-1.1,-1.1,21.8,21.8,0.0,1.0,1.0,0.0,21.8,0.0,0.0,0.0,10.7,18.4,9.3,9.3,9.3,33.6,33.1,35.7,33.5,29.1,26.51,21.74,22.43,24.93,19.27,17.8,12.6,12.5,16.9,10.0,24.49,18.36,26.23,25.63,22.06
GRV,2024-11-04,60.0,39.71,35.43,38.57,37.57,2.4,-3.6,-3.6,-1.1,-1.1,27.9,21.8,0.0,0.0,1.0,6.1,0.0,0.0,0.0,0.0,19.1,10.7,9.3,9.3,9.3,33.4,33.6,32.4,35.7,32.0,24.03,26.51,22.93,23.93,24.21,18.2,17.8,13.9,13.2,15.5,19.16,24.49,23.41,21.46,25.67
GRV,2024-11-11,46.86,60.0,54.43,40.43,31.71,-19.4,2.4,18.2,-1.1,-1.1,28.6,27.9,21.8,0.0,1.0,0.7,6.1,21.8,0.0,0.0,12.7,19.1,18.4,9.3,9.3,34.3,33.4,33.1,35.7,33.5,25.7,24.03,21.74,22.43,24.93,18.5,18.2,12.6,12.5,16.9,23.74,19.16,18.36,26.23,25.63
GRV,2024-11-18,57.0,46.86,39.71,35.43,38.57,-2.3,-19.4,-3.6,-3.6,-1.1,24.6,28.6,21.8,0.0,0.0,17.8,0.7,0.0,0.0,0.0,25.2,12.7,10.7,9.3,9.3,33.4,34.3,33.6,32.4,35.7,24.13,25.7,26.51,22.93,23.93,17.2,18.5,17.8,13.9,13.2,22.34,23.74,24.49,23.41,21.46
GRV,2024-11-25,44.71,57.0,60.0,54.43,40.43,-19.5,-2.3,2.4,18.2,-1.1,25.2,24.6,27.9,21.8,0.0,0.6,17.8,6.1,21.8,0.0,19.7,25.2,19.1,18.4,9.3,32.0,33.4,33.4,33.1,35.7,25.89,24.13,24.03,21.74,22.43,19.5,17.2,18.2,12.6,12.5,19.27,22.34,19.16,18.36,26.23
GRV,2024-12-02,60.86,44.71,46.86,39.71,35.43,5.8,-19.5,-19.4,-3.6,-3.6,45.0,25.2,28.6,21.8,0.0,25.9,0.6,0.7,0.0,0.0,25.5,19.7,12.7,10.7,9.3,30.4,32.0,34.3,33.6,32.4,23.66,25.89,25.7,26.51,22.93,16.1,19.5,18.5,17.8,13.9,19.34,19.27,23.74,24.49,23.41
GRV,2024-12-09,36.0,60.86,57.0,60.0,54.43,-26.7,5.8,-2.3,2.4,18.2,45.0,45.0,24.6,27.9,21.8,0.7,25.9,17.8,6.1,21.8,17.0,25.5,25.2,19.1,18.4,35.6,30.4,33.4,33.4,33.1,26.43,23.66,24.13,24.03,21.74,16.6,16.1,17.2,18.2,12.6,20.77,19.34,22.34,19.16,18.36
GRV,2024-12-16,40.0,36.0,44.71,46.86,39.71,-27.4,-26.7,-19.5,-19.4,-3.6,27.2,45.0,25.2,28.6,21.8,0.0,0.7,0.6,0.7,0.0,15.5,17.0,19.7,12.7,10.7,35.8,35.6,32.0,34.3,33.6,27.23,26.43,25.89,25.7,26.51,20.3,16.6,19.5,18.5,17.8,22.34,20.77,19.27,23.74,24.49
GRV,2024-12-23,54.43,40.0,60.86,57.0,60.0,-19.4,-27.4,5.8,-2.3,2.4,34.6,27.2,45.0,24.6,27.9,8.0,0.0,25.9,17.8,6.1,17.7,15.5,25.5,25.2,19.1,32.3,35.8,30.4,33.4,33.4,25.66,27.23,23.66,24.13,24.03,20.1,20.3,16.1,17.2,18.2,21.57,22.34,19.34,22.34,19.16
GRV,2024-12-30,55.29,54.43,36.0,44.71,46.86,-14.6,-19.4,-26.7,-19.5,-19.4,21.5,34.6,45.0,25.2,28.6,12.8,8.0,0.7,0.6,0.7,18.8,17.7,17.0,19.7,12.7,33.4,32.3,35.6,32.0,34.3,25.91,25.66,26.43,25.89,25.7,20.4,20.1,16.6,19.5,18.5,17.84,21.57,20.77,19.27,23.74
GRV,2025-01-06,80.71,55.29,40.0,60.86,57.0,31.4,-14.6,-27.4,5.8,-2.3,79.6,21.5,27.2,45.0,24.6,58.8,12.8,0.0,25.9,17.8,32.4,18.8,15.5,25.5,25.2,27.8,33.4,35.8,30.4,33.4,22.23,25.91,27.23,23.66,24.13,18.9,20.4,20.3,16.1,17.2,14.96,17.84,22.34,19.34,22.34
GRV,2025-01-13,81.71,80.71,54.43,36.0,44.71,-9.2,31.4,-19.4,-26.7,-19.5,114.6,79.6,34.6,45.0,25.2,35.0,58.8,8.0,0.7,0.6,31.7,32.4,17.7,17.0,19.7,28.5,27.8,32.3,35.6,32.0,21.86,22.23,25.66,26.43,25.89,18.4,18.9,20.1,16.6,19.5,16.6,14.96,21.57,20.77,19.27
GRV,2025-01-20,72.71,81.71,55.29,40.0,60.86,1.4,-9.2,-14.6,-27.4,5.8,152.2,114.6,21.5,27.2,45.0,45.6,35.0,12.8,0.0,25.9,18.1,31.7,18.8,15.5,25.5,29.9,28.5,33.4,35.8,30.4,23.44,21.86,25.91,27.23,23.66,18.5,18.4,20.4,20.3,16.1,14.91,16.6,17.84,22.34,19.34
GRV,2025-01-27,82.29,72.71,80.71,54.43,36.0,41.4,1.4,31.4,-19.4,-26.7,225.0,152.2,79.6,34.6,45.0,85.6,45.6,58.8,8.0,0.7,32.4,18.1,32.4,17.7,17.0,27.1,29.9,27.8,32.3,35.6,21.46,23.44,22.23,25.66,26.43,16.7,18.5,18.9,20.1,16.6,11.63,14.91,14.96,21.57,20.77
GRV,2025-02-03,82.86,82.29,81.71,55.29,40.0,22.6,41.4,-9.2,-14.6,-27.4,233.0,225.0,114.6,21.5,27.2,66.8,85.6,35.0,12.8,0.0,36.4,32.4,31.7,18.8,15.5,27.4,27.1,28.5,33.4,35.8,21.24,21.46,21.86,25.91,27.23,17.0,16.7,18.4,20.4,20.3,12.01,11.63,16.6,17.84,22.34
GRV,2025-02-10,71.43,82.86,72.71,80.71,54.43,-18.6,22.6,1.4,31.4,-19.4,200.9,233.0,152.2,79.6,34.6,2.9,66.8,45.6,58.8,8.0,22.4,36.4,18.1,32.4,17.7,30.0,27.4,29.9,27.8,32.3,22.97,21.24,23.44,22.23,25.66,16.6,17.0,18.5,18.9,20.1,14.86,12.01,14.91,14.96,21.57
GRV,2025-02-17,80.43,71.43,82.29,81.71,55.29,16.5,-18.6,41.4,-9.2,-14.6,193.2,200.9,225.0,114.6,21.5,37.9,2.9,85.6,35.0,12.8,26.2,22.4,32.4,31.7,18.8,28.3,30.0,27.1,28.5,33.4,22.33,22.97,21.46,21.86,25.91,18.3,16.6,16.7,18.4,20.4,14.81,14.86,11.63,16.6,17.84
GRV,2025-02-24,85.57,80.43,82.86,72.71,80.71,36.4,16.5,22.6,1.4,31.4,165.5,193.2,233.0,152.2,79.6,57.9,37.9,66.8,45.6,58.8,33.7,26.2,36.4,18.1,32.4,27.6,28.3,27.4,29.9,27.8,21.83,22.33,21.24,23.44,22.23,18.3,18.3,17.0,18.5,18.9,11.59,14.81,12.01,14.91,14.96
GRV,2025-03-03,87.14,85.57,71.43,82.29,81.71,38.6,36.4,-18.6,41.4,-9.2,158.8,165.5,200.9,225.0,114.6,60.1,57.9,2.9,85.6,35.0,38.1,33.7,22.4,32.4,31.7,27.3,27.6,30.0,27.1,28.5,21.39,21.83,22.97,21.46,21.86,17.6,18.3,16.6,16.7,18.4,13.37,11.59,14.86,11.63,16.6
GRV,2025-03-10,75.43,87.14,80.43,82.86,72.71,0.9,38.6,16.5,22.6,1.4,164.0,158.8,193.2,233.0,152.2,8.1,60.1,37.9,66.8,45.6,30.5,38.1,26.2,36.4,18.1,28.3,27.3,28.3,27.4,29.9,22.19,21.39,22.33,21.24,23.44,16.8,17.6,18.3,17.0,18.5,14.64,13.37,14.81,12.01,14.91
GRV,2025-03-17,74.14,75.43,85.57,71.43,82.29,14.9,0.9,36.4,-18.6,41.4,148.2,164.0,165.5,200.9,225.0,22.1,8.1,57.9,2.9,85.6,31.1,30.5,33.7,22.4,32.4,28.6,28.3,27.6,30.0,27.1,21.97,22.19,21.83,22.97,21.46,17.6,16.8,18.3,16.6,16.7,14.64,14.64,11.59,14.86,11.63
GRV,2025-03-24,72.86,74.14,87.14,80.43,82.86,-3.8,14.9,38.6,16.5,22.6,93.7,148.2,158.8,193.2,233.0,3.4,22.1,60.1,37.9,66.8,24.4,31.1,38.1,26.2,36.4,27.1,28.6,27.3,28.3,27.4,21.04,21.97,21.39,22.33,21.24,15.1,17.6,17.6,18.3,17.0,15.39,14.64,13.37,14.81,12.01
GRV,2025-03-31,67.14,72.86,75.43,85.57,71.43,-6.4,-3.8,0.9,36.4,-18.6,34.4,93.7,164.0,165.5,200.9,0.8,3.4,8.1,57.9,2.9,21.9,24.4,30.5,33.7,22.4,28.4,27.1,28.3,27.6,30.0,21.8,21.04,22.19,21.83,22.97,16.4,15.1,16.8,18.3,16.6,16.07,15.39,14.64,11.59,14.86
GRV,2025-04-07,66.57,67.14,74.14,87.14,80.43,-4.5,-6.4,14.9,38.6,16.5,29.0,34.4,148.2,158.8,193.2,2.7,0.8,22.1,60.1,37.9,20.5,21.9,31.1,38.1,26.2,27.9,28.4,28.6,27.3,28.3,21.84,21.8,21.97,21.39,22.33,16.3,16.4,17.6,17.6,18.3,19.91,16.07,14.64,13.37,14.81
GRV,2025-04-14,69.14,66.57,72.86,75.43,85.57,6.1,-4.5,-3.8,0.9,36.4,20.7,29.0,93.7,164.0,165.5,13.8,2.7,3.4,8.1,57.9,23.6,20.5,24.4,30.5,33.7,28.2,27.9,27.1,28.3,27.6,22.0,21.84,21.04,22.19,21.83,16.1,16.3,15.1,16.8,18.3,16.47,19.91,15.39,14.64,11.59
GRV,2025-04-21,78.0,69.14,67.14,74.14,87.14,7.4,6.1,-6.4,14.9,38.6,32.4,20.7,34.4,148.2,158.8,15.1,13.8,0.8,22.1,60.1,28.6,23.6,21.9,31.1,38.1,27.2,28.2,28.4,28.6,27.3,20.27,22.0,21.8,21.97,21.39,15.4,16.1,16.4,17.6,17.6,18.06,16.47,16.07,14.64,13.37
GRV,2025-04-28,70.43,78.0,66.57,72.86,75.43,-6.9,7.4,-4.5,-3.8,0.9,32.4,32.4,29.0,93.7,164.0,0.8,15.1,2.7,3.4,8.1,23.6,28.6,20.5,24.4,30.5,27.5,27.2,27.9,27.1,28.3,20.54,20.27,21.84,21.04,22.19,14.7,15.4,16.3,15.1,16.8,17.57,18.06,19.91,15.39,14.64
GRV,2025-05-05,68.43,70.43,69.14,67.14,74.14,1.3,-6.9,6.1,-6.4,14.9,38.7,32.4,20.7,34.4,148.2,9.0,0.8,13.8,0.8,22.1,22.4,23.6,23.6,21.9,31.1,27.7,27.5,28.2,28.4,28.6,20.86,20.54,22.0,21.8,21.97,16.0,14.7,16.1,16.4,17.6,14.99,17.57,16.47,16.07,14.64
GRV,2025-05-12,64.57,68.43,78.0,66.57,72.86,-0.2,1.3,7.4,-4.5,-3.8,24.9,38.7,32.4,29.0,93.7,0.0,9.0,15.1,2.7,3.4,21.9,22.4,28.6,20.5,24.4,26.7,27.7,27.2,27.9,27.1,18.04,20.86,20.27,21.84,21.04,11.0,16.0,15.4,16.3,15.1,15.83,14.99,18.06,19.91,15.39
GRV,2025-05-19,64.14,64.57,70.43,69.14,67.14,0.0,-0.2,-6.9,6.1,-6.4,10.0,24.9,32.4,20.7,34.4,0.2,0.0,0.8,13.8,0.8,19.7,21.9,23.6,23.6,21.9,26.3,26.7,27.5,28.2,28.4,18.61,18.04,20.54,22.0,21.8,12.2,11.0,14.7,16.1,16.4,17.83,15.83,17.57,16.47,16.07
GRV,2025-05-26,61.0,64.14,68.43,78.0,66.57,-0.2,0.0,1.3,7.4,-4.5,9.2,10.0,38.7,32.4,29.0,0.0,0.2,9.0,15.1,2.7,21.2,19.7,22.4,28.6,20.5,27.6,26.3,27.7,27.2,27.9,18.73,18.61,20.86,20.27,21.84,12.3,12.2,16.0,15.4,16.3,20.1,17.83,14.99,18.06,19.91
GRV,2025-06-02,62.0,61.0,64.57,70.43,69.14,-0.1,-0.2,-0.2,-6.9,6.1,0.3,9.2,24.9,32.4,20.7,0.1,0.0,0.0,0.8,13.8,19.8,21.2,21.9,23.6,23.6,23.6,27.6,26.7,27.5,28.2,16.9,18.73,18.04,20.54,22.0,11.2,12.3,11.0,14.7,16.1,17.84,20.1,15.83,17.57,16.47
GRV,2025-06-09,57.43,62.0,64.14,68.43,78.0,-0.1,-0.1,0.0,1.3,7.4,0.3,0.3,10.0,38.7,32.4,0.0,0.1,0.2,9.0,15.1,15.7,19.8,19.7,22.4,28.6,24.2,23.6,26.3,27.7,27.2,16.8,16.9,18.61,20.86,20.27,9.5,11.2,12.2,16.0,15.4,15.81,17.84,17.83,14.99,18.06
GRV,2025-06-16,56.0,57.43,61.0,64.57,70.43,0.1,-0.1,-0.2,-0.2,-6.9,0.3,0.3,9.2,24.9,32.4,0.2,0.0,0.0,0.0,0.8,13.7,15.7,21.2,21.9,23.6,27.4,24.2,27.6,26.7,27.5,18.11,16.8,18.73,18.04,20.54,10.8,9.5,12.3,11.0,14.7,19.84,15.81,20.1,15.83,17.57
GRV,2025-06-23,54.57,56.0,62.0,64.14,68.43,-0.1,0.1,-0.1,0.0,1.3,0.3,0.3,0.3,10.0,38.7,0.0,0.2,0.1,0.2,9.0,13.1,13.7,19.8,19.7,22.4,25.3,27.4,23.6,26.3,27.7,17.54,18.11,16.9,18.61,20.86,9.9,10.8,11.2,12.2,16.0,15.84,19.84,17.84,17.83,14.99
GRV,2025-06-30,54.29,54.57,57.43,61.0,64.57,-0.1,-0.1,-0.1,-0.2,-0.2,0.2,0.3,0.3,9.2,24.9,0.0,0.0,0.0,0.0,0.0,12.7,13.1,15.7,21.2,21.9,26.3,25.3,24.2,27.6,26.7,17.54,17.54,16.8,18.73,18.04,10.2,9.9,9.5,12.3,11.0,17.54,15.84,15.81,20.1,15.83
GRV,2025-07-07,56.43,54.29,56.0,62.0,64.14,-0.1,-0.1,0.1,-0.1,0.0,0.2,0.2,0.3,0.3,10.0,0.0,0.0,0.2,0.1,0.2,12.4,12.7,13.7,19.8,19.7,25.8,26.3,27.4,23.6,26.3,17.46,17.54,18.11,16.9,18.61,10.1,10.2,10.8,11.2,12.2,18.37,17.54,19.84,17.84,17.83
GRV,2025-07-14,52.0,56.43,54.57,57.43,61.0,0.0,-0.1,-0.1,-0.1,-0.2,0.0,0.2,0.3,0.3,9.2,0.0,0.0,0.0,0.0,0.0,12.4,12.4,13.1,15.7,21.2,26.4,25.8,25.3,24.2,27.6,16.69,17.46,17.54,16.8,18.73,9.5,10.1,9.9,9.5,12.3,20.64,18.37,15.84,15.81,20.1
GRV,2025-07-21,52.86,52.0,54.29,56.0,62.0,0.0,0.0,-0.1,0.1,-0.1,0.0,0.0,0.2,0.3,0.3,0.0,0.0,0.0,0.2,0.1,12.2,12.4,12.7,13.7,19.8,24.1,26.4,26.3,27.4,23.6,17.27,16.69,17.54,18.11,16.9,11.6,9.5,10.2,10.8,11.2,19.91,20.64,17.54,19.84,17.84
GRV,2025-07-28,52.14,52.86,56.43,54.57,57.43,0.0,0.0,-0.1,-0.1,-0.1,0.0,0.0,0.2,0.3,0.3,0.0,0.0,0.0,0.0,0.0,12.2,12.2,12.4,13.1,15.7,24.7,24.1,25.8,25.3,24.2,16.8,17.27,17.46,17.54,16.8,10.7,11.6,10.1,9.9,9.5,19.89,19.91,18.37,15.84,15.81
GRV,2025-08-04,50.14,52.14,52.0,54.29,56.0,0.0,0.0,0.0,-0.1,0.1,0.0,0.0,0.0,0.2,0.3,0.0,0.0,0.0,0.0,0.2,12.3,12.2,12.4,12.7,13.7,25.4,24.7,26.4,26.3,27.4,15.14,16.8,16.69,17.54,18.11,8.1,10.7,9.5,10.2,10.8,19.61,19.89,20.64,17.54,19.84
GRV,2025-08-11,47.29,50.14,52.86,56.43,54.57,-0.1,0.0,0.0,-0.1,-0.1,0.0,0.0,0.0,0.2,0.3,0.0,0.0,0.0,0.0,0.0,12.2,12.3,12.2,12.4,13.1,25.6,25.4,24.1,25.8,25.3,17.24,15.14,17.27,17.46,17.54,8.8,8.1,11.6,10.1,9.9,17.91,19.61,19.91,18.37,15.84
GRV,2025-08-18,44.14,47.29,52.14,52.0,54.29,-0.1,-0.1,0.0,0.0,-0.1,0.0,0.0,0.0,0.0,0.2,0.0,0.0,0.0,0.0,0.0,12.1,12.2,12.2,12.4,12.7,27.3,25.6,24.7,26.4,26.3,18.59,17.24,16.8,16.69,17.54,11.8,8.8,10.7,9.5,10.2,20.63,17.91,19.89,20.64,17.54
GRV,2025-08-25,38.86,44.14,50.14,52.86,56.43,-0.1,-0.1,0.0,0.0,-0.1,0.0,0.0,0.0,0.0,0.2,0.0,0.0,0.0,0.0,0.0,12.3,12.1,12.3,12.2,12.4,30.8,27.3,25.4,24.1,25.8,19.81,18.59,15.14,17.27,17.46,11.7,11.8,8.1,11.6,10.1,15.83,20.63,19.61,19.91,18.37
GRV,2025-09-01,27.86,38.86,47.29,52.14,52.0,-0.1,-0.1,-0.1,0.0,0.0,0.0,0.0,0.0,0.0,0.0,0.0,0.0,0.0,0.0,0.0,12.5,12.3,12.2,12.2,12.4,29.7,30.8,25.6,24.7,26.4,22.16,19.81,17.24,16.8,16.69,14.7,11.7,8.8,10.7,9.5,24.76,15.83,17.91,19.89,20.64
GRV,2025-09-08,29.86,27.86,44.14,50.14,52.86,-1.1,-0.1,-0.1,0.0,0.0,0.0,0.0,0.0,0.0,0.0,0.0,0.0,0.0,0.0,0.0,12.7,12.5,12.1,12.3,12.2,31.4,29.7,27.3,25.4,24.1,22.51,22.16,18.59,15.14,17.27,13.8,14.7,11.8,8.1,11.6,23.29,24.76,20.63,19.61,19.91
GRV,2025-09-15,37.14,29.86,38.86,47.29,52.14,-1.1,-1.1,-0.1,-0.1,0.0,0.0,0.0,0.0,0.0,0.0,0.0,0.0,0.0,0.0,0.0,13.0,12.7,12.3,12.2,12.2,30.5,31.4,30.8,25.6,24.7,22.89,22.51,19.81,17.24,16.8,16.2,13.8,11.7,8.8,10.7,24.26,23.29,15.83,17.91,19.89
GRV,2025-09-22,33.57,37.14,27.86,44.14,50.14,-1.1,-1.1,-0.1,-0.1,0.0,0.0,0.0,0.0,0.0,0.0,0.0,0.0,0.0,0.0,0.0,14.8,13.0,12.5,12.1,12.3,34.1,30.5,29.7,27.3,25.4,23.77,22.89,22.16,18.59,15.14,14.8,16.2,14.7,11.8,8.1,23.76,24.26,24.76,20.63,19.61
GRV,2025-09-29,43.29,33.57,29.86,38.86,47.29,-1.1,-1.1,-1.1,-0.1,-0.1,0.0,0.0,0.0,0.0,0.0,0.0,0.0,0.0,0.0,0.0,13.1,14.8,12.7,12.3,12.2,32.4,34.1,31.4,30.8,25.6,23.59,23.77,22.51,19.81,17.24,15.2,14.8,13.8,11.7,8.8,22.83,23.76,23.29,15.83,17.91
GRV,2025-10-06,49.71,43.29,37.14,27.86,44.14,9.6,-1.1,-1.1,-0.1,-0.1,10.7,0.0,0.0,0.0,0.0,10.7,0.0,0.0,0.0,0.0,15.8,13.1,13.0,12.5,12.1,33.0,32.4,30.5,29.7,27.3,21.83,23.59,22.89,22.16,18.59,13.7,15.2,16.2,14.7,11.8,23.14,22.83,24.26,24.76,20.63
GRV,2025-10-13,38.86,49.71,33.57,29.86,38.86,-3.1,9.6,-1.1,-1.1,-0.1,11.3,10.7,0.0,0.0,0.0,0.6,10.7,0.0,0.0,0.0,13.0,15.8,14.8,12.7,12.3,32.0,33.0,34.1,31.4,30.8,23.9,21.83,23.77,22.51,19.81,14.5,13.7,14.8,13.8,11.7,23.89,23.14,23.76,23.29,15.83
GRV,2025-10-20,38.71,38.86,43.29,37.14,27.86,-3.6,-3.1,-1.1,-1.1,-0.1,11.3,11.3,0.0,0.0,0.0,0.0,0.6,0.0,0.0,0.0,14.2,13.0,13.1,13.0,12.5,33.3,32.0,32.4,30.5,29.7,25.41,23.9,23.59,22.89,22.16,17.7,14.5,15.2,16.2,14.7,24.71,23.89,22.83,24.26,24.76
GRV,2025-10-27,48.43,38.71,49.71,33.57,29.86,-3.1,-3.6,9.6,-1.1,-1.1,11.9,11.3,10.7,0.0,0.0,0.6,0.0,10.7,0.0,0.0,13.7,14.2,15.8,14.8,12.7,33.0,33.3,33.0,34.1,31.4,23.16,25.41,21.83,23.77,22.51,16.3,17.7,13.7,14.8,13.8,21.47,24.71,23.14,23.76,23.29
GRV,2025-11-03,35.71,48.43,38.86,43.29,37.14,-3.6,-3.1,-3.1,-1.1,-1.1,1.3,11.9,11.3,0.0,0.0,0.1,0.6,0.6,0.0,0.0,12.8,13.7,13.0,13.1,13.0,34.1,33.0,32.0,32.4,30.5,27.13,23.16,23.9,23.59,22.89,19.5,16.3,14.5,15.2,16.2,26.9,21.47,23.89,22.83,24.26
GRV,2025-11-10,56.57,35.71,38.71,49.71,33.57,-5.4,-3.6,-3.6,9.6,-1.1,15.4,1.3,11.3,10.7,0.0,14.7,0.1,0.0,10.7,0.0,17.6,12.8,14.2,15.8,14.8,30.6,34.1,33.3,33.0,34.1,23.71,27.13,25.41,21.83,23.77,17.8,19.5,17.7,13.7,14.8,26.56,26.9,24.71,23.14,23.76
GRV,2025-11-17,70.0,56.57,48.43,38.86,43.29,0.7,-5.4,-3.1,-3.1,-1.1,36.2,15.4,11.9,11.3,0.0,20.8,14.7,0.6,0.6,0.0,25.1,17.6,13.7,13.0,13.1,28.0,30.6,33.0,32.0,32.4,21.97,23.71,23.16,23.9,23.59,18.0,17.8,16.3,14.5,15.2,19.34,26.56,21.47,23.89,22.83
GRV,2025-11-24,71.29,70.0,35.71,38.71,49.71,34.1,0.7,-3.6,-3.6,9.6,89.8,36.2,1.3,11.3,10.7,54.2,20.8,0.1,0.0,10.7,33.3,25.1,12.8,14.2,15.8,28.8,28.0,34.1,33.3,33.0,21.26,21.97,27.13,25.41,21.83,14.6,18.0,19.5,17.7,13.7,16.3,19.34,26.9,24.71,23.14
GRV,2025-12-01,61.14,71.29,56.57,48.43,38.86,6.1,34.1,-5.4,-3.1,-3.1,115.9,89.8,15.4,11.9,11.3,26.2,54.2,14.7,0.6,0.6,26.5,33.3,17.6,13.7,13.0,30.5,28.8,30.6,33.0,32.0,24.1,21.26,23.71,23.16,23.9,18.2,14.6,17.8,16.3,14.5,18.31,16.3,26.56,21.47,23.89
GRV,2025-12-08,72.29,61.14,70.0,35.71,38.71,16.3,6.1,0.7,-3.6,-3.6,144.9,115.9,36.2,1.3,11.3,43.7,26.2,20.8,0.1,0.0,32.0,26.5,25.1,12.8,14.2,27.7,30.5,28.0,34.1,33.3,21.94,24.1,21.97,27.13,25.41,17.9,18.2,18.0,19.5,17.7,20.09,18.31,19.34,26.9,24.71
GRV,2025-12-15,69.71,72.29,71.29,56.57,48.43,11.8,16.3,34.1,-5.4,-3.1,163.3,144.9,89.8,15.4,11.9,39.2,43.7,54.2,14.7,0.6,32.5,32.0,33.3,17.6,13.7,28.2,27.7,28.8,30.6,33.0,22.2,21.94,21.26,23.71,23.16,17.2,17.9,14.6,17.8,16.3,19.21,20.09,16.3,26.56,21.47
GRV,2025-12-22,72.43,69.71,61.14,70.0,35.71,-16.4,11.8,6.1,0.7,-3.6,120.1,163.3,115.9,36.2,1.3,11.0,39.2,26.2,20.8,0.1,25.1,32.5,26.5,25.1,12.8,27.3,28.2,30.5,28.0,34.1,22.51,22.2,24.1,21.97,27.13,18.6,17.2,18.2,18.0,19.5,18.84,19.21,18.31,19.34,26.9
GRV,2025-12-29,83.14,72.43,72.29,71.29,56.57,65.8,-16.4,16.3,34.1,-5.4,187.1,120.1,144.9,89.8,15.4,93.2,11.0,43.7,54.2,14.7,36.8,25.1,32.0,33.3,17.6,28.9,27.3,27.7,28.8,30.6,21.24,22.51,21.94,21.26,23.71,17.2,18.6,17.9,14.6,17.8,14.21,18.84,20.09,16.3,26.56
HRG,2024-01-08,81.29,,,,,-23.7,,,,,,,,,,21.3,,,,,34.2,,,,,27.4,,,,,21.66,,,,,18.0,,,,,17.89,,,,
HRG,2024-01-15,87.43,81.29,,,,-0.2,-23.7,,,,,,,,,44.8,21.3,,,,33.8,34.2,,,,26.8,27.4,,,,21.23,21.66,,,,18.6,18.0,,,,19.71,17.89,,,
HRG,2024-01-22,88.71,87.43,,,,69.7,-0.2,,,,,,,,,114.7,44.8,,,,40.0,33.8,,,,26.2,26.8,,,,20.59,21.23,,,,16.8,18.6,,,,16.96,19.71,,,
HRG,2024-01-29,76.86,88.71,81.29,,,-37.2,69.7,-23.7,,,188.6,,,,,7.8,114.7,21.3,,,32.1,40.0,34.2,,,27.0,26.2,27.4,,,21.07,20.59,21.66,,,16.5,16.8,18.0,,,16.33,16.96,17.89,,
HRG,2024-02-05,70.86,76.86,87.43,,,-36.6,-37.2,-0.2,,,175.7,188.6,,,,8.4,7.8,44.8,,,20.9,32.1,33.8,,,27.7,27.0,26.8,,,22.2,21.07,21.23,,,16.6,16.5,18.6,,,17.76,16.33,19.71,,
HRG,2024-02-12,61.71,70.86,88.71,81.29,,-12.4,-36.6,69.7,-23.7,,140.0,175.7,,,,9.1,8.4,114.7,21.3,,16.2,20.9,40.0,34.2,,32.9,27.7,26.2,27.4,,24.61,22.2,20.59,21.66,,19.0,16.6,16.8,18.0,,17.67,17.76,16.96,17.89,
HRG,2024-02-19,58.43,61.71,76.86,87.43,,-19.1,-12.4,-37.2,-0.2,,27.7,140.0,188.6,,,2.4,9.1,7.8,44.8,,15.0,16.2,32.1,33.8,,32.1,32.9,27.0,26.8,,24.21,24.61,21.07,21.23,,17.8,19.0,16.5,18.6,,18.1,17.67,16.33,19.71,
HRG,2024-02-26,55.0,58.43,70.86,88.71,81.29,-17.8,-19.1,-36.6,69.7,-23.7,23.6,27.7,175.7,,,3.7,2.4,8.4,114.7,21.3,13.5,15.0,20.9,40.0,34.2,30.9,32.1,27.7,26.2,27.4,24.8,24.21,22.2,20.59,21.66,19.1,17.8,16.6,16.8,18.0,19.54,18.1,17.76,16.96,17.89
HRG,2024-03-04,69.71,55.0,61.71,76.86,87.43,6.2,-17.8,-12.4,-37.2,-0.2,42.9,23.6,140.0,188.6,,27.7,3.7,9.1,7.8,44.8,19.0,13.5,16.2,32.1,33.8,30.1,30.9,32.9,27.0,26.8,22.39,24.8,24.61,21.07,21.23,16.7,19.1,19.0,16.5,18.6,18.49,19.54,17.67,16.33,19.71
HRG,2024-03-11,66.14,69.71,58.43,70.86,88.71,6.9,6.2,-19.1,-36.6,69.7,50.5,42.9,27.7,175.7,,16.7,27.7,2.4,8.4,114.7,19.6,19.0,15.0,20.9,40.0,31.4,30.1,32.1,27.7,26.2,24.63,22.39,24.21,22.2,20.59,19.2,16.7,17.8,16.6,16.8,15.74,18.49,18.1,17.76,16.96
HRG,2024-03-18,72.71,66.14,55.0,61.71,76.86,14.1,6.9,-17.8,-12.4,-37.2,72.0,50.5,23.6,140.0,188.6,23.9,16.7,3.7,9.1,7.8,22.6,19.6,13.5,16.2,32.1,29.5,31.4,30.9,32.9,27.0,23.51,24.63,24.8,24.61,21.07,18.8,19.2,19.1,19.0,16.5,15.47,15.74,19.54,17.67,16.33
HRG,2024-03-25,56.86,72.71,69.71,58.43,70.86,-9.4,14.1,6.2,-19.1,-36.6,68.7,72.0,42.9,27.7,175.7,0.4,23.9,27.7,2.4,8.4,15.6,22.6,19.0,15.0,20.9,29.1,29.5,30.1,32.1,27.7,22.91,23.51,22.39,24.21,22.2,17.3,18.8,16.7,17.8,16.6,20.1,15.47,18.49,18.1,17.76
HRG,2024-04-01,63.29,56.86,66.14,55.0,61.71,-5.3,-9.4,6.9,-17.8,-12.4,45.5,68.7,50.5,23.6,140.0,4.5,0.4,16.7,3.7,9.1,14.5,15.6,19.6,13.5,16.2,28.7,29.1,31.4,30.9,32.9,23.0,22.91,24.63,24.8,24.61,18.0,17.3,19.2,19.1,19.0,21.71,20.1,15.74,19.54,17.67
HRG,2024-04-08,59.0,63.29,72.71,69.71,58.43,-6.0,-5.3,14.1,6.2,-19.1,30.5,45.5,72.0,42.9,27.7,1.7,4.5,23.9,27.7,2.4,13.9,14.5,22.6,19.0,15.0,30.9,28.7,29.5,30.1,32.1,23.79,23.0,23.51,22.39,24.21,17.4,18.0,18.8,16.7,17.8,23.31,21.71,15.47,18.49,18.1
HRG,2024-04-15,75.57,59.0,56.86,66.14,55.0,31.0,-6.0,-9.4,6.9,-17.8,45.3,30.5,68.7,50.5,23.6,38.7,1.7,0.4,16.7,3.7,22.6,13.9,15.6,19.6,13.5,30.1,30.9,29.1,31.4,30.9,20.91,23.79,22.91,24.63,24.8,15.7,17.4,17.3,19.2,19.1,21.9,23.31,20.1,15.74,19.54
HRG,2024-04-22,66.43,75.57,63.29,72.71,69.71,-6.9,31.0,-5.3,14.1,6.2,45.7,45.3,45.5,72.0,42.9,0.8,38.7,4.5,23.9,27.7,19.9,22.6,14.5,22.6,19.0,28.4,30.1,28.7,29.5,30.1,20.63,20.91,23.0,23.51,22.39,14.9,15.7,18.0,18.8,16.7,21.03,21.9,21.71,15.47,18.49
HRG,2024-04-29,49.86,66.43,59.0,56.86,66.14,-7.7,-6.9,-6.0,-9.4,6.9,41.2,45.7,30.5,68.7,50.5,0.0,0.8,1.7,0.4,16.7,13.4,19.9,13.9,15.6,19.6,29.6,28.4,30.9,29.1,31.4,21.46,20.63,23.79,22.91,24.63,14.6,14.9,17.4,17.3,19.2,19.69,21.03,23.31,20.1,15.74
HRG,2024-05-06,49.29,49.86,75.57,63.29,72.71,-7.7,-7.7,31.0,-5.3,14.1,39.5,41.2,45.3,45.5,72.0,0.0,0.0,38.7,4.5,23.9,12.8,13.4,22.6,14.5,22.6,27.4,29.6,30.1,28.7,29.5,20.16,21.46,20.91,23.0,23.51,12.9,14.6,15.7,18.0,18.8,17.51,19.69,21.9,21.71,15.47
HRG,2024-05-13,50.14,49.29,66.43,59.0,56.86,-0.5,-7.7,-6.9,-6.0,-9.4,0.8,39.5,45.7,30.5,68.7,0.0,0.0,0.8,1.7,0.4,11.4,12.8,19.9,13.9,15.6,28.5,27.4,28.4,30.9,29.1,21.74,20.16,20.63,23.79,22.91,15.7,12.9,14.9,17.4,17.3,22.07,17.51,21.03,23.31,20.1
HRG,2024-05-20,52.14,50.14,49.86,75.57,63.29,-0.2,-0.5,-7.7,31.0,-5.3,0.3,0.8,41.2,45.3,45.5,0.3,0.0,0.0,38.7,4.5,11.4,11.4,13.4,22.6,14.5,27.0,28.5,29.6,30.1,28.7,20.16,21.74,21.46,20.91,23.0,14.2,15.7,14.6,15.7,18.0,17.5,22.07,19.69,21.9,21.71
HRG,2024-05-27,59.43,52.14,49.29,66.43,59.0,0.6,-0.2,-7.7,-6.9,-6.0,1.4,0.3,39.5,45.7,30.5,1.1,0.3,0.0,0.8,1.7,11.9,11.4,12.8,19.9,13.9,25.3,27.0,27.4,28.4,30.9,18.79,20.16,20.16,20.63,23.79,12.6,14.2,12.9,14.9,17.4,21.4,17.5,17.51,21.03,23.31
HRG,2024-06-03,49.57,59.43,50.14,49.86,75.57,-0.5,0.6,-0.5,-7.7,31.0,1.4,1.4,0.8,41.2,45.3,0.0,1.1,0.0,0.0,38.7,11.7,11.9,11.4,13.4,22.6,26.5,25.3,28.5,29.6,30.1,18.49,18.79,21.74,21.46,20.91,11.2,12.6,15.7,14.6,15.7,21.61,21.4,22.07,19.69,21.9
HRG,2024-06-10,41.29,49.57,52.14,49.29,66.43,0.0,-0.5,-0.2,-7.7,-6.9,1.4,1.4,0.3,39.5,45.7,0.0,0.0,0.3,0.0,0.8,11.3,11.7,11.4,12.8,19.9,28.9,26.5,27.0,27.4,28.4,21.43,18.49,20.16,20.16,20.63,12.4,11.2,14.2,12.9,14.9,20.07,21.61,17.5,17.51,21.03
HRG,2024-06-17,51.14,41.29,59.43,50.14,49.86,0.0,0.0,0.6,-0.5,-7.7,1.1,1.4,1.4,0.8,41.2,0.0,0.0,1.1,0.0,0.0,11.3,11.3,11.9,11.4,13.4,23.3,28.9,25.3,28.5,29.6,15.87,21.43,18.79,21.74,21.46,10.0,12.4,12.6,15.7,14.6,17.54,20.07,21.4,22.07,19.69
HRG,2024-06-24,50.14,51.14,49.57,52.14,49.29,0.0,0.0,-0.5,-0.2,-7.7,0.0,1.1,1.4,0.3,39.5,0.0,0.0,0.0,0.3,0.0,11.3,11.3,11.7,11.4,12.8,24.9,23.3,26.5,27.0,27.4,17.41,15.87,18.49,20.16,20.16,11.0,10.0,11.2,14.2,12.9,19.17,17.54,21.61,17.5,17.51
HRG,2024-07-01,60.29,50.14,41.29,59.43,50.14,0.0,0.0,0.0,0.6,-0.5,0.0,0.0,1.4,1.4,0.8,0.0,0.0,0.0,1.1,0.0,11.4,11.3,11.3,11.9,11.4,23.5,24.9,28.9,25.3,28.5,16.61,17.41,21.43,18.79,21.74,11.4,11.0,12.4,12.6,15.7,20.84,19.17,20.07,21.4,22.07
HRG,2024-07-08,40.43,60.29,51.14,49.57,52.14,0.0,0.0,0.0,-0.5,-0.2,0.0,0.0,1.1,1.4,0.3,0.0,0.0,0.0,0.0,0.3,11.8,11.4,11.3,11.7,11.4,27.5,23.5,23.3,26.5,27.0,18.56,16.61,15.87,18.49,20.16,11.3,11.4,10.0,11.2,14.2,17.94,20.84,17.54,21.61,17.5
HRG,2024-07-15,32.0,40.43,50.14,41.29,59.43,0.0,0.0,0.0,0.0,0.6,0.0,0.0,0.0,1.4,1.4,0.0,0.0,0.0,0.0,1.1,11.4,11.8,11.3,11.3,11.9,27.8,27.5,24.9,28.9,25.3,18.8,18.56,17.41,21.43,18.79,9.5,11.3,11.0,12.4,12.6,18.9,17.94,19.17,20.07,21.4
HRG,2024-07-22,36.0,32.0,60.29,51.14,49.57,0.0,0.0,0.0,0.0,-0.5,0.0,0.0,0.0,1.1,1.4,0.0,0.0,0.0,0.0,0.0,11.3,11.4,11.4,11.3,11.7,27.4,27.8,23.5,23.3,26.5,19.96,18.8,16.61,15.87,18.49,13.8,9.5,11.4,10.0,11.2,18.26,18.9,20.84,17.54,21.61
HRG,2024-07-29,29.14,36.0,40.43,50.14,41.29,0.0,0.0,0.0,0.0,0.0,0.0,0.0,0.0,0.0,1.4,0.0,0.0,0.0,0.0,0.0,11.3,11.3,11.8,11.3,11.3,29.5,27.4,27.5,24.9,28.9,20.84,19.96,18.56,17.41,21.43,13.1,13.8,11.3,11.0,12.4,19.99,18.26,17.94,19.17,20.07
HRG,2024-08-05,36.14,29.14,32.0,60.29,51.14,0.0,0.0,0.0,0.0,0.0,0.0,0.0,0.0,0.0,1.1,0.0,0.0,0.0,0.0,0.0,11.3,11.3,11.4,11.4,11.3,29.9,29.5,27.8,23.5,23.3,19.8,20.84,18.8,16.61,15.87,13.4,13.1,9.5,11.4,10.0,22.83,19.99,18.9,20.84,17.54
HRG,2024-08-12,36.29,36.14,36.0,40.43,50.14,-0.0,0.0,0.0,0.0,0.0,0.0,0.0,0.0,0.0,0.0,0.0,0.0,0.0,0.0,0.0,11.3,11.3,11.3,11.8,11.3,31.1,29.9,27.4,27.5,24.9,21.3,19.8,19.96,18.56,17.41,14.2,13.4,13.8,11.3,11.0,21.1,22.83,18.26,17.94,19.17
HRG,2024-08-19,32.71,36.29,29.14,32.0,60.29,-0.0,-0.0,0.0,0.0,0.0,0.0,0.0,0.0,0.0,0.0,0.0,0.0,0.0,0.0,0.0,11.3,11.3,11.3,11.4,11.4,30.9,31.1,29.5,27.8,23.5,21.5,21.3,20.84,18.8,16.61,14.3,14.2,13.1,9.5,11.4,21.5,21.1,19.99,18.9,20.84
HRG,2024-08-26,42.29,32.71,36.14,36.0,40.43,-0.0,-0.0,0.0,0.0,0.0,0.0,0.0,0.0,0.0,0.0,0.0,0.0,0.0,0.0,0.0,11.3,11.3,11.3,11.3,11.8,26.7,30.9,29.9,27.4,27.5,19.37,21.5,19.8,19.96,18.56,12.9,14.3,13.4,13.8,11.3,21.97,21.5,22.83,18.26,17.94
HRG,2024-09-02,40.29,42.29,36.29,29.14,32.0,0.3,-0.0,-0.0,0.0,0.0,0.3,0.0,0.0,0.0,0.0,0.3,0.0,0.0,0.0,0.0,11.4,11.3,11.3,11.3,11.4,32.1,26.7,31.1,29.5,27.8,21.4,19.37,21.3,20.84,18.8,11.9,12.9,14.2,13.1,9.5,21.13,21.97,21.1,19.99,18.9
HRG,2024-09-09,40.57,40.29,32.71,36.14,36.0,-0.3,0.3,-0.0,0.0,0.0,0.3,0.3,0.0,0.0,0.0,0.0,0.3,0.0,0.0,0.0,11.3,11.4,11.3,11.3,11.3,29.8,32.1,30.9,29.9,27.4,19.8,21.4,21.5,19.8,19.96,11.7,11.9,14.3,13.4,13.8,22.89,21.13,21.5,22.83,18.26
HRG,2024-09-16,36.43,40.57,42.29,36.29,29.14,-0.3,-0.3,-0.0,-0.0,0.0,0.3,0.3,0.0,0.0,0.0,0.0,0.0,0.0,0.0,0.0,11.2,11.3,11.3,11.3,11.3,31.9,29.8,26.7,31.1,29.5,24.37,19.8,19.37,21.3,20.84,17.0,11.7,12.9,14.2,13.1,26.46,22.89,21.97,21.1,19.99
HRG,2024-09-23,29.57,36.43,40.29,32.71,36.14,-0.3,-0.3,0.3,-0.0,0.0,0.3,0.3,0.3,0.0,0.0,0.0,0.0,0.3,0.0,0.0,11.3,11.2,11.4,11.3,11.3,33.2,31.9,32.1,30.9,29.9,25.44,24.37,21.4,21.5,19.8,18.5,17.0,11.9,14.3,13.4,27.81,26.46,21.13,21.5,22.83
HRG,2024-09-30,37.0,29.57,40.57,42.29,36.29,-0.3,-0.3,-0.3,-0.0,-0.0,0.0,0.3,0.3,0.0,0.0,0.0,0.0,0.0,0.0,0.0,11.3,11.3,11.3,11.3,11.3,35.0,33.2,29.8,26.7,31.1,24.46,25.44,19.8,19.37,21.3,13.9,18.5,11.7,12.9,14.2,23.17,27.81,22.89,21.97,21.1
HRG,2024-10-07,40.29,37.0,36.43,40.29,32.71,-0.3,-0.3,-0.3,0.3,-0.0,0.0,0.0,0.3,0.3,0.0,0.0,0.0,0.0,0.3,0.0,11.1,11.3,11.2,11.4,11.3,35.8,35.0,31.9,32.1,30.9,22.76,24.46,24.37,21.4,21.5,13.0,13.9,17.0,11.9,14.3,24.17,23.17,26.46,21.13,21.5
HRG,2024-10-14,34.29,40.29,29.57,40.57,42.29,-1.0,-0.3,-0.3,-0.3,-0.0,0.6,0.0,0.3,0.3,0.0,0.6,0.0,0.0,0.0,0.0,10.8,11.1,11.3,11.3,11.3,32.4,35.8,33.2,29.8,26.7,23.14,22.76,25.44,19.8,19.37,15.6,13.0,18.5,11.7,12.9,23.06,24.17,27.81,22.89,21.97
HRG,2024-10-21,51.43,34.29,37.0,36.43,40.29,5.6,-1.0,-0.3,-0.3,0.3,7.8,0.6,0.0,0.3,0.3,7.2,0.6,0.0,0.0,0.3,16.7,10.8,11.3,11.2,11.4,32.5,32.4,35.0,31.9,32.1,22.56,23.14,24.46,24.37,21.4,13.2,15.6,13.9,17.0,11.9,21.86,23.06,23.17,26.46,21.13
HRG,2024-10-28,34.71,51.43,40.29,29.57,40.57,-1.6,5.6,-0.3,-0.3,-0.3,7.8,7.8,0.0,0.3,0.3,0.0,7.2,0.0,0.0,0.0,11.9,16.7,11.1,11.3,11.3,35.2,32.5,35.8,33.2,29.8,27.53,22.56,22.76,25.44,19.8,20.3,13.2,13.0,18.5,11.7,28.46,21.86,24.17,27.81,22.89
HRG,2024-11-04,54.0,34.71,34.29,37.0,36.43,2.4,-1.6,-1.0,-0.3,-0.3,11.8,7.8,0.6,0.0,0.3,4.0,0.0,0.6,0.0,0.0,14.1,11.9,10.8,11.3,11.2,34.9,35.2,32.4,35.0,31.9,25.2,27.53,23.14,24.46,24.37,18.8,20.3,15.6,13.9,17.0,20.9,28.46,23.06,23.17,26.46
HRG,2024-11-11,41.86,54.0,51.43,40.29,29.57,-20.4,2.4,5.6,-0.3,-0.3,12.6,11.8,7.8,0.0,0.3,1.4,4.0,7.2,0.0,0.0,12.5,14.1,16.7,11.1,11.3,35.6,34.9,32.5,35.8,33.2,26.86,25.2,22.56,22.76,25.44,20.2,18.8,13.2,13.0,18.5,27.03,20.9,21.86,24.17,27.81
HRG,2024-11-18,61.71,41.86,34.71,34.29,37.0,7.7,-20.4,-1.6,-1.0,-0.3,34.9,12.6,7.8,0.6,0.0,29.5,1.4,0.0,0.6,0.0,11.6,12.5,11.9,10.8,11.3,34.5,35.6,35.2,32.4,35.0,23.77,26.86,27.53,23.14,24.46,17.6,20.2,20.3,15.6,13.9,23.4,27.03,28.46,23.06,23.17
HRG,2024-11-25,47.14,61.71,54.0,51.43,40.29,-7.2,7.7,2.4,5.6,-0.3,49.5,34.9,11.8,7.8,0.0,14.6,29.5,4.0,7.2,0.0,5.3,11.6,14.1,16.7,11.1,33.3,34.5,34.9,32.5,35.8,26.17,23.77,25.2,22.56,22.76,19.4,17.6,18.8,13.2,13.0,23.39,23.4,20.9,21.86,24.17
HRG,2024-12-02,69.14,47.14,41.86,34.71,34.29,-3.2,-7.2,-20.4,-1.6,-1.0,64.1,49.5,12.6,7.8,0.6,18.6,14.6,1.4,0.0,0.6,14.7,5.3,12.5,11.9,10.8,30.0,33.3,35.6,35.2,32.4,22.93,26.17,26.86,27.53,23.14,17.0,19.4,20.2,20.3,15.6,19.86,23.39,27.03,28.46,23.06
HRG,2024-12-09,32.0,69.14,61.71,54.0,51.43,-32.5,-3.2,7.7,2.4,5.6,63.3,64.1,34.9,11.8,7.8,0.6,18.6,29.5,4.0,7.2,7.0,14.7,11.6,14.1,16.7,35.7,30.0,34.5,34.9,32.5,27.4,22.93,23.77,25.2,22.56,17.3,17.0,17.6,18.8,13.2,22.79,19.86,23.4,20.9,21.86
HRG,2024-12-16,39.14,32.0,47.14,41.86,34.71,-30.0,-32.5,-7.2,-20.4,-1.6,36.9,63.3,49.5,12.6,7.8,3.1,0.6,14.6,1.4,0.0,7.2,7.0,5.3,12.5,11.9,36.7,35.7,33.3,35.6,35.2,27.8,27.4,26.17,26.86,27.53,20.6,17.3,19.4,20.2,20.3,23.61,22.79,23.39,27.03,28.46
HRG,2024-12-23,56.43,39.14,69.14,61.71,54.0,-18.9,-30.0,-3.2,7.7,2.4,36.5,36.9,64.1,34.9,11.8,14.2,3.1,18.6,29.5,4.0,9.7,7.2,14.7,11.6,14.1,33.7,36.7,30.0,34.5,34.9,25.71,27.8,22.93,23.77,25.2,19.5,20.6,17.0,17.6,18.8,24.17,23.61,19.86,23.4,20.9
HRG,2024-12-30,56.86,56.43,32.0,47.14,41.86,-10.9,-18.9,-32.5,-7.2,-20.4,40.1,36.5,63.3,49.5,12.6,22.2,14.2,0.6,14.6,1.4,11.8,9.7,7.0,5.3,12.5,35.0,33.7,35.7,33.3,35.6,25.84,25.71,27.4,26.17,26.86,19.1,19.5,17.3,19.4,20.2,22.33,24.17,22.79,23.39,27.03
HRG,2025-01-06,86.14,56.86,39.14,69.14,61.71,53.7,-10.9,-30.0,-3.2,7.7,126.3,40.1,36.9,64.1,34.9,86.8,22.2,3.1,18.6,29.5,25.0,11.8,7.2,14.7,11.6,27.6,35.0,36.7,30.0,34.5,21.53,25.84,27.8,22.93,23.77,18.5,19.1,20.6,17.0,17.6,17.2,22.33,23.61,19.86,23.4
HRG,2025-01-13,85.86,86.14,56.43,32.0,47.14,-11.3,53.7,-18.9,-32.5,-7.2,156.9,126.3,36.5,63.3,49.5,33.7,86.8,14.2,0.6,14.6,22.6,25.0,9.7,7.0,5.3,28.2,27.6,33.7,35.7,33.3,21.67,21.53,25.71,27.4,26.17,18.4,18.5,19.5,17.3,19.4,18.79,17.2,24.17,22.79,23.39
HRG,2025-01-20,75.29,85.86,56.86,39.14,69.14,-17.8,-11.3,-10.9,-30.0,-3.2,169.9,156.9,40.1,36.9,64.1,27.2,33.7,22.2,3.1,18.6,16.3,22.6,11.8,7.2,14.7,31.4,28.2,35.0,36.7,30.0,23.33,21.67,25.84,27.8,22.93,17.4,18.4,19.1,20.6,17.0,17.53,18.79,22.33,23.61,19.86
HRG,2025-01-27,86.57,75.29,86.14,56.43,32.0,34.3,-17.8,53.7,-18.9,-32.5,227.0,169.9,126.3,36.5,63.3,79.3,27.2,86.8,14.2,0.6,33.0,16.3,25.0,9.7,7.0,25.8,31.4,27.6,33.7,35.7,20.96,23.33,21.53,25.71,27.4,17.7,17.4,18.5,19.5,17.3,14.09,17.53,17.2,24.17,22.79
HRG,2025-02-03,87.57,86.57,85.86,56.86,39.14,22.9,34.3,-11.3,-10.9,-30.0,208.1,227.0,156.9,40.1,36.9,67.9,79.3,33.7,22.2,3.1,37.6,33.0,22.6,11.8,7.2,26.4,25.8,28.2,35.0,36.7,20.9,20.96,21.67,25.84,27.8,17.1,17.7,18.4,19.1,20.6,14.43,14.09,18.79,22.33,23.61
HRG,2025-02-10,76.57,87.57,75.29,86.14,56.43,-18.5,22.9,-17.8,53.7,-18.9,177.4,208.1,169.9,126.3,36.5,3.0,67.9,27.2,86.8,14.2,22.0,37.6,16.3,25.0,9.7,28.1,26.4,31.4,27.6,33.7,22.44,20.9,23.33,21.53,25.71,17.9,17.1,17.4,18.5,19.5,17.19,14.43,17.53,17.2,24.17
HRG,2025-02-17,85.0,76.57,86.57,85.86,56.86,9.7,-18.5,34.3,-11.3,-10.9,181.4,177.4,227.0,156.9,40.1,31.2,3.0,79.3,33.7,22.2,23.5,22.0,33.0,22.6,11.8,28.4,28.1,25.8,28.2,35.0,21.9,22.44,20.96,21.67,25.84,18.8,17.9,17.7,18.4,19.1,19.24,17.19,14.09,18.79,22.33
HRG,2025-02-24,87.86,85.0,87.57,75.29,86.14,28.8,9.7,22.9,-17.8,53.7,152.4,181.4,208.1,169.9,126.3,50.3,31.2,67.9,27.2,86.8,31.1,23.5,37.6,16.3,25.0,26.0,28.4,26.4,31.4,27.6,21.63,21.9,20.9,23.33,21.53,17.7,18.8,17.1,17.4,18.5,14.81,19.24,14.43,17.53,17.2
HRG,2025-03-03,87.14,87.86,76.57,86.57,85.86,23.2,28.8,-18.5,34.3,-11.3,129.2,152.4,177.4,227.0,156.9,44.7,50.3,3.0,79.3,33.7,35.3,31.1,22.0,33.0,22.6,26.3,26.0,28.1,25.8,28.2,21.56,21.63,22.44,20.96,21.67,17.8,17.7,17.9,17.7,18.4,14.77,14.81,17.19,14.09,18.79
HRG,2025-03-10,80.57,87.14,85.0,87.57,75.29,-3.9,23.2,9.7,22.9,-17.8,132.1,129.2,181.4,208.1,169.9,5.9,44.7,31.2,67.9,27.2,22.7,35.3,23.5,37.6,16.3,26.9,26.3,28.4,26.4,31.4,22.03,21.56,21.9,20.9,23.33,18.3,17.8,18.8,17.1,17.4,19.11,14.77,19.24,14.43,17.53
HRG,2025-03-17,80.29,80.57,87.86,76.57,86.57,20.0,-3.9,28.8,-18.5,34.3,130.7,132.1,152.4,177.4,227.0,29.8,5.9,50.3,3.0,79.3,23.5,22.7,31.1,22.0,33.0,27.6,26.9,26.0,28.1,25.8,21.63,22.03,21.63,22.44,20.96,17.6,18.3,17.7,17.9,17.7,15.54,19.11,14.81,17.19,14.09
HRG,2025-03-24,77.57,80.29,87.14,85.0,87.57,-7.3,20.0,23.2,9.7,22.9,82.9,130.7,129.2,181.4,208.1,2.5,29.8,44.7,31.2,67.9,16.2,23.5,35.3,23.5,37.6,25.9,27.6,26.3,28.4,26.4,20.71,21.63,21.56,21.9,20.9,15.8,17.6,17.8,18.8,17.1,22.01,15.54,14.77,19.24,14.43
HRG,2025-03-31,70.14,77.57,80.57,87.86,76.57,-7.1,-7.3,-3.9,28.8,-18.5,40.9,82.9,132.1,152.4,177.4,2.7,2.5,5.9,50.3,3.0,12.0,16.2,22.7,31.1,22.0,27.3,25.9,26.9,26.0,28.1,21.64,20.71,22.03,21.63,22.44,17.2,15.8,18.3,17.7,17.9,20.71,22.01,19.11,14.81,17.19
HRG,2025-04-07,67.43,70.14,80.29,87.14,85.0,-8.0,-7.1,20.0,23.2,9.7,36.8,40.9,130.7,129.2,181.4,1.8,2.7,29.8,44.7,31.2,7.5,12.0,23.5,35.3,23.5,27.4,27.3,27.6,26.3,28.4,22.11,21.64,21.63,21.56,21.9,16.4,17.2,17.6,17.8,18.8,25.7,20.71,15.54,14.77,19.24
HRG,2025-04-14,64.57,67.43,77.57,80.57,87.86,-3.7,-8.0,-7.3,-3.9,28.8,11.0,36.8,82.9,132.1,152.4,4.0,1.8,2.5,5.9,50.3,7.6,7.5,16.2,22.7,31.1,29.8,27.4,25.9,26.9,26.0,22.91,22.11,20.71,22.03,21.63,17.3,16.4,15.8,18.3,17.7,20.57,25.7,22.01,19.11,14.81
HRG,2025-04-21,81.0,64.57,70.14,80.29,87.14,1.3,-3.7,-7.1,20.0,23.2,17.5,11.0,40.9,130.7,129.2,9.0,4.0,2.7,29.8,44.7,15.3,7.6,12.0,23.5,35.3,27.2,29.8,27.3,27.6,26.3,20.17,22.91,21.64,21.63,21.56,15.9,17.3,17.2,17.6,17.8,21.87,20.57,20.71,15.54,14.77
HRG,2025-04-28,75.86,81.0,67.43,77.57,80.57,-7.6,1.3,-8.0,-7.3,-3.9,14.9,17.5,36.8,82.9,132.1,0.1,9.0,1.8,2.5,5.9,13.9,15.3,7.5,16.2,22.7,25.7,27.2,27.4,25.9,26.9,20.03,20.17,22.11,20.71,22.03,15.8,15.9,16.4,15.8,18.3,22.39,21.87,25.7,22.01,19.11
HRG,2025-05-05,71.14,75.86,64.57,70.14,80.29,7.1,-7.6,-3.7,-7.1,20.0,27.9,14.9,11.0,40.9,130.7,14.8,0.1,4.0,2.7,29.8,9.9,13.9,7.6,12.0,23.5,28.1,25.7,29.8,27.3,27.6,20.77,20.03,22.91,21.64,21.63,16.1,15.8,17.3,17.2,17.6,19.4,22.39,20.57,20.71,15.54
HRG,2025-05-12,65.0,71.14,81.0,67.43,77.57,-0.5,7.1,1.3,-8.0,-7.3,23.9,27.9,17.5,36.8,82.9,0.0,14.8,9.0,1.8,2.5,9.1,9.9,15.3,7.5,16.2,26.7,28.1,27.2,27.4,25.9,18.5,20.77,20.17,22.11,20.71,12.5,16.1,15.9,16.4,15.8,17.06,19.4,21.87,25.7,22.01
HRG,2025-05-19,63.43,65.0,75.86,64.57,70.14,1.7,-0.5,-7.6,-3.7,-7.1,17.1,23.9,14.9,11.0,40.9,2.2,0.0,0.1,4.0,2.7,7.7,9.1,13.9,7.6,12.0,26.2,26.7,25.7,29.8,27.3,18.81,18.5,20.03,22.91,21.64,12.8,12.5,15.8,17.3,17.2,19.46,17.06,22.39,20.57,20.71
HRG,2025-05-26,56.43,63.43,71.14,81.0,67.43,-0.5,1.7,7.1,1.3,-8.0,17.0,17.1,27.9,17.5,36.8,0.0,2.2,14.8,9.0,1.8,6.3,7.7,9.9,15.3,7.5,29.7,26.2,28.1,27.2,27.4,19.69,18.81,20.77,20.17,22.11,11.6,12.8,16.1,15.9,16.4,22.06,19.46,19.4,21.87,25.7
HRG,2025-06-02,59.86,56.43,65.0,75.86,64.57,-0.4,-0.5,-0.5,-7.6,-3.7,2.3,17.0,23.9,14.9,11.0,0.1,0.0,0.0,0.1,4.0,6.3,6.3,9.1,13.9,7.6,24.5,29.7,26.7,25.7,29.8,17.67,19.69,18.5,20.03,22.91,12.2,11.6,12.5,15.8,17.3,20.17,22.06,17.06,22.39,20.57
HRG,2025-06-09,52.86,59.86,63.43,71.14,81.0,0.0,-0.4,1.7,7.1,1.3,2.3,2.3,17.1,27.9,17.5,0.0,0.1,2.2,14.8,9.0,6.3,6.3,7.7,9.9,15.3,24.4,24.5,26.2,28.1,27.2,17.76,17.67,18.81,20.77,20.17,12.1,12.2,12.8,16.1,15.9,18.33,20.17,19.46,19.4,21.87
HRG,2025-06-16,56.14,52.86,56.43,65.0,75.86,0.0,0.0,-0.5,-0.5,-7.6,0.1,2.3,17.0,23.9,14.9,0.0,0.0,0.0,0.0,0.1,6.4,6.3,6.3,9.1,13.9,26.7,24.4,29.7,26.7,25.7,17.93,17.76,19.69,18.5,20.03,9.8,12.1,11.6,12.5,15.8,22.3,18.33,22.06,17.06,22.39
HRG,2025-06-23,48.43,56.14,59.86,63.43,71.14,0.0,0.0,-0.4,1.7,7.1,0.1,0.1,2.3,17.1,27.9,0.0,0.0,0.1,2.2,14.8,6.3,6.4,6.3,7.7,9.9,25.7,26.7,24.5,26.2,28.1,18.24,17.93,17.67,18.81,20.77,10.9,9.8,12.2,12.8,16.1,18.01,22.3,20.17,19.46,19.4
HRG,2025-06-30,52.57,48.43,52.86,56.43,65.0,0.0,0.0,0.0,-0.5,-0.5,0.0,0.1,2.3,17.0,23.9,0.0,0.0,0.0,0.0,0.0,6.3,6.3,6.3,6.3,9.1,26.0,25.7,24.4,29.7,26.7,17.81,18.24,17.76,19.69,18.5,11.5,10.9,12.1,11.6,12.5,20.37,18.01,18.33,22.06,17.06
HRG,2025-07-07,58.0,52.57,56.14,59.86,63.43,0.0,0.0,0.0,-0.4,1.7,0.0,0.0,0.1,2.3,17.1,0.0,0.0,0.0,0.1,2.2,6.4,6.3,6.4,6.3,7.7,24.9,26.0,26.7,24.5,26.2,17.64,17.81,17.93,17.67,18.81,11.9,11.5,9.8,12.2,12.8,22.49,20.37,22.3,20.17,19.46
HRG,2025-07-14,53.14,58.0,48.43,52.86,56.43,0.0,0.0,0.0,0.0,-0.5,0.0,0.0,0.1,2.3,17.0,0.0,0.0,0.0,0.0,0.0,6.4,6.4,6.3,6.3,6.3,25.2,24.9,25.7,24.4,29.7,16.66,17.64,18.24,17.76,19.69,8.7,11.9,10.9,12.1,11.6,19.84,22.49,18.01,18.33,22.06
HRG,2025-07-21,54.43,53.14,52.57,56.14,59.86,0.0,0.0,0.0,0.0,-0.4,0.0,0.0,0.0,0.1,2.3,0.0,0.0,0.0,0.0,0.1,6.6,6.4,6.3,6.4,6.3,23.1,25.2,26.0,26.7,24.5,17.19,16.66,17.81,17.93,17.67,11.9,8.7,11.5,9.8,12.2,21.54,19.84,20.37,22.3,20.17
HRG,2025-07-28,54.14,54.43,58.0,48.43,52.86,0.0,0.0,0.0,0.0,0.0,0.0,0.0,0.0,0.1,2.3,0.0,0.0,0.0,0.0,0.0,6.6,6.6,6.4,6.3,6.3,23.3,23.1,24.9,25.7,24.4,16.73,17.19,17.64,18.24,17.76,11.3,11.9,11.9,10.9,12.1,21.29,21.54,22.49,18.01,18.33
HRG,2025-08-04,53.71,54.14,53.14,52.57,56.14,0.0,0.0,0.0,0.0,0.0,0.0,0.0,0.0,0.0,0.1,0.0,0.0,0.0,0.0,0.0,6.5,6.6,6.4,6.3,6.4,24.7,23.3,25.2,26.0,26.7,15.24,16.73,16.66,17.81,17.93,8.7,11.3,8.7,11.5,9.8,21.43,21.29,19.84,20.37,22.3
HRG,2025-08-11,47.43,53.71,54.43,58.0,48.43,-0.0,0.0,0.0,0.0,0.0,0.0,0.0,0.0,0.0,0.1,0.0,0.0,0.0,0.0,0.0,6.4,6.5,6.6,6.4,6.3,25.1,24.7,23.1,24.9,25.7,17.37,15.24,17.19,17.64,18.24,9.4,8.7,11.9,11.9,10.9,21.71,21.43,21.54,22.49,18.01
HRG,2025-08-18,43.14,47.43,54.14,53.14,52.57,-0.0,-0.0,0.0,0.0,0.0,0.0,0.0,0.0,0.0,0.0,0.0,0.0,0.0,0.0,0.0,6.4,6.4,6.6,6.4,6.3,26.0,25.1,23.3,25.2,26.0,18.9,17.37,16.73,16.66,17.81,11.7,9.4,11.3,8.7,11.5,22.31,21.71,21.29,19.84,20.37
HRG,2025-08-25,38.57,43.14,53.71,54.43,58.0,-0.0,-0.0,0.0,0.0,0.0,0.0,0.0,0.0,0.0,0.0,0.0,0.0,0.0,0.0,0.0,6.3,6.4,6.5,6.6,6.4,30.0,26.0,24.7,23.1,24.9,20.51,18.9,15.24,17.19,17.64,11.9,11.7,8.7,11.9,11.9,18.54,22.31,21.43,21.54,22.49
HRG,2025-09-01,27.0,38.57,47.43,54.14,53.14,-0.0,-0.0,-0.0,0.0,0.0,0.0,0.0,0.0,0.0,0.0,0.0,0.0,0.0,0.0,0.0,6.4,6.3,6.4,6.6,6.4,28.7,30.0,25.1,23.3,25.2,22.31,20.51,17.37,16.73,16.66,16.1,11.9,9.4,11.3,8.7,27.61,18.54,21.71,21.29,19.84
HRG,2025-09-08,29.29,27.0,43.14,53.71,54.43,-0.3,-0.0,-0.0,0.0,0.0,0.0,0.0,0.0,0.0,0.0,0.0,0.0,0.0,0.0,0.0,6.3,6.4,6.4,6.5,6.6,30.3,28.7,26.0,24.7,23.1,22.64,22.31,18.9,15.24,17.19,14.3,16.1,11.7,8.7,11.9,24.54,27.61,22.31,21.43,21.54
HRG,2025-09-15,36.14,29.29,38.57,47.43,54.14,-0.3,-0.3,-0.0,-0.0,0.0,0.0,0.0,0.0,0.0,0.0,0.0,0.0,0.0,0.0,0.0,6.2,6.3,6.3,6.4,6.6,30.2,30.3,30.0,25.1,23.3,23.24,22.64,20.51,17.37,16.73,17.4,14.3,11.9,9.4,11.3,26.67,24.54,18.54,21.71,21.29
HRG,2025-09-22,33.57,36.14,27.0,43.14,53.71,-0.3,-0.3,-0.0,-0.0,0.0,0.0,0.0,0.0,0.0,0.0,0.0,0.0,0.0,0.0,0.0,6.5,6.2,6.4,6.4,6.5,33.8,30.2,28.7,26.0,24.7,24.3,23.24,22.31,18.9,15.24,16.2,17.4,16.1,11.7,8.7,25.53,26.67,27.61,22.31,21.43
HRG,2025-09-29,41.43,33.57,29.29,38.57,47.43,-0.3,-0.3,-0.3,-0.0,-0.0,0.0,0.0,0.0,0.0,0.0,0.0,0.0,0.0,0.0,0.0,6.6,6.5,6.3,6.3,6.4,31.9,33.8,30.3,30.0,25.1,24.01,24.3,22.64,20.51,17.37,16.3,16.2,14.3,11.9,9.4,28.24,25.53,24.54,18.54,21.71
HRG,2025-10-06,48.86,41.43,36.14,27.0,43.14,2.8,-0.3,-0.3,-0.0,-0.0,3.1,0.0,0.0,0.0,0.0,3.1,0.0,0.0,0.0,0.0,6.2,6.6,6.2,6.4,6.4,32.7,31.9,30.2,28.7,26.0,22.4,24.01,23.24,22.31,18.9,14.5,16.3,17.4,16.1,11.7,25.36,28.24,26.67,27.61,22.31
HRG,2025-10-13,37.14,48.86,33.57,29.29,38.57,-1.5,2.8,-0.3,-0.3,-0.0,3.2,3.1,0.0,0.0,0.0,0.1,3.1,0.0,0.0,0.0,4.8,6.2,6.5,6.3,6.3,32.3,32.7,33.8,30.3,30.0,24.79,22.4,24.3,22.64,20.51,16.1,14.5,16.2,14.3,11.9,27.84,25.36,25.53,24.54,18.54
HRG,2025-10-20,36.14,37.14,41.43,36.14,27.0,-1.6,-1.5,-0.3,-0.3,-0.0,3.2,3.2,0.0,0.0,0.0,0.0,0.1,0.0,0.0,0.0,6.3,4.8,6.6,6.2,6.4,32.2,32.3,31.9,30.2,28.7,26.09,24.79,24.01,23.24,22.31,19.0,16.1,16.3,17.4,16.1,29.11,27.84,28.24,26.67,27.61
HRG,2025-10-27,46.0,36.14,48.86,33.57,29.29,-1.3,-1.6,2.8,-0.3,-0.3,3.5,3.2,3.1,0.0,0.0,0.3,0.0,3.1,0.0,0.0,6.5,6.3,6.2,6.5,6.3,33.4,32.2,32.7,33.8,30.3,23.77,26.09,22.4,24.3,22.64,16.7,19.0,14.5,16.2,14.3,26.14,29.11,25.36,25.53,24.54
HRG,2025-11-03,34.57,46.0,37.14,41.43,36.14,-1.3,-1.3,-1.5,-0.3,-0.3,0.7,3.5,3.2,0.0,0.0,0.3,0.3,0.1,0.0,0.0,5.5,6.5,4.8,6.6,6.2,34.7,33.4,32.3,31.9,30.2,27.8,23.77,24.79,24.01,23.24,21.0,16.7,16.1,16.3,17.4,29.04,26.14,27.84,28.24,26.67
HRG,2025-11-10,60.0,34.57,36.14,48.86,33.57,-4.6,-1.3,-1.6,2.8,-0.3,17.8,0.7,3.2,3.1,0.0,17.2,0.3,0.0,3.1,0.0,10.3,5.5,6.3,6.2,6.5,31.3,34.7,32.2,32.7,33.8,23.71,27.8,26.09,22.4,24.3,17.8,21.0,19.0,14.5,16.2,28.59,29.04,29.11,25.36,25.53
HRG,2025-11-17,79.57,60.0,46.0,37.14,41.43,1.2,-4.6,-1.3,-1.5,-0.3,40.8,17.8,3.5,3.2,0.0,23.0,17.2,0.3,0.1,0.0,18.0,10.3,6.5,4.8,6.6,26.5,31.3,33.4,32.3,31.9,20.97,23.71,23.77,24.79,24.01,17.5,17.8,16.7,16.1,16.3,23.77,28.59,26.14,27.84,28.24
HRG,2025-11-24,81.0,79.57,34.57,36.14,48.86,32.6,1.2,-1.3,-1.6,2.8,94.9,40.8,0.7,3.2,3.1,54.4,23.0,0.3,0.0,3.1,33.5,18.0,5.5,6.3,6.2,27.3,26.5,34.7,32.2,32.7,20.6,20.97,27.8,26.09,22.4,15.0,17.5,21.0,19.0,14.5,20.53,23.77,29.04,29.11,25.36
HRG,2025-12-01,67.57,81.0,60.0,46.0,37.14,-6.2,32.6,-4.6,-1.3,-1.5,110.2,94.9,17.8,3.5,3.2,15.6,54.4,17.2,0.3,0.1,17.5,33.5,10.3,6.5,4.8,30.3,27.3,31.3,33.4,32.3,23.27,20.6,23.71,23.77,24.79,18.1,15.0,17.8,16.7,16.1,22.49,20.53,28.59,26.14,27.84
HRG,2025-12-08,75.71,67.57,79.57,34.57,36.14,-12.3,-6.2,1.2,-1.3,-1.6,113.8,110.2,40.8,0.7,3.2,20.8,15.6,23.0,0.3,0.0,16.7,17.5,18.0,5.5,6.3,27.9,30.3,26.5,34.7,32.2,21.77,23.27,20.97,27.8,26.09,17.8,18.1,17.5,21.0,19.0,22.91,22.49,23.77,29.04,29.11
HRG,2025-12-15,79.14,75.71,81.0,60.0,46.0,23.4,-12.3,32.6,-4.6,-1.3,147.3,113.8,94.9,17.8,3.5,56.5,20.8,54.4,17.2,0.3,25.5,16.7,33.5,10.3,6.5,27.7,27.9,27.3,31.3,33.4,21.41,21.77,20.6,23.71,23.77,17.8,17.8,15.0,17.8,16.7,21.07,22.91,20.53,28.59,26.14
HRG,2025-12-22,82.71,79.14,67.57,79.57,34.57,-8.2,23.4,-6.2,1.2,-1.3,117.8,147.3,110.2,40.8,0.7,24.9,56.5,15.6,23.0,0.3,29.1,25.5,17.5,18.0,5.5,26.3,27.7,30.3,26.5,34.7,21.56,21.41,23.27,20.97,27.8,18.3,17.8,18.1,17.5,21.0,22.99,21.07,22.49,23.77,29.04
HRG,2025-12-29,87.86,82.71,75.71,81.0,60.0,56.6,-8.2,-12.3,32.6,-4.6,191.9,117.8,113.8,94.9,17.8,89.7,24.9,20.8,54.4,17.2,38.5,29.1,16.7,33.5,10.3,27.8,26.3,27.9,27.3,31.3,20.96,21.56,21.77,20.6,23.71,18.2,18.3,17.8,15.0,17.8,16.89,22.99,22.91,20.53,28.59
KRB,2024-01-08,77.43,,,,,-25.7,,,,,,,,,,23.6,,,,,43.3,,,,,32.3,,,,,25.79,,,,,21.2,,,,,11.44,,,,
KRB,2024-01-15,84.43,77.43,,,,37.3,-25.7,,,,,,,,,86.6,23.6,,,,47.2,43.3,,,,31.1,32.3,,,,25.0,25.79,,,,21.8,21.2,,,,12.77,11.44,,,
KRB,2024-01-22,86.43,84.43,,,,48.9,37.3,,,,,,,,,98.2,86.6,,,,49.7,47.2,,,,29.6,31.1,,,,23.99,25.0,,,,19.8,21.8,,,,14.3,12.77,,,
KRB,2024-01-29,73.14,86.43,77.43,,,-42.1,48.9,-25.7,,,215.6,,,,,7.2,98.2,23.6,,,41.4,49.7,43.3,,,30.6,29.6,32.3,,,24.87,23.99,25.79,,,19.0,19.8,21.2,,,10.96,14.3,11.44,,
KRB,2024-02-05,69.86,73.14,84.43,,,-36.5,-42.1,37.3,,,204.8,215.6,,,,12.8,7.2,86.6,,,36.4,41.4,47.2,,,31.1,30.6,31.1,,,26.3,24.87,25.0,,,20.7,19.0,21.8,,,10.31,10.96,12.77,,
KRB,2024-02-12,62.86,69.86,86.43,77.43,,-27.8,-36.5,48.9,-25.7,,123.1,204.8,,,,4.9,12.8,98.2,23.6,,30.2,36.4,49.7,43.3,,35.2,31.1,29.6,32.3,,28.5,26.3,23.99,25.79,,22.1,20.7,19.8,21.2,,13.73,10.31,14.3,11.44,
KRB,2024-02-19,54.43,62.86,73.14,84.43,,-29.8,-27.8,-42.1,37.3,,27.8,123.1,215.6,,,2.9,4.9,7.2,86.6,,27.2,30.2,41.4,47.2,,35.9,35.2,30.6,31.1,,28.43,28.5,24.87,25.0,,20.8,22.1,19.0,21.8,,13.6,13.73,10.96,12.77,
KRB,2024-02-26,52.0,54.43,69.86,86.43,77.43,-32.4,-29.8,-36.5,48.9,-25.7,20.9,27.8,204.8,,,0.3,2.9,12.8,98.2,23.6,23.2,27.2,36.4,49.7,43.3,34.5,35.9,31.1,29.6,32.3,28.73,28.43,26.3,23.99,25.79,22.8,20.8,20.7,19.8,21.2,12.81,13.6,10.31,14.3,11.44
KRB,2024-03-04,66.86,52.0,62.86,73.14,84.43,-5.0,-32.4,-27.8,-42.1,37.3,35.8,20.9,123.1,215.6,,27.7,0.3,4.9,7.2,86.6,28.4,23.2,30.2,41.4,47.2,35.3,34.5,35.2,30.6,31.1,26.39,28.73,28.5,24.87,25.0,20.4,22.8,22.1,19.0,21.8,12.31,12.81,13.73,10.96,12.77
KRB,2024-03-11,62.43,66.86,54.43,69.86,86.43,-6.2,-5.0,-29.8,-36.5,48.9,34.7,35.8,27.8,204.8,,3.8,27.7,2.9,12.8,98.2,27.1,28.4,27.2,36.4,49.7,34.6,35.3,35.9,31.1,29.6,28.81,26.39,28.43,26.3,23.99,23.1,20.4,20.8,20.7,19.8,13.67,12.31,13.6,10.31,14.3
KRB,2024-03-18,65.86,62.43,52.0,62.86,73.14,7.0,-6.2,-32.4,-27.8,-42.1,48.8,34.7,20.9,123.1,215.6,17.0,3.8,0.3,4.9,7.2,28.9,27.1,23.2,30.2,41.4,34.0,34.6,34.5,35.2,30.6,28.0,28.81,28.73,28.5,24.87,22.9,23.1,22.8,22.1,19.0,12.21,13.67,12.81,13.73,10.96
KRB,2024-03-25,53.43,65.86,66.86,54.43,69.86,-8.9,7.0,-5.0,-29.8,-36.5,49.6,48.8,35.8,27.8,204.8,1.1,17.0,27.7,2.9,12.8,29.4,28.9,28.4,27.2,36.4,33.2,34.0,35.3,35.9,31.1,27.3,28.0,26.39,28.43,26.3,21.0,22.9,20.4,20.8,20.7,12.57,12.21,12.31,13.6,10.31
KRB,2024-04-01,57.0,53.43,62.43,52.0,62.86,3.4,-8.9,-6.2,-32.4,-27.8,35.3,49.6,34.7,20.9,123.1,13.4,1.1,3.8,0.3,4.9,25.5,29.4,27.1,23.2,30.2,33.7,33.2,34.6,34.5,35.2,27.83,27.3,28.81,28.73,28.5,22.1,21.0,23.1,22.8,22.1,10.14,12.57,13.67,12.81,13.73
KRB,2024-04-08,54.29,57.0,65.86,66.86,54.43,-8.9,3.4,7.0,-5.0,-29.8,34.1,35.3,48.8,35.8,27.8,2.6,13.4,17.0,27.7,2.9,25.0,25.5,28.9,28.4,27.2,34.7,33.7,34.0,35.3,35.9,28.23,27.83,28.0,26.39,28.43,21.7,22.1,22.9,20.4,20.8,12.73,10.14,12.21,12.31,13.6
KRB,2024-04-15,76.0,54.29,53.43,62.43,52.0,30.2,-8.9,-8.9,-6.2,-32.4,58.8,34.1,49.6,34.7,20.9,41.7,2.6,1.1,3.8,0.3,39.2,25.0,29.4,27.1,23.2,32.5,34.7,33.2,34.6,34.5,24.76,28.23,27.3,28.81,28.73,20.4,21.7,21.0,23.1,22.8,12.93,12.73,12.57,13.67,12.81
KRB,2024-04-22,64.86,76.0,57.0,65.86,66.86,-11.1,30.2,3.4,7.0,-5.0,58.1,58.8,35.3,48.8,35.8,0.4,41.7,13.4,17.0,27.7,34.3,39.2,25.5,28.9,28.4,31.8,32.5,33.7,34.0,35.3,24.63,24.76,27.83,28.0,26.39,18.7,20.4,22.1,22.9,20.4,9.9,12.93,10.14,12.21,12.31
KRB,2024-04-29,50.86,64.86,54.29,53.43,62.43,-11.4,-11.1,-8.9,-8.9,-6.2,44.8,58.1,34.1,49.6,34.7,0.1,0.4,2.6,1.1,3.8,27.6,34.3,25.0,29.4,27.1,32.9,31.8,34.7,33.2,34.6,25.5,24.63,28.23,27.3,28.81,18.3,18.7,21.7,21.0,23.1,11.67,9.9,12.73,12.57,13.67
KRB,2024-05-06,51.86,50.86,76.0,57.0,65.86,-11.5,-11.4,30.2,3.4,7.0,42.2,44.8,58.8,35.3,48.8,0.0,0.1,41.7,13.4,17.0,26.6,27.6,39.2,25.5,28.9,30.7,32.9,32.5,33.7,34.0,23.27,25.5,24.76,27.83,28.0,15.8,18.3,20.4,22.1,22.9,10.0,11.67,12.93,10.14,12.21
KRB,2024-05-13,50.0,51.86,64.86,54.29,53.43,-0.3,-11.5,-11.1,-8.9,-8.9,0.5,42.2,58.1,34.1,49.6,0.0,0.0,0.4,2.6,1.1,23.3,26.6,34.3,25.0,29.4,31.7,30.7,31.8,34.7,33.2,25.4,23.27,24.63,28.23,27.3,18.0,15.8,18.7,21.7,21.0,10.1,10.0,9.9,12.73,12.57
KRB,2024-05-20,45.86,50.0,50.86,76.0,57.0,-0.3,-0.3,-11.4,30.2,3.4,0.1,0.5,44.8,58.8,35.3,0.0,0.0,0.1,41.7,13.4,22.4,23.3,27.6,39.2,25.5,30.7,31.7,32.9,32.5,33.7,23.74,25.4,25.5,24.76,27.83,17.0,18.0,18.3,20.4,22.1,10.31,10.1,11.67,12.93,10.14
KRB,2024-05-27,56.29,45.86,51.86,64.86,54.29,0.7,-0.3,-11.5,-11.1,-8.9,1.0,0.1,42.2,58.1,34.1,1.0,0.0,0.0,0.4,2.6,22.5,22.4,26.6,34.3,25.0,28.9,30.7,30.7,31.8,34.7,22.53,23.74,23.27,24.63,28.23,15.9,17.0,15.8,18.7,21.7,10.54,10.31,10.0,9.9,12.73
KRB,2024-06-03,43.43,56.29,50.0,50.86,76.0,-0.3,0.7,-0.3,-11.4,30.2,1.0,1.0,0.5,44.8,58.8,0.0,1.0,0.0,0.1,41.7,22.5,22.5,23.3,27.6,39.2,31.4,28.9,31.7,32.9,32.5,23.07,22.53,25.4,25.5,24.76,14.0,15.9,18.0,18.3,20.4,13.49,10.54,10.1,11.67,12.93
KRB,2024-06-10,35.71,43.43,45.86,51.86,64.86,-0.1,-0.3,-0.3,-11.5,-11.1,1.0,1.0,0.1,42.2,58.1,0.0,0.0,0.0,0.0,0.4,22.3,22.5,22.4,26.6,34.3,33.1,31.4,30.7,30.7,31.8,25.09,23.07,23.74,23.27,24.63,15.9,14.0,17.0,15.8,18.7,14.76,13.49,10.31,10.0,9.9
KRB,2024-06-17,45.57,35.71,56.29,50.0,50.86,-0.1,-0.1,0.7,-0.3,-11.4,1.0,1.0,1.0,0.5,44.8,0.0,0.0,1.0,0.0,0.1,21.7,22.3,22.5,23.3,27.6,26.7,33.1,28.9,31.7,32.9,19.7,25.09,22.53,25.4,25.5,13.2,15.9,15.9,18.0,18.3,11.5,14.76,10.54,10.1,11.67
KRB,2024-06-24,45.57,45.57,43.43,45.86,51.86,-0.1,-0.1,-0.3,-0.3,-11.5,0.0,1.0,1.0,0.1,42.2,0.0,0.0,0.0,0.0,0.0,21.6,21.7,22.5,22.4,26.6,28.6,26.7,31.4,30.7,30.7,21.24,19.7,23.07,23.74,23.27,14.1,13.2,14.0,17.0,15.8,10.81,11.5,13.49,10.31,10.0
KRB,2024-07-01,51.71,45.57,35.71,56.29,50.0,0.4,-0.1,-0.1,0.7,-0.3,0.5,0.0,1.0,1.0,0.5,0.5,0.0,0.0,1.0,0.0,21.9,21.6,22.3,22.5,23.3,27.7,28.6,33.1,28.9,31.7,21.11,21.24,25.09,22.53,25.4,14.8,14.1,15.9,15.9,18.0,13.99,10.81,14.76,10.54,10.1
KRB,2024-07-08,38.86,51.71,45.57,43.43,45.86,-0.0,0.4,-0.1,-0.3,-0.3,0.5,0.5,1.0,1.0,0.1,0.0,0.5,0.0,0.0,0.0,22.2,21.9,21.7,22.5,22.4,29.8,27.7,26.7,31.4,30.7,22.04,21.11,19.7,23.07,23.74,14.1,14.8,13.2,14.0,17.0,11.56,13.99,11.5,13.49,10.31
KRB,2024-07-15,30.86,38.86,45.57,35.71,56.29,-0.0,-0.0,-0.1,-0.1,0.7,0.5,0.5,0.0,1.0,1.0,0.0,0.0,0.0,0.0,1.0,22.2,22.2,21.6,22.3,22.5,31.2,29.8,28.6,33.1,28.9,22.6,22.04,21.24,25.09,22.53,14.0,14.1,14.1,15.9,15.9,11.9,11.56,10.81,14.76,10.54
KRB,2024-07-22,35.43,30.86,51.71,45.57,43.43,-0.0,-0.0,0.4,-0.1,-0.3,0.5,0.5,0.5,1.0,1.0,0.0,0.0,0.5,0.0,0.0,22.2,22.2,21.9,21.7,22.5,31.0,31.2,27.7,26.7,31.4,23.77,22.6,21.11,19.7,23.07,16.3,14.0,14.8,13.2,14.0,10.59,11.9,13.99,11.5,13.49
KRB,2024-07-29,28.0,35.43,38.86,45.57,35.71,-0.0,-0.0,-0.0,-0.1,-0.1,0.0,0.5,0.5,0.0,1.0,0.0,0.0,0.0,0.0,0.0,22.2,22.2,22.2,21.6,22.3,31.5,31.0,29.8,28.6,33.1,24.79,23.77,22.04,21.24,25.09,16.1,16.3,14.1,14.1,15.9,12.71,10.59,11.56,10.81,14.76
KRB,2024-08-05,33.86,28.0,30.86,51.71,45.57,-0.0,-0.0,-0.0,0.4,-0.1,0.0,0.0,0.5,0.5,1.0,0.0,0.0,0.0,0.5,0.0,22.2,22.2,22.2,21.9,21.7,32.2,31.5,31.2,27.7,26.7,24.03,24.79,22.6,21.11,19.7,15.1,16.1,14.0,14.8,13.2,13.29,12.71,11.9,13.99,11.5
KRB,2024-08-12,35.29,33.86,35.43,38.86,45.57,-0.0,-0.0,-0.0,-0.0,-0.1,0.0,0.0,0.5,0.5,0.0,0.0,0.0,0.0,0.0,0.0,22.2,22.2,22.2,22.2,21.6,33.4,32.2,31.0,29.8,28.6,24.86,24.03,23.77,22.04,21.24,16.0,15.1,16.3,14.1,14.1,11.1,13.29,10.59,11.56,10.81
KRB,2024-08-19,30.0,35.29,28.0,30.86,51.71,-0.0,-0.0,-0.0,-0.0,0.4,0.0,0.0,0.0,0.5,0.5,0.0,0.0,0.0,0.0,0.5,22.2,22.2,22.2,22.2,21.9,34.3,33.4,31.5,31.2,27.7,25.29,24.86,24.79,22.6,21.11,16.7,16.0,16.1,14.0,14.8,12.59,11.1,12.71,11.9,13.99
KRB,2024-08-26,38.0,30.0,33.86,35.43,38.86,-0.0,-0.0,-0.0,-0.0,-0.0,0.0,0.0,0.0,0.5,0.5,0.0,0.0,0.0,0.0,0.0,22.2,22.2,22.2,22.2,22.2,31.1,34.3,32.2,31.0,29.8,23.29,25.29,24.03,23.77,22.04,15.0,16.7,15.1,16.3,14.1,11.77,12.59,13.29,10.59,11.56
KRB,2024-09-02,35.29,38.0,35.29,28.0,30.86,0.2,-0.0,-0.0,-0.0,-0.0,0.2,0.0,0.0,0.0,0.5,0.2,0.0,0.0,0.0,0.0,22.2,22.2,22.2,22.2,22.2,35.8,31.1,33.4,31.5,31.2,25.91,23.29,24.86,24.79,22.6,17.3,15.0,16.0,16.1,14.0,15.27,11.77,11.1,12.71,11.9
KRB,2024-09-09,36.14,35.29,30.0,33.86,35.43,-0.3,0.2,-0.0,-0.0,-0.0,0.2,0.2,0.0,0.0,0.5,0.0,0.2,0.0,0.0,0.0,22.3,22.2,22.2,22.2,22.2,33.4,35.8,34.3,32.2,31.0,24.03,25.91,25.29,24.03,23.77,15.4,17.3,16.7,15.1,16.3,13.06,15.27,12.59,13.29,10.59
KRB,2024-09-16,33.57,36.14,38.0,35.29,28.0,-0.3,-0.3,-0.0,-0.0,-0.0,0.2,0.2,0.0,0.0,0.0,0.0,0.0,0.0,0.0,0.0,22.2,22.3,22.2,22.2,22.2,36.4,33.4,31.1,33.4,31.5,28.4,24.03,23.29,24.86,24.79,20.5,15.4,15.0,16.0,16.1,16.97,13.06,11.77,11.1,12.71
KRB,2024-09-23,27.43,33.57,35.29,30.0,33.86,0.6,-0.3,0.2,-0.0,-0.0,1.1,0.2,0.2,0.0,0.0,0.9,0.0,0.2,0.0,0.0,22.2,22.2,22.2,22.2,22.2,38.8,36.4,35.8,34.3,32.2,29.39,28.4,25.91,25.29,24.03,20.3,20.5,17.3,16.7,15.1,18.84,16.97,15.27,12.59,13.29
KRB,2024-09-30,34.71,27.43,36.14,38.0,35.29,-0.3,0.6,-0.3,-0.0,-0.0,0.9,1.1,0.2,0.0,0.0,0.0,0.9,0.0,0.0,0.0,22.2,22.2,22.3,22.2,22.2,38.6,38.8,33.4,31.1,33.4,28.67,29.39,24.03,23.29,24.86,19.3,20.3,15.4,15.0,16.0,17.23,18.84,13.06,11.77,11.1
KRB,2024-10-07,36.86,34.71,33.57,35.29,30.0,1.9,-0.3,-0.3,0.2,-0.0,3.1,0.9,0.2,0.2,0.0,2.2,0.0,0.0,0.2,0.0,22.8,22.2,22.2,22.2,22.2,38.8,38.6,36.4,35.8,34.3,27.03,28.67,28.4,25.91,25.29,16.9,19.3,20.5,17.3,16.7,19.03,17.23,16.97,15.27,12.59
KRB,2024-10-14,31.86,36.86,27.43,36.14,38.0,-3.3,1.9,0.6,-0.3,-0.0,3.1,3.1,1.1,0.2,0.0,0.0,2.2,0.9,0.0,0.0,22.5,22.8,22.2,22.3,22.2,35.5,38.8,38.8,33.4,31.1,27.21,27.03,29.39,24.03,23.29,17.5,16.9,20.3,15.4,15.0,14.69,19.03,18.84,13.06,11.77
KRB,2024-10-21,50.71,31.86,34.71,33.57,35.29,13.7,-3.3,-0.3,-0.3,0.2,19.2,3.1,0.9,0.2,0.2,17.0,0.0,0.0,0.0,0.2,31.7,22.5,22.2,22.2,22.2,37.6,35.5,38.6,36.4,35.8,26.61,27.21,28.67,28.4,25.91,17.2,17.5,19.3,20.5,17.3,12.91,14.69,17.23,16.97,15.27
KRB,2024-10-28,34.0,50.71,36.86,27.43,36.14,-1.5,13.7,1.9,0.6,-0.3,21.0,19.2,3.1,1.1,0.2,1.8,17.0,2.2,0.9,0.0,24.6,31.7,22.8,22.2,22.3,39.0,37.6,38.8,38.8,33.4,31.29,26.61,27.03,29.39,24.03,23.2,17.2,16.9,20.3,15.4,20.89,12.91,19.03,18.84,13.06
KRB,2024-11-04,50.14,34.0,31.86,34.71,33.57,2.5,-1.5,-3.3,-0.3,-0.3,24.6,21.0,3.1,0.9,0.2,5.8,1.8,0.0,0.0,0.0,25.1,24.6,22.5,22.2,22.2,38.0,39.0,35.5,38.6,36.4,29.24,31.29,27.21,28.67,28.4,23.8,23.2,17.5,19.3,20.5,15.0,20.89,14.69,17.23,16.97
KRB,2024-11-11,39.0,50.14,50.71,36.86,27.43,-27.4,2.5,13.7,1.9,0.6,27.0,24.6,19.2,3.1,1.1,2.4,5.8,17.0,2.2,0.9,23.3,25.1,31.7,22.8,22.2,39.0,38.0,37.6,38.8,38.8,31.0,29.24,26.61,27.03,29.39,24.4,23.8,17.2,16.9,20.3,17.21,15.0,12.91,19.03,18.84
KRB,2024-11-18,61.43,39.0,34.0,31.86,34.71,-21.9,-27.4,-1.5,-3.3,-0.3,17.9,27.0,21.0,3.1,0.9,7.9,2.4,1.8,0.0,0.0,24.7,23.3,24.6,22.5,22.2,36.9,39.0,39.0,35.5,38.6,27.2,31.0,31.29,27.21,28.67,21.9,24.4,23.2,17.5,19.3,18.04,17.21,20.89,14.69,17.23
KRB,2024-11-25,48.0,61.43,50.14,50.71,36.86,-21.2,-21.9,2.5,13.7,1.9,24.7,17.9,24.6,19.2,3.1,8.6,7.9,5.8,17.0,2.2,16.3,24.7,25.1,31.7,22.8,37.1,36.9,38.0,37.6,38.8,29.57,27.2,29.24,26.61,27.03,22.0,21.9,23.8,17.2,16.9,14.33,18.04,15.0,12.91,19.03
KRB,2024-12-02,68.71,48.0,39.0,34.0,31.86,-17.3,-21.2,-27.4,-1.5,-3.3,31.4,24.7,27.0,21.0,3.1,12.5,8.6,2.4,1.8,0.0,22.9,16.3,23.3,24.6,22.5,33.3,37.1,39.0,39.0,35.5,26.74,29.57,31.0,31.29,27.21,21.7,22.0,24.4,23.2,17.5,14.23,14.33,17.21,20.89,14.69
KRB,2024-12-09,31.57,68.71,61.43,50.14,50.71,-46.2,-17.3,-21.9,2.5,13.7,29.0,31.4,17.9,24.6,19.2,0.0,12.5,7.9,5.8,17.0,14.1,22.9,24.7,25.1,31.7,40.1,33.3,36.9,38.0,37.6,31.4,26.74,27.2,29.24,26.61,21.7,21.7,21.9,23.8,17.2,16.83,14.23,18.04,15.0,12.91
KRB,2024-12-16,41.71,31.57,48.0,39.0,34.0,-44.4,-46.2,-21.2,-27.4,-1.5,22.8,29.0,24.7,27.0,21.0,1.7,0.0,8.6,2.4,1.8,15.1,14.1,16.3,23.3,24.6,39.0,40.1,37.1,39.0,39.0,31.11,31.4,29.57,31.0,31.29,24.2,21.7,22.0,24.4,23.2,14.53,16.83,14.33,17.21,20.89
KRB,2024-12-23,62.14,41.71,68.71,61.43,50.14,-16.0,-44.4,-17.3,-21.9,2.5,44.4,22.8,31.4,17.9,24.6,30.2,1.7,12.5,7.9,5.8,25.6,15.1,22.9,24.7,25.1,37.0,39.0,33.3,36.9,38.0,28.53,31.11,26.74,27.2,29.24,22.7,24.2,21.7,21.9,23.8,14.73,14.53,14.23,18.04,15.0
KRB,2024-12-30,60.14,62.14,31.57,48.0,39.0,-33.3,-16.0,-46.2,-21.2,-27.4,44.7,44.4,29.0,24.7,27.0,12.8,30.2,0.0,8.6,2.4,18.4,25.6,14.1,16.3,23.3,36.5,37.0,40.1,37.1,39.0,28.89,28.53,31.4,29.57,31.0,23.1,22.7,21.7,22.0,24.4,14.76,14.73,16.83,14.33,17.21
KRB,2025-01-06,84.29,60.14,41.71,68.71,61.43,34.0,-33.3,-44.4,-17.3,-21.9,124.8,44.7,22.8,31.4,17.9,80.1,12.8,1.7,12.5,7.9,35.9,18.4,15.1,22.9,24.7,32.1,36.5,39.0,33.3,36.9,25.29,28.89,31.11,26.74,27.2,21.9,23.1,24.2,21.7,21.9,13.01,14.76,14.53,14.23,18.04
KRB,2025-01-13,84.14,84.29,62.14,31.57,48.0,-15.0,34.0,-16.0,-46.2,-21.2,157.4,124.8,44.4,29.0,24.7,34.3,80.1,30.2,0.0,8.6,37.0,35.9,25.6,14.1,16.3,31.2,32.1,37.0,40.1,37.1,25.3,25.29,28.53,31.4,29.57,22.0,21.9,22.7,21.7,22.0,15.26,13.01,14.73,16.83,14.33
KRB,2025-01-20,76.14,84.14,60.14,41.71,68.71,1.4,-15.0,-33.3,-44.4,-17.3,177.9,157.4,44.7,22.8,31.4,50.7,34.3,12.8,1.7,12.5,26.6,37.0,18.4,15.1,22.9,33.6,31.2,36.5,39.0,33.3,26.61,25.3,28.89,31.11,26.74,21.2,22.0,23.1,24.2,21.7,14.53,15.26,14.76,14.53,14.23
KRB,2025-01-27,83.0,76.14,84.29,62.14,31.57,26.1,1.4,34.0,-16.0,-46.2,240.5,177.9,124.8,44.4,29.0,75.4,50.7,80.1,30.2,0.0,41.8,26.6,35.9,25.6,14.1,30.2,33.6,32.1,37.0,40.1,24.87,26.61,25.29,28.53,31.4,21.2,21.2,21.9,22.7,21.7,12.2,14.53,13.01,14.73,16.83
KRB,2025-02-03,85.43,83.0,84.14,60.14,41.71,5.6,26.1,-15.0,-33.3,-44.4,215.3,240.5,157.4,44.7,22.8,54.9,75.4,34.3,12.8,1.7,43.2,41.8,37.0,18.4,15.1,30.4,30.2,31.2,36.5,39.0,24.76,24.87,25.3,28.89,31.11,20.9,21.2,22.0,23.1,24.2,11.3,12.2,15.26,14.76,14.53
KRB,2025-02-10,71.71,85.43,76.14,84.29,62.14,-24.6,5.6,1.4,34.0,-16.0,189.1,215.3,177.9,124.8,44.4,8.1,54.9,50.7,80.1,30.2,31.7,43.2,26.6,35.9,25.6,32.1,30.4,33.6,32.1,37.0,26.54,24.76,26.61,25.29,28.53,21.8,20.9,21.2,21.9,22.7,12.87,11.3,14.53,13.01,14.73
KRB,2025-02-17,80.0,71.71,83.0,84.14,60.14,21.5,-24.6,26.1,-15.0,-33.3,192.6,189.1,240.5,157.4,44.7,54.2,8.1,75.4,34.3,12.8,32.9,31.7,41.8,37.0,18.4,32.5,32.1,30.2,31.2,36.5,25.93,26.54,24.87,25.3,28.89,21.7,21.8,21.2,22.0,23.1,14.41,12.87,12.2,15.26,14.76
KRB,2025-02-24,86.71,80.0,85.43,76.14,84.29,42.5,21.5,5.6,1.4,34.0,192.4,192.6,215.3,177.9,124.8,75.2,54.2,54.9,50.7,80.1,45.0,32.9,43.2,26.6,35.9,30.4,32.5,30.4,33.6,32.1,25.39,25.93,24.76,26.61,25.29,21.5,21.7,20.9,21.2,21.9,11.16,14.41,11.3,14.53,13.01
KRB,2025-03-03,85.86,86.71,71.71,83.0,84.14,55.3,42.5,-24.6,26.1,-15.0,225.5,192.4,189.1,240.5,157.4,88.0,75.2,8.1,75.4,34.3,46.5,45.0,31.7,41.8,37.0,30.0,30.4,32.1,30.2,31.2,25.3,25.39,26.54,24.87,25.3,21.6,21.5,21.8,21.2,22.0,10.77,11.16,12.87,12.2,15.26
KRB,2025-03-10,77.29,85.86,80.0,85.43,76.14,16.2,55.3,21.5,5.6,1.4,243.6,225.5,192.6,215.3,177.9,26.2,88.0,54.2,54.9,50.7,34.2,46.5,32.9,43.2,26.6,31.3,30.0,32.5,30.4,33.6,25.99,25.3,25.93,24.76,26.61,21.4,21.6,21.7,20.9,21.2,9.01,10.77,14.41,11.3,14.53
KRB,2025-03-17,75.14,77.29,86.71,71.71,83.0,2.4,16.2,42.5,-24.6,26.1,201.8,243.6,192.4,189.1,240.5,12.4,26.2,75.2,8.1,75.4,25.9,34.2,45.0,31.7,41.8,32.7,31.3,30.4,32.1,30.2,25.8,25.99,25.39,26.54,24.87,21.8,21.4,21.5,21.8,21.2,12.43,9.01,11.16,12.87,12.2
KRB,2025-03-24,70.57,75.14,85.86,80.0,85.43,-5.3,2.4,55.3,21.5,5.6,131.3,201.8,225.5,192.6,215.3,4.7,12.4,88.0,54.2,54.9,19.9,25.9,46.5,32.9,43.2,31.3,32.7,30.0,32.5,30.4,25.4,25.8,25.3,25.93,24.76,20.8,21.8,21.6,21.7,20.9,9.46,12.43,10.77,14.41,11.3
KRB,2025-03-31,58.29,70.57,77.29,86.71,71.71,-7.0,-5.3,16.2,42.5,-24.6,46.3,131.3,243.6,192.4,189.1,3.0,4.7,26.2,75.2,8.1,14.2,19.9,34.2,45.0,31.7,33.3,31.3,31.3,30.4,32.1,26.89,25.4,25.99,25.39,26.54,21.2,20.8,21.4,21.5,21.8,10.14,9.46,9.01,11.16,12.87
KRB,2025-04-07,56.57,58.29,75.14,85.86,80.0,-1.5,-7.0,2.4,55.3,21.5,28.6,46.3,201.8,225.5,192.6,8.5,3.0,12.4,88.0,54.2,13.9,14.2,25.9,46.5,32.9,33.8,33.3,32.7,30.0,32.5,27.37,26.89,25.8,25.3,25.93,20.9,21.2,21.8,21.6,21.7,12.41,10.14,12.43,10.77,14.41
KRB,2025-04-14,62.0,56.57,70.57,77.29,86.71,-4.1,-1.5,-5.3,16.2,42.5,23.6,28.6,131.3,243.6,192.4,7.4,8.5,4.7,26.2,75.2,15.0,13.9,19.9,34.2,45.0,34.1,33.8,31.3,31.3,30.4,26.96,27.37,25.4,25.99,25.39,20.9,20.9,20.8,21.4,21.5,13.2,12.41,9.46,9.01,11.16
KRB,2025-04-21,81.0,62.0,58.29,75.14,85.86,25.9,-4.1,-7.0,2.4,55.3,56.3,23.6,46.3,201.8,225.5,37.4,7.4,3.0,12.4,88.0,28.1,15.0,14.2,25.9,46.5,30.4,34.1,33.3,32.7,30.0,23.7,26.96,26.89,25.8,25.3,19.4,20.9,21.2,21.8,21.6,13.31,13.2,10.14,12.43,10.77
KRB,2025-04-28,72.86,81.0,56.57,70.57,77.29,-10.1,25.9,-1.5,-5.3,16.2,54.7,56.3,28.6,131.3,243.6,1.4,37.4,8.5,4.7,26.2,31.5,28.1,13.9,19.9,34.2,28.8,30.4,33.8,31.3,31.3,24.23,23.7,27.37,25.4,25.99,19.1,19.4,20.9,20.8,21.4,10.07,13.31,12.41,9.46,9.01
KRB,2025-05-05,68.43,72.86,62.0,58.29,75.14,1.2,-10.1,-4.1,-7.0,2.4,58.9,54.7,23.6,46.3,201.8,12.7,1.4,7.4,3.0,12.4,21.4,31.5,15.0,14.2,25.9,31.2,28.8,34.1,33.3,32.7,24.54,24.23,26.96,26.89,25.8,19.1,19.1,20.9,21.2,21.8,12.16,10.07,13.2,10.14,12.43
KRB,2025-05-12,60.71,68.43,81.0,56.57,70.57,-0.3,1.2,25.9,-1.5,-5.3,51.5,58.9,56.3,28.6,131.3,0.0,12.7,37.4,8.5,4.7,16.6,21.4,28.1,13.9,19.9,29.5,31.2,30.4,33.8,31.3,22.44,24.54,23.7,27.37,25.4,16.3,19.1,19.4,20.9,20.8,9.77,12.16,13.31,12.41,9.46
KRB,2025-05-19,62.29,60.71,72.86,62.0,58.29,0.3,-0.3,-10.1,-4.1,-7.0,14.7,51.5,54.7,23.6,46.3,0.6,0.0,1.4,7.4,3.0,16.3,16.6,31.5,15.0,14.2,30.3,29.5,28.8,34.1,33.3,22.8,22.44,24.23,26.96,26.89,16.5,16.3,19.1,20.9,21.2,11.4,9.77,10.07,13.2,10.14
KRB,2025-05-26,53.29,62.29,68.43,81.0,56.57,-0.3,0.3,1.2,25.9,-1.5,13.3,14.7,58.9,56.3,28.6,0.0,0.6,12.7,37.4,8.5,14.0,16.3,21.4,28.1,13.9,32.8,30.3,31.2,30.4,33.8,23.29,22.8,24.54,23.7,27.37,15.9,16.5,19.1,19.4,20.9,13.83,11.4,12.16,13.31,12.41
KRB,2025-06-02,56.86,53.29,60.71,72.86,62.0,0.3,-0.3,-0.3,-10.1,-4.1,1.2,13.3,51.5,54.7,23.6,0.6,0.0,0.0,1.4,7.4,13.6,14.0,16.6,31.5,15.0,28.2,32.8,29.5,28.8,34.1,21.34,23.29,22.44,24.23,26.96,14.9,15.9,16.3,19.1,20.9,9.64,13.83,9.77,10.07,13.2
KRB,2025-06-09,46.86,56.86,62.29,68.43,81.0,-0.1,0.3,0.3,1.2,25.9,1.2,1.2,14.7,58.9,56.3,0.0,0.6,0.6,12.7,37.4,13.3,13.6,16.3,21.4,28.1,28.5,28.2,30.3,31.2,30.4,21.87,21.34,22.8,24.54,23.7,15.3,14.9,16.5,19.1,19.4,12.2,9.64,11.4,12.16,13.31
KRB,2025-06-16,48.43,46.86,53.29,60.71,72.86,-0.1,-0.1,-0.3,-0.3,-10.1,0.6,1.2,13.3,51.5,54.7,0.0,0.0,0.0,0.0,1.4,13.4,13.3,14.0,16.6,31.5,29.9,28.5,32.8,29.5,28.8,22.04,21.87,23.29,22.44,24.23,15.3,15.3,15.9,16.3,19.1,14.97,12.2,13.83,9.77,10.07
KRB,2025-06-23,45.0,48.43,56.86,62.29,68.43,-0.1,-0.1,0.3,0.3,1.2,0.6,0.6,1.2,14.7,58.9,0.0,0.0,0.6,0.6,12.7,13.4,13.4,13.6,16.3,21.4,30.1,29.9,28.2,30.3,31.2,21.73,22.04,21.34,22.8,24.54,14.9,15.3,14.9,16.5,19.1,11.97,14.97,9.64,11.4,12.16
KRB,2025-06-30,47.0,45.0,46.86,53.29,60.71,-0.1,-0.1,-0.1,-0.3,-0.3,0.0,0.6,1.2,13.3,51.5,0.0,0.0,0.0,0.0,0.0,13.3,13.4,13.3,14.0,16.6,29.2,30.1,28.5,32.8,29.5,21.51,21.73,21.87,23.29,22.44,14.4,14.9,15.3,15.9,16.3,11.97,11.97,12.2,13.83,9.77
KRB,2025-07-07,52.71,47.0,48.43,56.86,62.29,-0.1,-0.1,-0.1,0.3,0.3,0.0,0.0,0.6,1.2,14.7,0.0,0.0,0.0,0.6,0.6,13.3,13.3,13.4,13.6,16.3,28.9,29.2,29.9,28.2,30.3,21.69,21.51,22.04,21.34,22.8,15.3,14.4,15.3,14.9,16.5,13.03,11.97,14.97,9.64,11.4
KRB,2025-07-14,46.29,52.71,45.0,46.86,53.29,0.2,-0.1,-0.1,-0.1,-0.3,0.2,0.0,0.6,1.2,13.3,0.2,0.0,0.0,0.0,0.0,13.3,13.3,13.4,13.3,14.0,28.5,28.9,30.1,28.5,32.8,20.61,21.69,21.73,21.87,23.29,11.9,15.3,14.9,15.3,15.9,12.44,13.03,11.97,12.2,13.83
KRB,2025-07-21,49.86,46.29,47.0,48.43,56.86,-0.0,0.2,-0.1,-0.1,0.3,0.2,0.2,0.0,0.6,1.2,0.0,0.2,0.0,0.0,0.6,13.4,13.3,13.3,13.4,13.6,27.9,28.5,29.2,29.9,28.2,21.37,20.61,21.51,22.04,21.34,15.5,11.9,14.4,15.3,14.9,12.46,12.44,11.97,14.97,9.64
KRB,2025-07-28,50.0,49.86,52.71,45.0,46.86,-0.0,-0.0,-0.1,-0.1,-0.1,0.2,0.2,0.0,0.6,1.2,0.0,0.0,0.0,0.0,0.0,13.4,13.4,13.3,13.4,13.3,29.1,27.9,28.9,30.1,28.5,20.8,21.37,21.69,21.73,21.87,14.5,15.5,15.3,14.9,15.3,10.36,12.46,13.03,11.97,12.2
KRB,2025-08-04,48.57,50.0,46.29,47.0,48.43,-0.0,-0.0,0.2,-0.1,-0.1,0.2,0.2,0.2,0.0,0.6,0.0,0.0,0.2,0.0,0.0,13.6,13.4,13.3,13.3,13.4,27.7,29.1,28.5,29.2,29.9,19.36,20.8,20.61,21.51,22.04,12.7,14.5,11.9,14.4,15.3,14.14,10.36,12.44,11.97,14.97
KRB,2025-08-11,41.29,48.57,49.86,52.71,45.0,-0.0,-0.0,-0.0,-0.1,-0.1,0.0,0.2,0.2,0.0,0.6,0.0,0.0,0.0,0.0,0.0,13.3,13.6,13.4,13.3,13.4,28.9,27.7,27.9,28.9,30.1,21.04,19.36,21.37,21.69,21.73,12.5,12.7,15.5,15.3,14.9,13.33,14.14,12.46,13.03,11.97
KRB,2025-08-18,40.0,41.29,50.0,46.29,47.0,-0.0,-0.0,-0.0,0.2,-0.1,0.0,0.0,0.2,0.2,0.0,0.0,0.0,0.0,0.2,0.0,13.3,13.3,13.4,13.3,13.3,30.8,28.9,29.1,28.5,29.2,22.97,21.04,20.8,20.61,21.51,16.0,12.5,14.5,11.9,14.4,12.51,13.33,10.36,12.44,11.97
KRB,2025-08-25,35.29,40.0,48.57,49.86,52.71,-0.0,-0.0,-0.0,-0.0,-0.1,0.0,0.0,0.2,0.2,0.0,0.0,0.0,0.0,0.0,0.0,13.2,13.3,13.6,13.4,13.3,33.7,30.8,27.7,27.9,28.9,24.2,22.97,19.36,21.37,21.69,15.2,16.0,12.7,15.5,15.3,8.87,12.51,14.14,12.46,13.03
KRB,2025-09-01,27.57,35.29,41.29,50.0,46.29,-0.0,-0.0,-0.0,-0.0,0.2,0.0,0.0,0.0,0.2,0.2,0.0,0.0,0.0,0.0,0.2,13.5,13.2,13.3,13.4,13.3,33.8,33.7,28.9,29.1,28.5,25.84,24.2,21.04,20.8,20.61,17.3,15.2,12.5,14.5,11.9,15.07,8.87,13.33,10.36,12.44
KRB,2025-09-08,27.43,27.57,40.0,48.57,49.86,-0.3,-0.0,-0.0,-0.0,-0.0,0.0,0.0,0.0,0.2,0.2,0.0,0.0,0.0,0.0,0.0,13.4,13.5,13.3,13.6,13.4,34.4,33.8,30.8,27.7,27.9,26.33,25.84,22.97,19.36,21.37,16.9,17.3,16.0,12.7,15.5,14.37,15.07,12.51,14.14,12.46
KRB,2025-09-15,35.14,27.43,35.29,41.29,50.0,-0.3,-0.3,-0.0,-0.0,-0.0,0.0,0.0,0.0,0.0,0.2,0.0,0.0,0.0,0.0,0.0,13.7,13.4,13.2,13.3,13.4,35.2,34.4,33.7,28.9,29.1,27.14,26.33,24.2,21.04,20.8,19.6,16.9,15.2,12.5,14.5,15.7,14.37,8.87,13.33,10.36
KRB,2025-09-22,29.71,35.14,27.57,40.0,48.57,-0.3,-0.3,-0.0,-0.0,-0.0,0.0,0.0,0.0,0.0,0.2,0.0,0.0,0.0,0.0,0.0,13.6,13.7,13.5,13.3,13.6,37.4,35.2,33.8,30.8,27.7,28.6,27.14,25.84,22.97,19.36,20.3,19.6,17.3,16.0,12.7,16.04,15.7,15.07,12.51,14.14
KRB,2025-09-29,36.71,29.71,27.43,35.29,41.29,-0.3,-0.3,-0.3,-0.0,-0.0,0.0,0.0,0.0,0.0,0.0,0.0,0.0,0.0,0.0,0.0,13.4,13.6,13.4,13.2,13.3,37.7,37.4,34.4,33.7,28.9,28.41,28.6,26.33,24.2,21.04,19.5,20.3,16.9,15.2,12.5,17.2,16.04,14.37,8.87,13.33
KRB,2025-10-06,42.86,36.71,35.14,27.57,40.0,-0.0,-0.3,-0.3,-0.0,-0.0,0.3,0.0,0.0,0.0,0.0,0.3,0.0,0.0,0.0,0.0,12.6,13.4,13.7,13.5,13.3,36.4,37.7,35.2,33.8,30.8,27.07,28.41,27.14,25.84,22.97,19.5,19.5,19.6,17.3,16.0,15.61,17.2,15.7,15.07,12.51
KRB,2025-10-13,33.43,42.86,29.71,27.43,35.29,-3.3,-0.0,-0.3,-0.3,-0.0,0.3,0.3,0.0,0.0,0.0,0.0,0.3,0.0,0.0,0.0,8.0,12.6,13.6,13.4,13.2,37.9,36.4,37.4,34.4,33.7,29.16,27.07,28.6,26.33,24.2,20.3,19.5,20.3,16.9,15.2,16.41,15.61,16.04,14.37,8.87
KRB,2025-10-20,30.71,33.43,36.71,35.14,27.57,-3.3,-3.3,-0.3,-0.3,-0.0,0.3,0.3,0.0,0.0,0.0,0.0,0.0,0.0,0.0,0.0,8.0,8.0,13.4,13.7,13.5,39.0,37.9,37.7,35.2,33.8,31.0,29.16,28.41,27.14,25.84,23.5,20.3,19.5,19.6,17.3,17.76,16.41,17.2,15.7,15.07
KRB,2025-10-27,44.14,30.71,42.86,29.71,27.43,-1.4,-3.3,-0.0,-0.3,-0.3,2.2,0.3,0.3,0.0,0.0,1.9,0.0,0.3,0.0,0.0,7.8,8.0,12.6,13.6,13.4,37.4,39.0,36.4,37.4,34.4,28.06,31.0,27.07,28.6,26.33,20.3,23.5,19.5,20.3,16.9,16.64,17.76,15.61,16.04,14.37
KRB,2025-11-03,30.86,44.14,33.43,36.71,35.14,-3.1,-1.4,-3.3,-0.3,-0.3,2.1,2.2,0.3,0.0,0.0,0.2,1.9,0.0,0.0,0.0,11.8,7.8,8.0,13.4,13.7,39.2,37.4,37.9,37.7,35.2,32.27,28.06,29.16,28.41,27.14,25.5,20.3,20.3,19.5,19.6,18.6,16.64,16.41,17.2,15.7
KRB,2025-11-10,54.29,30.86,30.71,42.86,29.71,-16.1,-3.1,-3.3,-0.0,-0.3,15.8,2.1,0.3,0.3,0.0,13.7,0.2,0.0,0.3,0.0,13.0,11.8,8.0,12.6,13.6,37.1,39.2,39.0,36.4,37.4,28.2,32.27,31.0,27.07,28.6,22.7,25.5,23.5,19.5,20.3,18.31,18.6,17.76,15.61,16.04
KRB,2025-11-17,77.43,54.29,44.14,33.43,36.71,42.8,-16.1,-1.4,-3.3,-0.3,88.4,15.8,2.2,0.3,0.0,72.6,13.7,1.9,0.0,0.0,28.1,13.0,7.8,8.0,13.4,30.4,37.1,37.4,37.9,37.7,24.83,28.2,28.06,29.16,28.41,20.6,22.7,20.3,20.3,19.5,16.07,18.31,16.64,16.41,17.2
KRB,2025-11-24,78.14,77.43,30.86,30.71,42.86,57.3,42.8,-3.1,-3.3,-0.0,173.6,88.4,2.1,0.3,0.3,87.1,72.6,0.2,0.0,0.3,41.9,28.1,11.8,8.0,12.6,31.5,30.4,39.2,39.0,36.4,24.27,24.83,32.27,31.0,27.07,19.6,20.6,25.5,23.5,19.5,13.29,16.07,18.6,17.76,15.61
KRB,2025-12-01,64.86,78.14,54.29,44.14,33.43,4.0,57.3,-16.1,-1.4,-3.3,207.2,173.6,15.8,2.2,0.3,33.8,87.1,13.7,1.9,0.0,20.8,41.9,13.0,7.8,8.0,34.7,31.5,37.1,37.4,37.9,27.34,24.27,28.2,28.06,29.16,21.1,19.6,22.7,20.3,20.3,14.93,13.29,18.31,16.64,16.41
KRB,2025-12-08,61.29,64.86,77.43,30.86,30.71,-25.5,4.0,42.8,-3.1,-3.3,214.1,207.2,88.4,2.1,0.3,20.6,33.8,72.6,0.2,0.0,12.9,20.8,28.1,11.8,8.0,34.1,34.7,30.4,39.2,39.0,27.24,27.34,24.83,32.27,31.0,22.2,21.1,20.6,25.5,23.5,14.63,14.93,16.07,18.6,17.76
KRB,2025-12-15,76.0,61.29,78.14,54.29,44.14,7.2,-25.5,57.3,-16.1,-1.4,194.9,214.1,173.6,15.8,2.2,53.4,20.6,87.1,13.7,1.9,33.5,12.9,41.9,13.0,7.8,31.4,34.1,31.5,37.1,37.4,25.43,27.24,24.27,28.2,28.06,21.3,22.2,19.6,22.7,20.3,14.3,14.63,13.29,18.31,16.64
KRB,2025-12-22,80.57,76.0,64.86,77.43,30.86,46.2,7.2,4.0,42.8,-3.1,200.1,194.9,207.2,88.4,2.1,92.3,53.4,33.8,72.6,0.2,36.9,33.5,20.8,28.1,11.8,30.3,31.4,34.7,30.4,39.2,25.27,25.43,27.34,24.83,32.27,21.3,21.3,21.1,20.6,25.5,14.6,14.3,14.93,16.07,18.6
KRB,2025-12-29,87.0,80.57,61.29,78.14,54.29,76.1,46.2,-25.5,57.3,-16.1,288.5,200.1,214.1,173.6,15.8,122.2,92.3,20.6,87.1,13.7,47.3,36.9,12.9,41.9,13.0,32.1,30.3,34.1,31.5,37.1,24.79,25.27,27.24,24.27,28.2,21.6,21.3,22.2,19.6,22.7,9.47,14.6,14.63,13.29,18.31
MBR,2024-01-08,76.71,,,,,-9.3,,,,,,,,,,53.4,,,,,34.8,,,,,32.2,,,,,26.21,,,,,21.9,,,,,14.19,,,,
MBR,2024-01-15,83.86,76.71,,,,59.3,-9.3,,,,,,,,,122.0,53.4,,,,38.4,34.8,,,,31.0,32.2,,,,25.34,26.21,,,,22.0,21.9,,,,13.79,14.19,,,
MBR,2024-01-22,82.57,83.86,,,,4.5,59.3,,,,,,,,,67.2,122.0,,,,39.5,38.4,,,,30.7,31.0,,,,24.87,25.34,,,,20.6,22.0,,,,13.79,13.79,,,
MBR,2024-01-29,70.29,82.57,76.71,,,-61.7,4.5,-9.3,,,243.6,,,,,1.0,67.2,53.4,,,24.6,39.5,34.8,,,31.6,30.7,32.2,,,25.64,24.87,26.21,,,20.7,20.6,21.9,,,14.17,13.79,14.19,,
MBR,2024-02-05,61.43,70.29,83.86,,,-55.2,-61.7,59.3,,,197.7,243.6,,,,7.5,1.0,122.0,,,14.4,24.6,38.4,,,33.4,31.6,31.0,,,27.24,25.64,25.34,,,21.8,20.7,22.0,,,17.59,14.17,13.79,,
MBR,2024-02-12,53.14,61.43,82.57,76.71,,-21.4,-55.2,4.5,-9.3,,80.3,197.7,,,,4.6,7.5,67.2,53.4,,12.3,14.4,39.5,34.8,,37.8,33.4,30.7,32.2,,29.97,27.24,24.87,26.21,,23.4,21.8,20.6,21.9,,14.73,17.59,13.79,14.19,
MBR,2024-02-19,51.29,53.14,70.29,83.86,,-24.8,-21.4,-61.7,59.3,,14.3,80.3,243.6,,,1.2,4.6,1.0,122.0,,11.9,12.3,24.6,38.4,,38.0,37.8,31.6,31.0,,29.66,29.97,25.64,25.34,,23.4,23.4,20.7,22.0,,15.14,14.73,14.17,13.79,
MBR,2024-02-26,47.43,51.29,61.43,82.57,76.71,-24.4,-24.8,-55.2,4.5,-9.3,14.9,14.3,197.7,,,1.6,1.2,7.5,67.2,53.4,11.2,11.9,14.4,39.5,34.8,36.4,38.0,33.4,30.7,32.2,30.5,29.66,27.24,24.87,26.21,24.6,23.4,21.8,20.6,21.9,17.19,15.14,17.59,13.79,14.19
MBR,2024-03-04,58.0,47.43,53.14,70.29,83.86,-20.8,-24.4,-21.4,-61.7,59.3,12.6,14.9,80.3,243.6,,5.2,1.6,4.6,1.0,122.0,13.3,11.2,12.3,24.6,38.4,36.7,36.4,37.8,31.6,31.0,27.84,30.5,29.97,25.64,25.34,21.7,24.6,23.4,20.7,22.0,17.61,17.19,14.73,14.17,13.79
MBR,2024-03-11,56.57,58.0,51.29,61.43,82.57,10.1,-20.8,-24.8,-55.2,4.5,23.8,12.6,14.3,197.7,,15.8,5.2,1.2,7.5,67.2,13.4,13.3,11.9,14.4,39.5,38.1,36.7,38.0,33.4,30.7,30.24,27.84,29.66,27.24,24.87,24.5,21.7,23.4,21.8,20.6,14.0,17.61,15.14,17.59,13.79
MBR,2024-03-18,62.29,56.57,47.43,53.14,70.29,3.2,10.1,-24.4,-21.4,-61.7,31.5,23.8,14.9,80.3,243.6,8.9,15.8,1.6,4.6,1.0,14.2,13.4,11.2,12.3,24.6,36.1,38.1,36.4,37.8,31.6,29.37,30.24,30.5,29.97,25.64,23.9,24.5,24.6,23.4,20.7,17.09,14.0,17.19,14.73,14.17
MBR,2024-03-25,48.57,62.29,58.0,51.29,61.43,-5.2,3.2,-20.8,-24.8,-55.2,30.4,31.5,12.6,14.3,197.7,0.5,8.9,5.2,1.2,7.5,12.8,14.2,13.3,11.9,14.4,35.2,36.1,36.7,38.0,33.4,28.57,29.37,27.84,29.66,27.24,22.4,23.9,21.7,23.4,21.8,20.77,17.09,17.61,15.14,17.59
MBR,2024-04-01,52.14,48.57,56.57,47.43,53.14,-5.5,-5.2,10.1,-24.4,-21.4,25.4,30.4,23.8,14.9,80.3,0.2,0.5,15.8,1.6,4.6,11.2,12.8,13.4,11.2,12.3,35.1,35.2,38.1,36.4,37.8,28.87,28.57,30.24,30.5,29.97,23.5,22.4,24.5,24.6,23.4,21.57,20.77,14.0,17.19,14.73
MBR,2024-04-08,50.86,52.14,62.29,58.0,51.29,-4.4,-5.5,3.2,-20.8,-24.8,11.7,25.4,31.5,12.6,14.3,2.1,0.2,8.9,5.2,1.2,11.3,11.2,14.2,13.3,11.9,36.6,35.1,36.1,36.7,38.0,29.4,28.87,29.37,27.84,29.66,23.2,23.5,23.9,21.7,23.4,20.6,21.57,17.09,17.61,15.14
MBR,2024-04-15,58.14,50.86,48.57,56.57,47.43,14.4,-4.4,-5.2,10.1,-24.4,23.7,11.7,30.4,23.8,14.9,20.9,2.1,0.5,15.8,1.6,12.5,11.3,12.8,13.4,11.2,38.2,36.6,35.2,38.1,36.4,27.04,29.4,28.57,30.24,30.5,21.4,23.2,22.4,24.5,24.6,22.2,20.6,20.77,14.0,17.19
MBR,2024-04-22,52.29,58.14,52.14,62.29,58.0,-6.5,14.4,-5.5,3.2,-20.8,23.2,23.7,25.4,31.5,12.6,0.0,20.9,0.2,8.9,5.2,11.2,12.5,11.2,14.2,13.3,33.2,38.2,35.1,36.1,36.7,26.69,27.04,28.87,29.37,27.84,20.7,21.4,23.5,23.9,21.7,20.69,22.2,21.57,17.09,17.61
MBR,2024-04-29,44.43,52.29,50.86,48.57,56.57,-6.4,-6.5,-4.4,-5.2,10.1,23.1,23.2,11.7,30.4,23.8,0.1,0.0,2.1,0.5,15.8,10.9,11.2,11.3,12.8,13.4,33.8,33.2,36.6,35.2,38.1,26.47,26.69,29.4,28.57,30.24,19.4,20.7,23.2,22.4,24.5,18.74,20.69,20.6,20.77,14.0
MBR,2024-05-06,45.71,44.43,58.14,52.14,62.29,-6.5,-6.4,14.4,-5.5,3.2,21.0,23.1,23.7,25.4,31.5,0.0,0.1,20.9,0.2,8.9,10.9,10.9,12.5,11.2,14.2,33.0,33.8,38.2,35.1,36.1,25.34,26.47,27.04,28.87,29.37,18.2,19.4,21.4,23.5,23.9,18.79,18.74,22.2,21.57,17.09
MBR,2024-05-13,44.71,45.71,52.29,50.86,48.57,-0.2,-6.5,-6.5,-4.4,-5.2,0.1,21.0,23.2,11.7,30.4,0.0,0.0,0.0,2.1,0.5,10.9,10.9,11.2,11.3,12.8,33.8,33.0,33.2,36.6,35.2,26.67,25.34,26.69,29.4,28.57,20.5,18.2,20.7,23.2,22.4,19.09,18.79,20.69,20.6,20.77
MBR,2024-05-20,50.14,44.71,44.43,58.14,52.14,0.0,-0.2,-6.4,14.4,-5.5,0.3,0.1,23.1,23.7,25.4,0.2,0.0,0.1,20.9,0.2,10.9,10.9,10.9,12.5,11.2,31.5,33.8,33.8,38.2,35.1,24.93,26.67,26.47,27.04,28.87,18.6,20.5,19.4,21.4,23.5,19.27,19.09,18.74,22.2,21.57
MBR,2024-05-27,54.14,50.14,45.71,52.29,50.86,-0.1,0.0,-6.5,-6.5,-4.4,0.3,0.3,21.0,23.2,11.7,0.1,0.2,0.0,0.0,2.1,11.0,10.9,10.9,11.2,11.3,29.8,31.5,33.0,33.2,36.6,23.81,24.93,25.34,26.69,29.4,17.9,18.6,18.2,20.7,23.2,21.06,19.27,18.79,20.69,20.6
MBR,2024-06-03,45.86,54.14,44.71,44.43,58.14,-0.2,-0.1,-0.2,-6.4,14.4,0.3,0.3,0.1,23.1,23.7,0.0,0.1,0.0,0.1,20.9,10.9,11.0,10.9,10.9,12.5,32.8,29.8,33.8,33.8,38.2,22.97,23.81,26.67,26.47,27.04,14.6,17.9,20.5,19.4,21.4,17.33,21.06,19.09,18.74,22.2
MBR,2024-06-10,36.86,45.86,50.14,45.71,52.29,-0.4,-0.2,0.0,-6.5,-6.5,0.3,0.3,0.3,21.0,23.2,0.0,0.0,0.2,0.0,0.0,10.9,10.9,10.9,10.9,11.2,35.3,32.8,31.5,33.0,33.2,25.87,22.97,24.93,25.34,26.69,17.7,14.6,18.6,18.2,20.7,17.69,17.33,19.27,18.79,20.69
MBR,2024-06-17,49.57,36.86,54.14,44.71,44.43,-0.0,-0.4,-0.1,-0.2,-6.4,0.5,0.3,0.3,0.1,23.1,0.4,0.0,0.1,0.0,0.1,10.9,10.9,11.0,10.9,10.9,27.8,35.3,29.8,33.8,33.8,20.51,25.87,23.81,26.67,26.47,11.8,17.7,17.9,20.5,19.4,18.8,17.69,21.06,19.09,18.74
MBR,2024-06-24,48.0,49.57,45.86,50.14,45.71,-0.2,-0.0,-0.2,0.0,-6.5,0.6,0.5,0.3,0.3,21.0,0.2,0.4,0.0,0.2,0.0,11.1,10.9,10.9,10.9,10.9,30.3,27.8,32.8,31.5,33.0,22.0,20.51,22.97,24.93,25.34,13.4,11.8,14.6,18.6,18.2,19.73,18.8,17.33,19.27,18.79
MBR,2024-07-01,59.0,48.0,36.86,54.14,44.71,2.7,-0.2,-0.4,-0.1,-0.2,3.7,0.6,0.3,0.3,0.1,3.1,0.2,0.0,0.1,0.0,11.9,11.1,10.9,11.0,10.9,27.9,30.3,35.3,29.8,33.8,21.43,22.0,25.87,23.81,26.67,15.1,13.4,17.7,17.9,20.5,22.04,19.73,17.69,21.06,19.09
MBR,2024-07-08,41.29,59.0,49.57,45.86,50.14,-0.0,2.7,-0.0,-0.2,0.0,3.9,3.7,0.5,0.3,0.3,0.2,3.1,0.4,0.0,0.2,11.2,11.9,10.9,10.9,10.9,32.2,27.9,27.8,32.8,31.5,22.27,21.43,20.51,22.97,24.93,14.2,15.1,11.8,14.6,18.6,15.13,22.04,18.8,17.33,19.27
MBR,2024-07-15,36.57,41.29,48.0,36.86,54.14,-0.2,-0.0,-0.2,-0.4,-0.1,3.5,3.9,0.6,0.3,0.3,0.0,0.2,0.2,0.0,0.1,10.9,11.2,11.1,10.9,11.0,32.4,32.2,30.3,35.3,29.8,21.94,22.27,22.0,25.87,23.81,11.6,14.2,13.4,17.7,17.9,13.77,15.13,19.73,17.69,21.06
MBR,2024-07-22,36.57,36.57,59.0,49.57,45.86,-0.2,-0.2,2.7,-0.0,-0.2,3.3,3.5,3.7,0.5,0.3,0.0,0.0,3.1,0.4,0.0,10.9,10.9,11.9,10.9,10.9,31.7,32.4,27.9,27.8,32.8,22.8,21.94,21.43,20.51,22.97,14.2,11.6,15.1,11.8,14.6,13.87,13.77,22.04,18.8,17.33
MBR,2024-07-29,31.29,36.57,41.29,48.0,36.86,-0.2,-0.2,-0.0,-0.2,-0.4,0.2,3.3,3.9,0.6,0.3,0.0,0.0,0.2,0.2,0.0,10.9,10.9,11.2,11.1,10.9,33.5,31.7,32.2,30.3,35.3,23.59,22.8,22.27,22.0,25.87,14.8,14.2,14.2,13.4,17.7,14.39,13.87,15.13,19.73,17.69
MBR,2024-08-05,38.43,31.29,36.57,59.0,49.57,-0.2,-0.2,-0.2,2.7,-0.0,0.0,0.2,3.5,3.7,0.5,0.0,0.0,0.0,3.1,0.4,10.9,10.9,10.9,11.9,10.9,34.4,33.5,32.4,27.9,27.8,23.73,23.59,21.94,21.43,20.51,15.2,14.8,11.6,15.1,11.8,19.3,14.39,13.77,22.04,18.8
MBR,2024-08-12,38.29,38.43,36.57,41.29,48.0,-0.0,-0.2,-0.2,-0.0,-0.2,0.0,0.0,3.3,3.9,0.6,0.0,0.0,0.0,0.2,0.2,10.9,10.9,10.9,11.2,11.1,33.6,34.4,31.7,32.2,30.3,24.29,23.73,22.8,22.27,22.0,15.7,15.2,14.2,14.2,13.4,15.9,19.3,13.87,15.13,19.73
MBR,2024-08-19,35.71,38.29,31.29,36.57,59.0,-0.0,-0.0,-0.2,-0.2,2.7,0.0,0.0,0.2,3.5,3.7,0.0,0.0,0.0,0.0,3.1,10.9,10.9,10.9,10.9,11.9,35.1,33.6,33.5,32.4,27.9,25.2,24.29,23.59,21.94,21.43,16.3,15.7,14.8,11.6,15.1,20.73,15.9,14.39,13.77,22.04
MBR,2024-08-26,41.71,35.71,38.43,36.57,41.29,-0.0,-0.0,-0.2,-0.2,-0.0,0.0,0.0,0.0,3.3,3.9,0.0,0.0,0.0,0.0,0.2,10.9,10.9,10.9,10.9,11.2,31.3,35.1,34.4,31.7,32.2,23.76,25.2,23.73,22.8,22.27,16.9,16.3,15.2,14.2,14.2,21.54,20.73,19.3,13.87,15.13
MBR,2024-09-02,36.86,41.71,38.29,31.29,36.57,-0.0,-0.0,-0.0,-0.2,-0.2,0.0,0.0,0.0,0.2,3.5,0.0,0.0,0.0,0.0,0.0,10.9,10.9,10.9,10.9,10.9,36.9,31.3,33.6,33.5,32.4,25.91,23.76,24.29,23.59,21.94,16.5,16.9,15.7,14.8,11.6,20.21,21.54,15.9,14.39,13.77
MBR,2024-09-09,39.29,36.86,35.71,38.43,36.57,-0.2,-0.0,-0.0,-0.2,-0.2,0.0,0.0,0.0,0.0,3.3,0.0,0.0,0.0,0.0,0.0,11.0,10.9,10.9,10.9,10.9,34.4,36.9,35.1,34.4,31.7,24.43,25.91,25.2,23.73,22.8,16.6,16.5,16.3,15.2,14.2,20.66,20.21,20.73,19.3,13.87
MBR,2024-09-16,34.43,39.29,41.71,38.29,31.29,-0.2,-0.2,-0.0,-0.0,-0.2,0.0,0.0,0.0,0.0,0.2,0.0,0.0,0.0,0.0,0.0,10.9,11.0,10.9,10.9,10.9,38.0,34.4,31.3,33.6,33.5,28.94,24.43,23.76,24.29,23.59,21.8,16.6,16.9,15.7,14.8,21.94,20.66,21.54,15.9,14.39
MBR,2024-09-23,28.14,34.43,36.86,35.71,38.43,-0.2,-0.2,-0.0,-0.0,-0.2,0.0,0.0,0.0,0.0,0.0,0.0,0.0,0.0,0.0,0.0,10.8,10.9,10.9,10.9,10.9,38.7,38.0,36.9,35.1,34.4,29.93,28.94,25.91,25.2,23.73,20.8,21.8,16.5,16.3,15.2,23.44,21.94,20.21,20.73,19.3
MBR,2024-09-30,33.86,28.14,39.29,41.71,38.29,-0.2,-0.2,-0.2,-0.0,-0.0,0.0,0.0,0.0,0.0,0.0,0.0,0.0,0.0,0.0,0.0,10.8,10.8,11.0,10.9,10.9,39.1,38.7,34.4,31.3,33.6,28.2,29.93,24.43,23.76,24.29,18.9,20.8,16.6,16.9,15.7,20.11,23.44,20.66,21.54,15.9
MBR,2024-10-07,37.57,33.86,34.43,36.86,35.71,0.2,-0.2,-0.2,-0.0,-0.0,0.4,0.0,0.0,0.0,0.0,0.4,0.0,0.0,0.0,0.0,11.0,10.8,10.9,10.9,10.9,41.4,39.1,38.0,36.9,35.1,26.97,28.2,28.94,25.91,25.2,18.0,18.9,21.8,16.5,16.3,26.03,20.11,21.94,20.21,20.73
MBR,2024-10-14,34.43,37.57,28.14,39.29,41.71,-2.2,0.2,-0.2,-0.2,-0.0,0.4,0.4,0.0,0.0,0.0,0.0,0.4,0.0,0.0,0.0,10.9,11.0,10.8,11.0,10.9,36.6,41.4,38.7,34.4,31.3,27.73,26.97,29.93,24.43,23.76,17.9,18.0,20.8,16.6,16.9,21.26,26.03,23.44,20.66,21.54
MBR,2024-10-21,42.71,34.43,33.86,34.43,36.86,8.9,-2.2,-0.2,-0.2,-0.0,11.5,0.4,0.0,0.0,0.0,11.1,0.0,0.0,0.0,0.0,12.0,10.9,10.8,10.9,10.9,37.5,36.6,39.1,38.0,36.9,27.67,27.73,28.2,28.94,25.91,17.5,17.9,18.9,21.8,16.5,18.7,21.26,20.11,21.94,20.21
MBR,2024-10-28,30.0,42.71,37.57,28.14,39.29,-2.2,8.9,0.2,-0.2,-0.2,11.5,11.5,0.4,0.0,0.0,0.0,11.1,0.4,0.0,0.0,11.0,12.0,11.0,10.8,11.0,40.7,37.5,41.4,38.7,34.4,32.71,27.67,26.97,29.93,24.43,24.6,17.5,18.0,20.8,16.6,19.81,18.7,26.03,23.44,20.66
MBR,2024-11-04,48.57,30.0,34.43,33.86,34.43,4.4,-2.2,-2.2,-0.2,-0.2,17.7,11.5,0.4,0.0,0.0,6.6,0.0,0.0,0.0,0.0,12.6,11.0,10.9,10.8,10.9,38.6,40.7,36.6,39.1,38.0,30.34,32.71,27.73,28.2,28.94,23.3,24.6,17.9,18.9,21.8,21.13,19.81,21.26,20.11,21.94
MBR,2024-11-11,36.43,48.57,42.71,37.57,28.14,-16.8,4.4,8.9,0.2,-0.2,18.5,17.7,11.5,0.4,0.0,0.8,6.6,11.1,0.4,0.0,11.0,12.6,12.0,11.0,10.8,40.9,38.6,37.5,41.4,38.7,32.39,30.34,27.67,26.97,29.93,25.9,23.3,17.5,18.0,20.8,23.03,21.13,18.7,26.03,23.44
MBR,2024-11-18,48.29,36.43,30.0,34.43,33.86,8.1,-16.8,-2.2,-2.2,-0.2,33.1,18.5,11.5,0.4,0.0,25.7,0.8,0.0,0.0,0.0,9.1,11.0,11.0,10.9,10.8,40.6,40.9,40.7,36.6,39.1,29.97,32.39,32.71,27.73,28.2,22.7,25.9,24.6,17.9,18.9,25.4,23.03,19.81,21.26,20.11
MBR,2024-11-25,38.14,48.29,48.57,42.71,37.57,-15.6,8.1,4.4,8.9,0.2,35.1,33.1,17.7,11.5,0.4,2.0,25.7,6.6,11.1,0.4,5.8,9.1,12.6,12.0,11.0,39.5,40.6,38.6,37.5,41.4,32.29,29.97,30.34,27.67,26.97,25.6,22.7,23.3,17.5,18.0,23.76,25.4,21.13,18.7,26.03
MBR,2024-12-02,51.86,38.14,36.43,30.0,34.43,-7.8,-15.6,-16.8,-2.2,-2.2,38.3,35.1,18.5,11.5,0.4,9.8,2.0,0.8,0.0,0.0,7.1,5.8,11.0,11.0,10.9,37.0,39.5,40.9,40.7,36.6,29.53,32.29,32.39,32.71,27.73,22.1,25.6,25.9,24.6,17.9,23.34,23.76,23.03,19.81,21.26
MBR,2024-12-09,29.86,51.86,48.29,48.57,42.71,-44.9,-7.8,8.1,4.4,8.9,38.0,38.3,33.1,17.7,11.5,0.5,9.8,25.7,6.6,11.1,4.4,7.1,9.1,12.6,12.0,40.2,37.0,40.6,38.6,37.5,32.33,29.53,29.97,30.34,27.67,22.3,22.1,22.7,23.3,17.5,20.97,23.34,25.4,21.13,18.7
MBR,2024-12-16,34.14,29.86,38.14,36.43,30.0,-45.1,-44.9,-15.6,-16.8,-2.2,12.6,38.0,35.1,18.5,11.5,0.3,0.5,2.0,0.8,0.0,5.5,4.4,5.8,11.0,11.0,42.4,40.2,39.5,40.9,40.7,33.46,32.33,32.29,32.39,32.71,26.3,22.3,25.6,25.9,24.6,24.43,20.97,23.76,23.03,19.81
MBR,2024-12-23,50.43,34.14,51.86,48.29,48.57,-7.4,-45.1,-7.8,8.1,4.4,48.6,12.6,38.3,33.1,17.7,38.0,0.3,9.8,25.7,6.6,12.9,5.5,7.1,9.1,12.6,38.9,42.4,37.0,40.6,38.6,31.23,33.46,29.53,29.97,30.34,23.0,26.3,22.1,22.7,23.3,22.77,24.43,23.34,25.4,21.13
MBR,2024-12-30,41.57,50.43,29.86,38.14,36.43,-32.7,-7.4,-44.9,-15.6,-16.8,51.5,48.6,38.0,35.1,18.5,12.7,38.0,0.5,2.0,0.8,6.6,12.9,4.4,5.8,11.0,40.1,38.9,40.2,39.5,40.9,32.91,31.23,32.33,32.29,32.39,26.3,23.0,22.3,25.6,25.9,24.2,22.77,20.97,23.76,23.03
MBR,2025-01-06,82.86,41.57,34.14,51.86,48.29,116.0,-32.7,-45.1,-7.8,8.1,212.4,51.5,12.6,38.3,33.1,161.4,12.7,0.3,9.8,25.7,34.6,6.6,5.5,7.1,9.1,32.4,40.1,42.4,37.0,40.6,25.76,32.91,33.46,29.53,29.97,22.3,26.3,26.3,22.1,22.7,13.93,24.2,24.43,23.34,25.4
MBR,2025-01-13,85.57,82.86,50.43,29.86,38.14,38.6,116.0,-7.4,-44.9,-15.6,313.4,212.4,48.6,38.0,35.1,101.3,161.4,38.0,0.5,2.0,39.8,34.6,12.9,4.4,5.8,32.3,32.4,38.9,40.2,39.5,25.57,25.76,31.23,32.33,32.29,22.2,22.3,23.0,22.3,25.6,12.51,13.93,22.77,20.97,23.76
MBR,2025-01-20,79.0,85.57,41.57,34.14,51.86,2.7,38.6,-32.7,-45.1,-7.8,340.8,313.4,51.5,12.6,38.3,65.4,101.3,12.7,0.3,9.8,28.4,39.8,6.6,5.5,7.1,33.1,32.3,40.1,42.4,37.0,26.97,25.57,32.91,33.46,29.53,22.4,22.2,26.3,26.3,22.1,14.67,12.51,24.2,24.43,23.34
MBR,2025-01-27,85.71,79.0,82.86,50.43,29.86,15.1,2.7,116.0,-7.4,-44.9,405.9,340.8,212.4,48.6,38.0,77.8,65.4,161.4,38.0,0.5,38.0,28.4,34.6,12.9,4.4,30.9,33.1,32.4,38.9,40.2,25.14,26.97,25.76,31.23,32.33,21.8,22.4,22.3,23.0,22.3,13.19,14.67,13.93,22.77,20.97
MBR,2025-02-03,85.71,85.71,85.57,41.57,34.14,5.6,15.1,38.6,-32.7,-45.1,312.8,405.9,313.4,51.5,12.6,68.3,77.8,101.3,12.7,0.3,37.4,38.0,39.8,6.6,5.5,31.0,30.9,32.3,40.1,42.4,24.93,25.14,25.57,32.91,33.46,21.0,21.8,22.2,26.3,26.3,13.1,13.19,12.51,24.2,24.43
MBR,2025-02-10,77.57,85.71,79.0,82.86,50.43,-12.8,5.6,2.7,116.0,-7.4,224.7,312.8,340.8,212.4,48.6,13.2,68.3,65.4,161.4,38.0,22.9,37.4,28.4,34.6,12.9,32.4,31.0,33.1,32.4,38.9,26.19,24.93,26.97,25.76,31.23,21.1,21.0,22.4,22.3,23.0,16.5,13.1,14.67,13.93,22.77
MBR,2025-02-17,84.43,77.57,85.71,85.57,41.57,38.4,-12.8,15.1,38.6,-32.7,223.7,224.7,405.9,313.4,51.5,64.4,13.2,77.8,101.3,12.7,26.4,22.9,38.0,39.8,6.6,32.6,32.4,30.9,32.3,40.1,25.93,26.19,25.14,25.57,32.91,22.6,21.1,21.8,22.2,26.3,15.53,16.5,13.19,12.51,24.2
MBR,2025-02-24,85.86,84.43,85.71,79.0,82.86,47.2,38.4,5.6,2.7,116.0,219.1,223.7,312.8,340.8,212.4,73.2,64.4,68.3,65.4,161.4,34.0,26.4,37.4,28.4,34.6,31.3,32.6,31.0,33.1,32.4,25.84,25.93,24.93,26.97,25.76,21.8,22.6,21.0,22.4,22.3,13.93,15.53,13.1,14.67,13.93
MBR,2025-03-03,85.0,85.86,77.57,85.71,85.57,18.6,47.2,-12.8,15.1,38.6,195.4,219.1,224.7,405.9,313.4,44.6,73.2,13.2,77.8,101.3,34.6,34.0,22.9,38.0,39.8,31.0,31.3,32.4,30.9,32.3,25.8,25.84,26.19,25.14,25.57,21.9,21.8,21.1,21.8,22.2,19.09,13.93,16.5,13.19,12.51
MBR,2025-03-10,78.86,85.0,84.43,85.71,79.0,-2.3,18.6,38.4,5.6,2.7,185.6,195.4,223.7,312.8,340.8,3.4,44.6,64.4,68.3,65.4,20.4,34.6,26.4,37.4,28.4,31.4,31.0,32.6,31.0,33.1,26.26,25.8,25.93,24.93,26.97,22.0,21.9,22.6,21.0,22.4,19.06,19.09,15.53,13.1,14.67
MBR,2025-03-17,75.14,78.86,85.86,77.57,85.71,-1.5,-2.3,47.2,-12.8,15.1,125.4,185.6,219.1,224.7,405.9,4.2,3.4,73.2,13.2,77.8,11.5,20.4,34.0,22.9,38.0,33.0,31.4,31.3,32.4,30.9,26.4,26.26,25.84,26.19,25.14,22.5,22.0,21.8,21.1,21.8,17.29,19.06,13.93,16.5,13.19
MBR,2025-03-24,68.86,75.14,85.0,84.43,85.71,5.0,-1.5,18.6,38.4,5.6,62.9,125.4,195.4,223.7,312.8,10.7,4.2,44.6,64.4,68.3,9.2,11.5,34.6,26.4,37.4,32.1,33.0,31.0,32.6,31.0,25.81,26.4,25.8,25.93,24.93,20.6,22.5,21.9,22.6,21.0,21.34,17.29,19.09,15.53,13.1
MBR,2025-03-31,63.0,68.86,78.86,85.86,77.57,0.2,5.0,-2.3,47.2,-12.8,24.2,62.9,185.6,219.1,224.7,5.9,10.7,3.4,73.2,13.2,8.4,9.2,20.4,34.0,22.9,32.3,32.1,31.4,31.3,32.4,26.7,25.81,26.26,25.84,26.19,21.3,20.6,22.0,21.8,21.1,20.01,21.34,19.06,13.93,16.5
MBR,2025-04-07,60.14,63.0,75.14,85.0,84.43,-4.3,0.2,-1.5,18.6,38.4,22.2,24.2,125.4,195.4,223.7,1.4,5.9,4.2,44.6,64.4,6.6,8.4,11.5,34.6,26.4,33.1,32.3,33.0,31.0,32.6,27.36,26.7,26.4,25.8,25.93,21.6,21.3,22.5,21.9,22.6,24.3,20.01,17.29,19.09,15.53
MBR,2025-04-14,60.57,60.14,68.86,78.86,85.86,9.7,-4.3,5.0,-2.3,47.2,34.2,22.2,62.9,185.6,219.1,16.2,1.4,10.7,3.4,73.2,7.9,6.6,9.2,20.4,34.0,35.3,33.1,32.1,31.4,31.3,27.5,27.36,25.81,26.26,25.84,21.3,21.6,20.6,22.0,21.8,21.44,24.3,21.34,19.06,13.93
MBR,2025-04-21,75.86,60.57,63.0,75.14,85.0,11.8,9.7,0.2,-1.5,18.6,41.8,34.2,24.2,125.4,195.4,18.3,16.2,5.9,4.2,44.6,13.6,7.9,8.4,11.5,34.6,32.1,35.3,32.3,33.0,31.0,24.6,27.5,26.7,26.4,25.8,19.5,21.3,21.3,22.5,21.9,23.21,21.44,20.01,17.29,19.09
MBR,2025-04-28,69.0,75.86,60.14,68.86,78.86,-6.0,11.8,-4.3,5.0,-2.3,36.4,41.8,22.2,62.9,185.6,0.5,18.3,1.4,10.7,3.4,8.9,13.6,6.6,9.2,20.4,30.2,32.1,33.1,32.1,31.4,24.77,24.6,27.36,25.81,26.26,19.6,19.5,21.6,20.6,22.0,22.46,23.21,24.3,21.34,19.06
MBR,2025-05-05,60.43,69.0,60.57,63.0,75.14,-6.0,-6.0,9.7,0.2,-1.5,35.5,36.4,34.2,24.2,125.4,0.5,0.5,16.2,5.9,4.2,6.1,8.9,7.9,8.4,11.5,34.5,30.2,35.3,32.3,33.0,26.33,24.77,27.5,26.7,26.4,20.5,19.6,21.3,21.3,22.5,20.03,22.46,21.44,20.01,17.29
MBR,2025-05-12,58.86,60.43,75.86,60.14,68.86,-0.2,-6.0,11.8,-4.3,5.0,19.3,35.5,41.8,22.2,62.9,0.0,0.5,18.3,1.4,10.7,6.2,6.1,13.6,6.6,9.2,30.4,34.5,32.1,33.1,32.1,22.93,26.33,24.6,27.36,25.81,16.2,20.5,19.5,21.6,20.6,19.47,20.03,23.21,24.3,21.34
MBR,2025-05-19,57.71,58.86,69.0,60.57,63.0,-0.2,-0.2,-6.0,9.7,0.2,1.0,19.3,36.4,34.2,24.2,0.0,0.0,0.5,16.2,5.9,5.8,6.2,8.9,7.9,8.4,32.8,30.4,30.2,35.3,32.3,23.66,22.93,24.77,27.5,26.7,17.1,16.2,19.6,21.3,21.3,24.47,19.47,22.46,21.44,20.01
MBR,2025-05-26,55.14,57.71,60.43,75.86,60.14,-0.2,-0.2,-6.0,11.8,-4.3,0.5,1.0,35.5,41.8,22.2,0.0,0.0,0.5,18.3,1.4,6.0,5.8,6.1,13.6,6.6,33.6,32.8,34.5,32.1,33.1,24.26,23.66,26.33,24.6,27.36,17.8,17.1,20.5,19.5,21.6,23.87,24.47,20.03,23.21,24.3
MBR,2025-06-02,60.14,55.14,58.86,69.0,60.57,0.8,-0.2,-0.2,-6.0,9.7,1.0,0.5,19.3,36.4,34.2,1.0,0.0,0.0,0.5,16.2,6.1,6.0,6.2,8.9,7.9,28.9,33.6,30.4,30.2,35.3,22.11,24.26,22.93,24.77,27.5,16.4,17.8,16.2,19.6,21.3,21.47,23.87,19.47,22.46,21.44
MBR,2025-06-09,54.0,60.14,57.71,60.43,75.86,-0.4,0.8,-0.2,-6.0,11.8,1.0,1.0,1.0,35.5,41.8,0.0,1.0,0.0,0.5,18.3,6.1,6.1,5.8,6.1,13.6,30.0,28.9,32.8,34.5,32.1,22.5,22.11,23.66,26.33,24.6,15.8,16.4,17.1,20.5,19.5,18.3,21.47,24.47,20.03,23.21
MBR,2025-06-16,50.29,54.0,55.14,58.86,69.0,-0.4,-0.4,-0.2,-0.2,-6.0,1.0,1.0,0.5,19.3,36.4,0.0,0.0,0.0,0.0,0.5,5.9,6.1,6.0,6.2,8.9,32.3,30.0,33.6,30.4,30.2,23.3,22.5,24.26,22.93,24.77,16.4,15.8,17.8,16.2,19.6,24.59,18.3,23.87,19.47,22.46
MBR,2025-06-23,54.57,50.29,60.14,57.71,60.43,-0.3,-0.4,0.8,-0.2,-6.0,1.1,1.0,1.0,1.0,35.5,0.1,0.0,1.0,0.0,0.5,6.0,5.9,6.1,5.8,6.1,30.0,32.3,28.9,32.8,34.5,22.63,23.3,22.11,23.66,26.33,15.7,16.4,16.4,17.1,20.5,17.1,24.59,21.47,24.47,20.03
MBR,2025-06-30,51.57,54.57,54.0,55.14,58.86,-0.4,-0.3,-0.4,-0.2,-0.2,0.1,1.1,1.0,0.5,19.3,0.0,0.1,0.0,0.0,0.0,5.9,6.0,6.1,6.0,6.2,30.9,30.0,30.0,33.6,30.4,22.13,22.63,22.5,24.26,22.93,14.9,15.7,15.8,17.8,16.2,19.66,17.1,18.3,23.87,19.47
MBR,2025-07-07,53.0,51.57,50.29,60.14,57.71,-0.4,-0.4,-0.4,0.8,-0.2,0.1,0.1,1.0,1.0,1.0,0.0,0.0,0.0,1.0,0.0,5.8,5.9,5.9,6.1,5.8,30.2,30.9,32.3,28.9,32.8,22.2,22.13,23.3,22.11,23.66,15.5,14.9,16.4,16.4,17.1,21.29,19.66,24.59,21.47,24.47
MBR,2025-07-14,52.57,53.0,54.57,54.0,55.14,-0.1,-0.4,-0.3,-0.4,-0.2,0.2,0.1,1.1,1.0,0.5,0.1,0.0,0.1,0.0,0.0,5.5,5.8,6.0,6.1,6.0,29.4,30.2,30.0,30.0,33.6,21.16,22.2,22.63,22.5,24.26,13.5,15.5,15.7,15.8,17.8,24.13,21.29,17.1,18.3,23.87
MBR,2025-07-21,52.57,52.57,51.57,50.29,60.14,1.2,-0.1,-0.4,-0.4,0.8,1.5,0.2,0.1,1.0,1.0,1.4,0.1,0.0,0.0,1.0,6.1,5.5,5.9,5.9,6.1,28.2,29.4,30.9,32.3,28.9,21.69,21.16,22.13,23.3,22.11,14.9,13.5,14.9,16.4,16.4,22.37,24.13,19.66,24.59,21.47
MBR,2025-07-28,51.71,52.57,53.0,54.57,54.0,0.2,1.2,-0.4,-0.3,-0.4,1.9,1.5,0.1,1.1,1.0,0.4,1.4,0.0,0.1,0.0,6.0,6.1,5.8,6.0,6.1,28.4,28.2,30.2,30.0,30.0,21.09,21.69,22.2,22.63,22.5,14.9,14.9,15.5,15.7,15.8,22.07,22.37,21.29,17.1,18.3
MBR,2025-08-04,50.43,51.71,52.57,51.57,50.29,-0.2,0.2,-0.1,-0.4,-0.4,1.9,1.9,0.2,0.1,1.0,0.0,0.4,0.1,0.0,0.0,5.9,6.0,5.5,5.9,5.9,27.7,28.4,29.4,30.9,32.3,19.97,21.09,21.16,22.13,23.3,12.3,14.9,13.5,14.9,16.4,27.61,22.07,24.13,19.66,24.59
MBR,2025-08-11,44.71,50.43,52.57,53.0,54.57,-0.0,-0.2,1.2,-0.4,-0.3,1.8,1.9,1.5,0.1,1.1,0.0,0.0,1.4,0.0,0.1,5.9,5.9,6.1,5.8,6.0,30.3,27.7,28.2,30.2,30.0,21.76,19.97,21.69,22.2,22.63,12.8,12.3,14.9,15.5,15.7,17.89,27.61,22.37,21.29,17.1
MBR,2025-08-18,42.29,44.71,51.71,52.57,51.57,0.1,-0.0,0.2,-0.1,-0.4,0.5,1.8,1.9,0.2,0.1,0.1,0.0,0.4,0.1,0.0,5.9,5.9,6.0,5.5,5.9,30.3,30.3,28.4,29.4,30.9,23.16,21.76,21.09,21.16,22.13,16.2,12.8,14.9,13.5,14.9,23.77,17.89,22.07,24.13,19.66
MBR,2025-08-25,39.0,42.29,50.43,52.57,53.0,-0.0,0.1,-0.2,1.2,-0.4,0.1,0.5,1.9,1.5,0.1,0.0,0.1,0.0,1.4,0.0,5.9,5.9,5.9,6.1,5.8,33.5,30.3,27.7,28.2,30.2,24.2,23.16,19.97,21.69,22.2,16.6,16.2,12.3,14.9,15.5,18.7,23.77,27.61,22.37,21.29
MBR,2025-09-01,29.86,39.0,44.71,51.71,52.57,-0.0,-0.0,-0.0,0.2,-0.1,0.1,0.1,1.8,1.9,0.2,0.0,0.0,0.0,0.4,0.1,5.9,5.9,5.9,6.0,5.5,34.3,33.5,30.3,28.4,29.4,26.51,24.2,21.76,21.09,21.16,19.1,16.6,12.8,14.9,13.5,25.34,18.7,17.89,22.07,24.13
MBR,2025-09-08,35.0,29.86,42.29,50.43,52.57,-0.2,-0.0,0.1,-0.2,1.2,0.1,0.1,0.5,1.9,1.5,0.0,0.0,0.1,0.0,1.4,5.9,5.9,5.9,5.9,6.1,34.9,34.3,30.3,27.7,28.2,26.61,26.51,23.16,19.97,21.69,18.4,19.1,16.2,12.3,14.9,21.07,25.34,23.77,27.61,22.37
MBR,2025-09-15,35.0,35.0,39.0,44.71,51.71,-0.2,-0.2,-0.0,-0.0,0.2,0.0,0.1,0.1,1.8,1.9,0.0,0.0,0.0,0.0,0.4,5.8,5.9,5.9,5.9,6.0,34.6,34.9,33.5,30.3,28.4,28.07,26.61,24.2,21.76,21.09,20.4,18.4,16.6,12.8,14.9,24.36,21.07,18.7,17.89,22.07
MBR,2025-09-22,33.71,35.0,29.86,42.29,50.43,-0.2,-0.2,-0.0,0.1,-0.2,0.0,0.0,0.1,0.5,1.9,0.0,0.0,0.0,0.1,0.0,5.9,5.8,5.9,5.9,5.9,38.5,34.6,34.3,30.3,27.7,28.5,28.07,26.51,23.16,19.97,19.4,20.4,19.1,16.2,12.3,25.6,24.36,25.34,23.77,27.61
MBR,2025-09-29,38.29,33.71,35.0,39.0,44.71,-0.2,-0.2,-0.2,-0.0,-0.0,0.0,0.0,0.1,0.1,1.8,0.0,0.0,0.0,0.0,0.0,5.7,5.9,5.9,5.9,5.9,36.7,38.5,34.9,33.5,30.3,28.87,28.5,26.61,24.2,21.76,21.2,19.4,18.4,16.6,12.8,26.46,25.6,21.07,18.7,17.89
MBR,2025-10-06,42.14,38.29,35.0,29.86,42.29,1.0,-0.2,-0.2,-0.0,0.1,1.1,0.0,0.0,0.1,0.5,1.1,0.0,0.0,0.0,0.1,5.5,5.7,5.8,5.9,5.9,38.4,36.7,34.6,34.3,30.3,27.13,28.87,28.07,26.51,23.16,19.4,21.2,20.4,19.1,16.2,29.67,26.46,24.36,25.34,23.77
MBR,2025-10-13,34.14,42.14,33.71,35.0,39.0,-2.2,1.0,-0.2,-0.2,-0.0,1.1,1.1,0.0,0.1,0.1,0.0,1.1,0.0,0.0,0.0,4.2,5.5,5.9,5.9,5.9,37.4,38.4,38.5,34.9,33.5,29.6,27.13,28.5,26.61,24.2,19.4,19.4,19.4,18.4,16.6,25.96,29.67,25.6,21.07,18.7
MBR,2025-10-20,33.43,34.14,38.29,35.0,29.86,-2.2,-2.2,-0.2,-0.2,-0.0,1.1,1.1,0.0,0.0,0.1,0.0,0.0,0.0,0.0,0.0,5.7,4.2,5.7,5.8,5.9,38.0,37.4,36.7,34.6,34.3,31.09,29.6,28.87,28.07,26.51,23.5,19.4,21.2,20.4,19.1,27.83,25.96,26.46,24.36,25.34
MBR,2025-10-27,38.71,33.43,42.14,33.71,35.0,-2.2,-2.2,1.0,-0.2,-0.2,1.1,1.1,1.1,0.0,0.1,0.0,0.0,1.1,0.0,0.0,5.7,5.7,5.5,5.9,5.9,39.9,38.0,38.4,38.5,34.9,29.13,31.09,27.13,28.5,26.61,20.9,23.5,19.4,19.4,18.4,28.66,27.83,29.67,25.6,21.07
MBR,2025-11-03,31.43,38.71,34.14,38.29,35.0,-2.1,-2.2,-2.2,-0.2,-0.2,0.1,1.1,1.1,0.0,0.0,0.1,0.0,0.0,0.0,0.0,4.8,5.7,4.2,5.7,5.8,40.1,39.9,37.4,36.7,34.6,32.73,29.13,29.6,28.87,28.07,26.0,20.9,19.4,21.2,20.4,28.3,28.66,25.96,26.46,24.36
MBR,2025-11-10,42.71,31.43,33.43,42.14,33.71,-17.3,-2.1,-2.2,1.0,-0.2,0.4,0.1,1.1,1.1,0.0,0.3,0.1,0.0,1.1,0.0,4.7,4.8,5.7,5.5,5.9,36.5,40.1,38.0,38.4,38.5,30.5,32.73,31.09,27.13,28.5,24.7,26.0,23.5,19.4,19.4,31.26,28.3,27.83,29.67,25.6
MBR,2025-11-17,70.0,42.71,38.71,34.14,38.29,30.1,-17.3,-2.2,-2.2,-0.2,48.1,0.4,1.1,1.1,0.0,47.7,0.3,0.0,0.0,0.0,19.6,4.7,5.7,4.2,5.7,33.0,36.5,39.9,37.4,36.7,26.29,30.5,29.13,29.6,28.87,21.2,24.7,20.9,19.4,21.2,21.0,31.26,28.66,25.96,26.46
MBR,2025-11-24,77.29,70.0,31.43,33.43,42.14,27.9,30.1,-2.1,-2.2,1.0,93.6,48.1,0.1,1.1,1.1,45.5,47.7,0.1,0.0,1.1,25.9,19.6,4.8,5.7,5.5,32.2,33.0,40.1,38.0,38.4,24.6,26.29,32.73,31.09,27.13,18.4,21.2,26.0,23.5,19.4,20.76,21.0,28.3,27.83,29.67
MBR,2025-12-01,52.43,77.29,42.71,38.71,34.14,-8.7,27.9,-17.3,-2.2,-2.2,102.4,93.6,0.4,1.1,1.1,8.9,45.5,0.3,0.0,0.0,6.5,25.9,4.7,5.7,4.2,37.1,32.2,36.5,39.9,37.4,30.14,24.6,30.5,29.13,29.6,22.8,18.4,24.7,20.9,19.4,24.57,20.76,31.26,28.66,25.96
MBR,2025-12-08,67.0,52.43,70.0,31.43,33.43,-12.0,-8.7,30.1,-2.1,-2.2,135.5,102.4,48.1,0.1,1.1,33.4,8.9,47.7,0.1,0.0,8.4,6.5,19.6,4.8,5.7,34.5,37.1,33.0,40.1,38.0,27.13,30.14,26.29,32.73,31.09,22.1,22.8,21.2,26.0,23.5,23.46,24.57,21.0,28.3,27.83
MBR,2025-12-15,64.14,67.0,77.29,42.71,38.71,-11.9,-12.0,27.9,-17.3,-2.2,121.3,135.5,93.6,0.4,1.1,33.5,33.4,45.5,0.3,0.0,9.4,8.4,25.9,4.7,5.7,34.7,34.5,32.2,36.5,39.9,27.64,27.13,24.6,30.5,29.13,21.9,22.1,18.4,24.7,20.9,22.16,23.46,20.76,31.26,28.66
MBR,2025-12-22,72.57,64.14,52.43,70.0,31.43,38.6,-11.9,-8.7,30.1,-2.1,159.8,121.3,102.4,48.1,0.1,84.0,33.5,8.9,47.7,0.1,25.0,9.4,6.5,19.6,4.8,34.4,34.7,37.1,33.0,40.1,26.76,27.64,30.14,26.29,32.73,21.4,21.9,22.8,21.2,26.0,18.54,22.16,24.57,21.0,28.3
MBR,2025-12-29,85.43,72.57,67.0,77.29,42.71,31.3,38.6,-12.0,27.9,-17.3,227.6,159.8,135.5,93.6,0.4,76.7,84.0,33.4,45.5,0.3,37.3,25.0,8.4,25.9,4.7,30.3,34.4,34.5,32.2,36.5,25.21,26.76,27.13,24.6,30.5,22.0,21.4,22.1,18.4,24.7,17.33,18.54,23.46,20.76,31.26
MTS,2024-01-08,83.71,,,,,-21.6,,,,,,,,,,22.7,,,,,46.8,,,,,24.2,,,,,17.99,,,,,12.6,,,,,11.89,,,,
MTS,2024-01-15,84.86,83.71,,,,-27.7,-21.6,,,,,,,,,16.6,22.7,,,,41.1,46.8,,,,25.5,24.2,,,,19.66,17.99,,,,14.1,12.6,,,,14.03,11.89,,,
MTS,2024-01-22,88.29,84.86,,,,46.9,-27.7,,,,,,,,,91.2,16.6,,,,46.3,41.1,,,,25.6,25.5,,,,17.67,19.66,,,,11.6,14.1,,,,11.8,14.03,,,
MTS,2024-01-29,80.86,88.29,83.71,,,-30.9,46.9,-21.6,,,143.9,,,,,13.4,91.2,22.7,,,44.6,46.3,46.8,,,23.1,25.6,24.2,,,16.8,17.67,17.99,,,10.6,11.6,12.6,,,13.46,11.8,11.89,,
MTS,2024-02-05,83.29,80.86,84.86,,,-23.4,-30.9,-27.7,,,142.1,143.9,,,,20.9,13.4,16.6,,,42.5,44.6,41.1,,,23.9,23.1,25.5,,,17.5,16.8,19.66,,,12.0,10.6,14.1,,,11.36,13.46,14.03,,
MTS,2024-02-12,73.57,83.29,88.29,83.71,,-27.9,-23.4,46.9,-21.6,,128.2,142.1,,,,2.7,20.9,91.2,22.7,,34.9,42.5,46.3,46.8,,27.5,23.9,25.6,24.2,,20.24,17.5,17.67,17.99,,12.8,12.0,11.6,12.6,,13.69,11.36,11.8,11.89,
MTS,2024-02-19,69.29,73.57,80.86,84.86,,-23.1,-27.9,-30.9,-27.7,,44.5,128.2,143.9,,,7.5,2.7,13.4,16.6,,34.0,34.9,44.6,41.1,,28.8,27.5,23.1,25.5,,19.31,20.24,16.8,19.66,,11.2,12.8,10.6,14.1,,14.69,13.69,13.46,14.03,
MTS,2024-02-26,75.43,69.29,83.29,88.29,83.71,-23.4,-23.1,-23.4,46.9,-21.6,38.3,44.5,142.1,,,7.2,7.5,20.9,91.2,22.7,30.5,34.0,42.5,46.3,46.8,27.3,28.8,23.9,25.6,24.2,19.49,19.31,17.5,17.67,17.99,12.3,11.2,12.0,11.6,12.6,13.44,14.69,11.36,11.8,11.89
MTS,2024-03-04,83.29,75.43,73.57,80.86,84.86,-0.7,-23.4,-27.9,-30.9,-27.7,47.3,38.3,128.2,143.9,,29.9,7.2,2.7,13.4,16.6,40.0,30.5,34.9,44.6,41.1,24.9,27.3,27.5,23.1,25.5,17.31,19.49,20.24,16.8,19.66,10.7,12.3,12.8,10.6,14.1,14.34,13.44,13.69,13.46,14.03
MTS,2024-03-11,76.0,83.29,69.29,83.29,88.29,-15.3,-0.7,-23.1,-23.4,46.9,52.6,47.3,44.5,142.1,,8.0,29.9,7.5,20.9,91.2,33.6,40.0,34.0,42.5,46.3,28.9,24.9,28.8,23.9,25.6,20.64,17.31,19.31,17.5,17.67,13.9,10.7,11.2,12.0,11.6,14.51,14.34,14.69,11.36,11.8
MTS,2024-03-18,78.71,76.0,75.43,73.57,80.86,-2.1,-15.3,-23.4,-27.9,-30.9,66.3,52.6,38.3,128.2,143.9,21.2,8.0,7.2,2.7,13.4,34.8,33.6,30.5,34.9,44.6,28.0,28.9,27.3,27.5,23.1,20.03,20.64,19.49,20.24,16.8,15.6,13.9,12.3,12.8,10.6,15.29,14.51,13.44,13.69,13.46
MTS,2024-03-25,83.86,78.71,83.29,69.29,83.29,-14.8,-2.1,-0.7,-23.1,-23.4,67.6,66.3,47.3,44.5,142.1,8.5,21.2,29.9,7.5,20.9,33.6,34.8,40.0,34.0,42.5,23.4,28.0,24.9,28.8,23.9,17.61,20.03,17.31,19.31,17.5,12.6,15.6,10.7,11.2,12.0,14.61,15.29,14.34,14.69,11.36
MTS,2024-04-01,85.86,83.86,76.0,75.43,73.57,-7.4,-14.8,-15.3,-23.4,-27.9,53.6,67.6,52.6,38.3,128.2,15.9,8.5,8.0,7.2,2.7,37.0,33.6,33.6,30.5,34.9,24.2,23.4,28.9,27.3,27.5,17.2,17.61,20.64,19.49,20.24,13.5,12.6,13.9,12.3,12.8,12.74,14.61,14.51,13.44,13.69
MTS,2024-04-08,84.86,85.86,78.71,83.29,69.29,-4.3,-7.4,-2.1,-0.7,-23.1,58.1,53.6,66.3,47.3,44.5,12.5,15.9,21.2,29.9,7.5,34.1,37.0,34.8,40.0,34.0,25.3,24.2,28.0,24.9,28.8,17.96,17.2,20.03,17.31,19.31,12.1,13.5,15.6,10.7,11.2,11.2,12.74,15.29,14.34,14.69
MTS,2024-04-15,89.43,84.86,83.86,76.0,75.43,11.5,-4.3,-14.8,-15.3,-23.4,65.2,58.1,67.6,52.6,38.3,28.3,12.5,8.5,8.0,7.2,42.4,34.1,33.6,33.6,30.5,25.7,25.3,23.4,28.9,27.3,16.09,17.96,17.61,20.64,19.49,11.8,12.1,12.6,13.9,12.3,14.59,11.2,14.61,14.51,13.44
MTS,2024-04-22,81.57,89.43,85.86,78.71,83.29,-15.5,11.5,-7.4,-2.1,-0.7,58.0,65.2,53.6,66.3,47.3,1.3,28.3,15.9,21.2,29.9,36.4,42.4,37.0,34.8,40.0,22.8,25.7,24.2,28.0,24.9,15.21,16.09,17.2,20.03,17.31,9.5,11.8,13.5,15.6,10.7,11.26,14.59,12.74,15.29,14.34
MTS,2024-04-29,73.0,81.57,84.86,83.86,76.0,-7.5,-15.5,-4.3,-14.8,-15.3,51.4,58.0,58.1,67.6,52.6,9.3,1.3,12.5,8.5,8.0,29.7,36.4,34.1,33.6,33.6,26.1,22.8,25.3,23.4,28.9,15.7,15.21,17.96,17.61,20.64,8.4,9.5,12.1,12.6,13.9,13.71,11.26,11.2,14.61,14.51
MTS,2024-05-06,72.71,73.0,89.43,85.86,78.71,-16.5,-7.5,11.5,-7.4,-2.1,39.2,51.4,65.2,53.6,66.3,0.3,9.3,28.3,15.9,21.2,32.2,29.7,42.4,37.0,34.8,21.7,26.1,25.7,24.2,28.0,14.39,15.7,16.09,17.2,20.03,7.8,8.4,11.8,13.5,15.6,12.26,13.71,14.59,12.74,15.29
MTS,2024-05-13,75.71,72.71,81.57,84.86,83.86,-2.7,-16.5,-15.5,-4.3,-14.8,10.9,39.2,58.0,58.1,67.6,0.0,0.3,1.3,12.5,8.5,27.8,32.2,36.4,34.1,33.6,24.9,21.7,22.8,25.3,23.4,15.51,14.39,15.21,17.96,17.61,8.0,7.8,9.5,12.1,12.6,10.09,12.26,11.26,11.2,14.61
MTS,2024-05-20,79.57,75.71,73.0,89.43,85.86,0.0,-2.7,-7.5,11.5,-7.4,12.3,10.9,51.4,65.2,53.6,2.7,0.0,9.3,28.3,15.9,27.4,27.8,29.7,42.4,37.0,20.6,24.9,26.1,25.7,24.2,13.7,15.51,15.7,16.09,17.2,8.3,8.0,8.4,11.8,13.5,14.1,10.09,13.71,14.59,12.74
MTS,2024-05-27,83.0,79.57,72.71,81.57,84.86,0.7,0.0,-16.5,-15.5,-4.3,6.4,12.3,39.2,58.0,58.1,3.4,2.7,0.3,1.3,12.5,28.3,27.4,32.2,36.4,34.1,18.5,20.6,21.7,22.8,25.3,12.91,13.7,14.39,15.21,17.96,8.5,8.3,7.8,9.5,12.1,12.94,14.1,12.26,11.26,11.2
MTS,2024-06-03,75.29,83.0,75.71,73.0,89.43,-0.4,0.7,-2.7,-7.5,11.5,8.4,6.4,10.9,51.4,65.2,2.3,3.4,0.0,9.3,28.3,30.3,28.3,27.8,29.7,42.4,21.2,18.5,24.9,26.1,25.7,13.3,12.91,15.51,15.7,16.09,8.2,8.5,8.0,8.4,11.8,13.37,12.94,10.09,13.71,14.59
MTS,2024-06-10,64.29,75.29,79.57,72.71,81.57,-5.9,-0.4,0.0,-16.5,-15.5,9.1,8.4,12.3,39.2,58.0,0.7,2.3,2.7,0.3,1.3,31.2,30.3,27.4,32.2,36.4,24.3,21.2,20.6,21.7,22.8,15.5,13.3,13.7,14.39,15.21,7.6,8.2,8.3,7.8,9.5,14.5,13.37,14.1,12.26,11.26
MTS,2024-06-17,79.14,64.29,83.0,75.71,73.0,0.0,-5.9,0.7,-2.7,-7.5,13.0,9.1,6.4,10.9,51.4,6.6,0.7,3.4,0.0,9.3,30.4,31.2,28.3,27.8,29.7,17.2,24.3,18.5,24.9,26.1,10.39,15.5,12.91,15.51,15.7,5.5,7.6,8.5,8.0,8.4,14.93,14.5,12.94,10.09,13.71
MTS,2024-06-24,73.29,79.14,75.29,79.57,72.71,-5.7,0.0,-0.4,0.0,-16.5,10.5,13.0,8.4,12.3,39.2,0.9,6.6,2.3,2.7,0.3,31.2,30.4,30.3,27.4,32.2,19.2,17.2,21.2,20.6,21.7,11.89,10.39,13.3,13.7,14.39,6.3,5.5,8.2,8.3,7.8,14.56,14.93,13.37,14.1,12.26
MTS,2024-07-01,86.43,73.29,64.29,83.0,75.71,13.5,-5.7,-5.9,0.7,-2.7,28.3,10.5,9.1,6.4,10.9,20.1,0.9,0.7,3.4,0.0,38.8,31.2,31.2,28.3,27.8,17.5,19.2,24.3,18.5,24.9,10.66,11.89,15.5,12.91,15.51,6.0,6.3,7.6,8.5,8.0,15.87,14.56,14.5,12.94,10.09
MTS,2024-07-08,55.57,86.43,79.14,75.29,79.57,-3.4,13.5,0.0,-0.4,0.0,27.6,28.3,13.0,8.4,12.3,0.0,20.1,6.6,2.3,2.7,37.4,38.8,30.4,30.3,27.4,20.4,17.5,17.2,21.2,20.6,12.04,10.66,10.39,13.3,13.7,3.9,6.0,5.5,8.2,8.3,10.86,15.87,14.93,13.37,14.1
MTS,2024-07-15,41.43,55.57,73.29,64.29,83.0,-3.4,-3.4,-5.7,-5.9,0.7,21.0,27.6,10.5,9.1,6.4,0.0,0.0,0.9,0.7,3.4,31.0,37.4,31.2,31.2,28.3,22.6,20.4,19.2,24.3,18.5,14.13,12.04,11.89,15.5,12.91,4.1,3.9,6.3,7.6,8.5,11.47,10.86,14.56,14.5,12.94
MTS,2024-07-22,53.71,41.43,86.43,79.14,75.29,-3.4,-3.4,13.5,0.0,-0.4,20.1,21.0,28.3,13.0,8.4,0.0,0.0,20.1,6.6,2.3,27.6,31.0,38.8,30.4,30.3,22.7,22.6,17.5,17.2,21.2,14.84,14.13,10.66,10.39,13.3,7.3,4.1,6.0,5.5,8.2,10.03,11.47,15.87,14.93,13.37
MTS,2024-07-29,52.29,53.71,55.57,73.29,64.29,-3.4,-3.4,-3.4,-5.7,-5.9,0.0,20.1,27.6,10.5,9.1,0.0,0.0,0.0,0.9,0.7,25.0,27.6,37.4,31.2,31.2,25.9,22.7,20.4,19.2,24.3,15.94,14.84,12.04,11.89,15.5,8.0,7.3,3.9,6.3,7.6,11.46,10.03,10.86,14.56,14.5
MTS,2024-08-05,61.57,52.29,41.43,86.43,79.14,-3.2,-3.4,-3.4,13.5,0.0,0.2,0.0,21.0,28.3,13.0,0.2,0.0,0.0,20.1,6.6,23.4,25.0,31.0,38.8,30.4,24.4,25.9,22.6,17.5,17.2,14.77,15.94,14.13,10.66,10.39,7.5,8.0,4.1,6.0,5.5,14.43,11.46,11.47,15.87,14.93
MTS,2024-08-12,57.57,61.57,53.71,55.57,73.29,-5.6,-3.2,-3.4,-3.4,-5.7,0.6,0.2,20.1,27.6,10.5,0.4,0.2,0.0,0.0,0.9,23.6,23.4,27.6,37.4,31.2,27.0,24.4,22.7,20.4,19.2,16.49,14.77,14.84,12.04,11.89,9.5,7.5,7.3,3.9,6.3,12.74,14.43,10.03,10.86,14.56
MTS,2024-08-19,53.14,57.57,52.29,41.43,86.43,-4.3,-5.6,-3.4,-3.4,13.5,2.3,0.6,0.0,21.0,28.3,1.7,0.4,0.0,0.0,20.1,24.5,23.6,25.0,31.0,38.8,26.5,27.0,25.9,22.6,17.5,15.36,16.49,15.94,14.13,10.66,6.1,9.5,8.0,4.1,6.0,14.77,12.74,11.46,11.47,15.87
MTS,2024-08-26,71.86,53.14,61.57,53.71,55.57,-0.9,-4.3,-3.2,-3.4,-3.4,7.4,2.3,0.2,20.1,27.6,5.1,1.7,0.2,0.0,0.0,26.2,24.5,23.4,27.6,37.4,21.4,26.5,24.4,22.7,20.4,12.4,15.36,14.77,14.84,12.04,5.4,6.1,7.5,7.3,3.9,14.16,14.77,14.43,10.03,10.86
MTS,2024-09-02,66.57,71.86,57.57,52.29,41.43,31.0,-0.9,-5.6,-3.4,-3.4,44.2,7.4,0.6,0.0,21.0,37.0,5.1,0.4,0.0,0.0,32.9,26.2,23.6,25.0,31.0,26.8,21.4,27.0,25.9,22.6,14.73,12.4,16.49,15.94,14.13,6.2,5.4,9.5,8.0,4.1,14.47,14.16,12.74,11.46,11.47
MTS,2024-09-09,72.43,66.57,53.14,61.57,53.71,-4.9,31.0,-4.3,-3.2,-3.4,45.4,44.2,2.3,0.2,20.1,1.6,37.0,1.7,0.2,0.0,35.6,32.9,24.5,23.4,27.6,24.5,26.8,26.5,24.4,22.7,13.27,14.73,15.36,14.77,14.84,5.0,6.2,6.1,7.5,7.3,14.94,14.47,14.77,14.43,10.03
MTS,2024-09-16,56.86,72.43,71.86,57.57,52.29,-6.0,-4.9,-0.9,-5.6,-3.4,44.2,45.4,7.4,0.6,0.0,0.5,1.6,5.1,0.4,0.0,27.4,35.6,26.2,23.6,25.0,25.9,24.5,21.4,27.0,25.9,18.39,13.27,12.4,16.49,15.94,12.1,5.0,5.4,9.5,8.0,19.24,14.94,14.16,12.74,11.46
MTS,2024-09-23,56.29,56.86,66.57,53.14,61.57,5.4,-6.0,31.0,-4.3,-3.2,51.0,44.2,44.2,2.3,0.2,11.9,0.5,37.0,1.7,0.2,24.7,27.4,32.9,24.5,23.4,29.1,25.9,26.8,26.5,24.4,18.56,18.39,14.73,15.36,14.77,10.6,12.1,6.2,6.1,7.5,17.19,19.24,14.47,14.77,14.43
MTS,2024-09-30,61.29,56.29,72.43,71.86,57.57,-0.3,5.4,-4.9,-0.9,-5.6,20.2,51.0,45.4,7.4,0.6,6.2,11.9,1.6,5.1,0.4,34.4,24.7,35.6,26.2,23.6,29.4,29.1,24.5,21.4,27.0,17.73,18.56,13.27,12.4,16.49,8.5,10.6,5.0,5.4,9.5,12.96,17.19,14.94,14.16,12.74
MTS,2024-10-07,73.29,61.29,56.86,66.57,53.14,17.5,-0.3,-6.0,31.0,-4.3,42.6,20.2,44.2,44.2,2.3,24.0,6.2,0.5,37.0,1.7,36.8,34.4,27.4,32.9,24.5,32.0,29.4,25.9,26.8,26.5,14.29,17.73,18.39,14.73,15.36,7.2,8.5,12.1,6.2,6.1,18.86,12.96,19.24,14.47,14.77
MTS,2024-10-14,64.43,73.29,56.29,72.43,71.86,-11.6,17.5,5.4,-4.9,-0.9,42.2,42.6,51.0,45.4,7.4,0.1,24.0,11.9,1.6,5.1,31.1,36.8,24.7,35.6,26.2,24.9,32.0,29.1,24.5,21.4,16.07,14.29,18.56,13.27,12.4,8.4,7.2,10.6,5.0,5.4,17.26,18.86,17.19,14.94,14.16
MTS,2024-10-21,67.86,64.43,61.29,56.86,66.57,4.2,-11.6,-0.3,-6.0,31.0,46.2,42.2,20.2,44.2,44.2,15.9,0.1,6.2,0.5,37.0,33.6,31.1,34.4,27.4,32.9,28.0,24.9,29.4,25.9,26.8,16.74,16.07,17.73,18.39,14.73,8.7,8.4,8.5,12.1,6.2,14.73,17.26,12.96,19.24,14.47
MTS,2024-10-28,71.71,67.86,73.29,56.29,72.43,2.4,4.2,17.5,5.4,-4.9,54.1,46.2,42.6,51.0,45.4,14.1,15.9,24.0,11.9,1.6,31.3,33.6,36.8,24.7,35.6,28.1,28.0,32.0,29.1,24.5,19.67,16.74,14.29,18.56,13.27,12.0,8.7,7.2,10.6,5.0,14.76,14.73,18.86,17.19,14.94
MTS,2024-11-04,77.71,71.71,64.43,61.29,56.86,19.2,2.4,-11.6,-0.3,-6.0,61.0,54.1,42.2,20.2,44.2,30.9,14.1,0.1,6.2,0.5,43.9,31.3,31.1,34.4,27.4,28.5,28.1,24.9,29.4,25.9,19.16,19.67,16.07,17.73,18.39,13.7,12.0,8.4,8.5,12.1,13.19,14.76,17.26,12.96,19.24
MTS,2024-11-11,77.71,77.71,67.86,73.29,56.29,-39.3,19.2,4.2,17.5,5.4,69.5,61.0,46.2,42.6,51.0,8.6,30.9,15.9,24.0,11.9,38.4,43.9,33.6,36.8,24.7,27.6,28.5,28.0,32.0,29.1,19.23,19.16,16.74,14.29,18.56,12.3,13.7,8.7,7.2,10.6,14.9,13.19,14.73,18.86,17.19
MTS,2024-11-18,81.14,77.71,71.71,64.43,61.29,19.2,-39.3,2.4,-11.6,-0.3,120.7,69.5,54.1,42.2,20.2,67.1,8.6,14.1,0.1,6.2,43.0,38.4,31.3,31.1,34.4,28.1,27.6,28.1,24.9,29.4,17.96,19.23,19.67,16.07,17.73,11.2,12.3,12.0,8.4,8.5,14.54,14.9,14.76,17.26,12.96
MTS,2024-11-25,71.43,81.14,77.71,67.86,73.29,-28.5,19.2,19.2,4.2,17.5,126.0,120.7,61.0,46.2,42.6,19.4,67.1,30.9,15.9,24.0,40.8,43.0,43.9,33.6,36.8,26.0,28.1,28.5,28.0,32.0,18.96,17.96,19.16,16.74,14.29,11.2,11.2,13.7,8.7,7.2,13.17,14.54,13.19,14.73,18.86
MTS,2024-12-02,78.71,71.43,77.71,71.71,64.43,-5.3,-28.5,-39.3,2.4,-11.6,137.7,126.0,69.5,54.1,42.2,42.6,19.4,8.6,14.1,0.1,43.2,40.8,38.4,31.3,31.1,26.4,26.0,27.6,28.1,24.9,17.97,18.96,19.23,19.67,16.07,9.5,11.2,12.3,12.0,8.4,14.69,13.17,14.9,14.76,17.26
MTS,2024-12-09,62.29,78.71,81.14,77.71,67.86,-51.8,-5.3,19.2,19.2,4.2,129.8,137.7,120.7,61.0,46.2,0.7,42.6,67.1,30.9,15.9,33.8,43.2,43.0,43.9,33.6,28.4,26.4,28.1,28.5,28.0,20.23,17.97,17.96,19.16,16.74,11.0,9.5,11.2,13.7,8.7,14.04,14.69,14.54,13.19,14.73
MTS,2024-12-16,60.86,62.29,71.43,77.71,71.71,-51.8,-51.8,-28.5,-39.3,2.4,63.4,129.8,126.0,69.5,54.1,0.7,0.7,19.4,8.6,14.1,26.1,33.8,40.8,38.4,31.3,30.7,28.4,26.0,27.6,28.1,21.13,20.23,18.96,19.23,19.67,14.4,11.0,11.2,12.3,12.0,16.01,14.04,13.17,14.9,14.76
MTS,2024-12-23,76.14,60.86,78.71,81.14,77.71,-21.6,-51.8,-5.3,19.2,19.2,74.9,63.4,137.7,120.7,61.0,30.9,0.7,42.6,67.1,30.9,34.9,26.1,43.2,43.0,43.9,26.5,30.7,26.4,28.1,28.5,20.21,21.13,17.97,17.96,19.16,15.9,14.4,9.5,11.2,13.7,16.9,16.01,14.69,14.54,13.19
MTS,2024-12-30,81.0,76.14,62.29,71.43,77.71,-10.3,-21.6,-51.8,-28.5,-39.3,74.5,74.9,129.8,126.0,69.5,42.2,30.9,0.7,19.4,8.6,37.6,34.9,33.8,40.8,38.4,28.5,26.5,28.4,26.0,27.6,20.11,20.21,20.23,18.96,19.23,15.4,15.9,11.0,11.2,12.3,11.3,16.9,14.04,13.17,14.9
MTS,2025-01-06,88.14,81.0,60.86,78.71,81.14,-12.3,-10.3,-51.8,-5.3,19.2,114.0,74.5,63.4,137.7,120.7,40.2,42.2,0.7,42.6,67.1,47.3,37.6,26.1,43.2,43.0,24.2,28.5,30.7,26.4,28.1,19.3,20.11,21.13,17.97,17.96,16.3,15.4,14.4,9.5,11.2,13.37,11.3,16.01,14.69,14.54
MTS,2025-01-13,84.0,88.14,76.14,62.29,71.43,16.3,-12.3,-21.6,-51.8,-28.5,173.9,114.0,74.9,129.8,126.0,60.6,40.2,30.9,0.7,19.4,48.9,47.3,34.9,33.8,40.8,26.3,24.2,26.5,28.4,26.0,19.5,19.3,20.21,20.23,18.96,15.9,16.3,15.9,11.0,11.2,11.03,13.37,16.9,14.04,13.17
MTS,2025-01-20,84.57,84.0,81.0,60.86,78.71,21.8,16.3,-10.3,-51.8,-5.3,209.1,173.9,74.5,63.4,137.7,66.1,60.6,42.2,0.7,42.6,46.5,48.9,37.6,26.1,43.2,26.7,26.3,28.5,30.7,26.4,19.57,19.5,20.11,21.13,17.97,15.7,15.9,15.4,14.4,9.5,10.93,11.03,11.3,16.01,14.69
MTS,2025-01-27,90.29,84.57,88.14,76.14,62.29,38.6,21.8,-12.3,-21.6,-51.8,249.8,209.1,114.0,74.9,129.8,82.9,66.1,40.2,30.9,0.7,49.6,46.5,47.3,34.9,33.8,24.5,26.7,24.2,26.5,28.4,17.97,19.57,19.3,20.21,20.23,14.5,15.7,16.3,15.9,11.0,14.71,10.93,13.37,16.9,14.04
MTS,2025-02-03,81.71,90.29,84.0,81.0,60.86,-20.1,38.6,16.3,-10.3,-51.8,233.8,249.8,173.9,74.5,63.4,24.2,82.9,60.6,42.2,0.7,45.4,49.6,48.9,37.6,26.1,25.4,24.5,26.3,28.5,30.7,18.34,17.97,19.5,20.11,21.13,13.4,14.5,15.9,15.4,14.4,12.14,14.71,11.03,11.3,16.01
MTS,2025-02-10,84.14,81.71,84.57,88.14,76.14,19.8,-20.1,21.8,-12.3,-21.6,223.6,233.8,209.1,114.0,74.9,50.4,24.2,66.1,40.2,30.9,38.0,45.4,46.5,47.3,34.9,25.2,25.4,26.7,24.2,26.5,18.4,18.34,19.57,19.3,20.21,13.0,13.4,15.7,16.3,15.9,14.8,12.14,10.93,13.37,16.9
MTS,2025-02-17,91.14,84.14,90.29,84.0,81.0,37.1,19.8,38.6,16.3,-10.3,225.2,223.6,249.8,173.9,74.5,67.7,50.4,82.9,60.6,42.2,49.6,38.0,49.6,48.9,37.6,24.7,25.2,24.5,26.3,28.5,18.76,18.4,17.97,19.5,20.11,14.1,13.0,14.5,15.9,15.4,9.7,14.8,14.71,11.03,11.3
MTS,2025-02-24,89.0,91.14,81.71,84.57,88.14,19.7,37.1,-20.1,21.8,-12.3,192.6,225.2,233.8,209.1,114.0,50.3,67.7,24.2,66.1,40.2,48.5,49.6,45.4,46.5,47.3,24.8,24.7,25.4,26.7,24.2,19.3,18.76,18.34,19.57,19.3,14.4,14.1,13.4,15.7,16.3,9.91,9.7,12.14,10.93,13.37
MTS,2025-03-03,86.86,89.0,84.14,90.29,84.0,-1.8,19.7,19.8,38.6,16.3,197.2,192.6,223.6,249.8,173.9,28.8,50.3,50.4,82.9,60.6,47.1,48.5,38.0,49.6,48.9,24.3,24.8,25.2,24.5,26.3,18.76,19.3,18.4,17.97,19.5,14.6,14.4,13.0,14.5,15.9,13.31,9.91,14.8,14.71,11.03
MTS,2025-03-10,86.29,86.86,91.14,81.71,84.57,-12.6,-1.8,37.1,-20.1,21.8,157.5,197.2,225.2,233.8,209.1,10.7,28.8,67.7,24.2,66.1,40.8,47.1,49.6,45.4,46.5,24.0,24.3,24.7,25.4,26.7,18.46,18.76,18.76,18.34,19.57,14.7,14.6,14.1,13.4,15.7,11.63,13.31,9.7,12.14,10.93
MTS,2025-03-17,90.29,86.29,89.0,84.14,90.29,95.5,-12.6,19.7,19.8,38.6,208.6,157.5,192.6,223.6,249.8,118.8,10.7,50.3,50.4,82.9,47.0,40.8,48.5,38.0,49.6,23.1,24.0,24.8,25.2,24.5,16.73,18.46,19.3,18.4,17.97,13.3,14.7,14.4,13.0,14.5,16.29,11.63,9.91,14.8,14.71
MTS,2025-03-24,85.43,90.29,86.86,91.14,81.71,-14.0,95.5,-1.8,37.1,-20.1,167.6,208.6,197.2,225.2,233.8,9.3,118.8,28.8,67.7,24.2,44.5,47.0,47.1,49.6,45.4,23.7,23.1,24.3,24.7,25.4,16.46,16.73,18.76,18.76,18.34,11.6,13.3,14.6,14.1,13.4,9.81,16.29,13.31,9.7,12.14
MTS,2025-03-31,84.43,85.43,86.29,89.0,84.14,-14.9,-14.0,-12.6,19.7,19.8,147.2,167.6,157.5,192.6,223.6,8.4,9.3,10.7,50.3,50.4,38.4,44.5,40.8,48.5,38.0,22.8,23.7,24.0,24.8,25.2,17.09,16.46,18.46,19.3,18.4,12.1,11.6,14.7,14.4,13.0,10.76,9.81,11.63,9.91,14.8
MTS,2025-04-07,84.43,84.43,90.29,86.86,91.14,-14.2,-14.9,95.5,-1.8,37.1,145.6,147.2,208.6,197.2,225.2,9.1,8.4,118.8,28.8,67.7,40.5,38.4,47.0,47.1,49.6,23.7,22.8,23.1,24.3,24.7,17.11,17.09,16.73,18.76,18.76,12.4,12.1,13.3,14.6,14.1,12.54,10.76,16.29,13.31,9.7
MTS,2025-04-14,84.43,84.43,85.43,86.29,89.0,3.6,-14.2,-14.0,-12.6,19.7,47.2,145.6,167.6,157.5,192.6,20.4,9.1,9.3,10.7,50.3,39.0,40.5,44.5,40.8,48.5,24.8,23.7,23.7,24.0,24.8,17.37,17.11,16.46,18.46,19.3,11.2,12.4,11.6,14.7,14.4,11.53,12.54,9.81,11.63,9.91
MTS,2025-04-21,91.71,84.43,84.43,90.29,86.86,23.3,3.6,-14.9,95.5,-1.8,78.0,47.2,147.2,208.6,197.2,40.1,20.4,8.4,118.8,28.8,45.5,39.0,38.4,47.0,47.1,22.3,24.8,22.8,23.1,24.3,15.76,17.37,17.09,16.73,18.76,11.5,11.2,12.1,13.3,14.6,10.99,11.53,10.76,16.29,13.31
MTS,2025-04-28,86.71,91.71,84.43,85.43,86.29,-1.5,23.3,-14.2,-14.0,-12.6,84.9,78.0,145.6,167.6,157.5,15.3,40.1,9.1,9.3,10.7,45.7,45.5,40.5,44.5,40.8,22.3,22.3,23.7,23.7,24.0,16.23,15.76,17.11,16.46,18.46,11.4,11.5,12.4,11.6,14.7,10.73,10.99,12.54,9.81,11.63
MTS,2025-05-05,84.57,86.71,84.43,84.43,90.29,7.0,-1.5,3.6,-14.9,95.5,99.6,84.9,47.2,147.2,208.6,23.8,15.3,20.4,8.4,118.8,46.1,45.7,39.0,38.4,47.0,23.3,22.3,24.8,22.8,23.1,15.64,16.23,17.37,17.09,16.73,9.3,11.4,11.2,12.1,13.3,11.26,10.73,11.53,10.76,16.29
MTS,2025-05-12,77.0,84.57,91.71,84.43,85.43,-2.7,7.0,23.3,-14.2,-14.0,79.2,99.6,78.0,145.6,167.6,0.0,23.8,40.1,9.1,9.3,43.3,46.1,45.5,40.5,44.5,21.9,23.3,22.3,23.7,23.7,13.16,15.64,15.76,17.11,16.46,6.1,9.3,11.5,12.4,11.6,8.97,11.26,10.99,12.54,9.81
MTS,2025-05-19,83.43,77.0,86.71,84.43,84.43,2.9,-2.7,-1.5,3.6,-14.9,44.7,79.2,84.9,47.2,147.2,5.6,0.0,15.3,20.4,8.4,42.5,43.3,45.7,39.0,38.4,20.4,21.9,22.3,24.8,22.8,13.03,13.16,16.23,17.37,17.09,7.3,6.1,11.4,11.2,12.1,11.79,8.97,10.73,11.53,10.76
MTS,2025-05-26,80.57,83.43,84.57,91.71,84.43,1.7,2.9,7.0,23.3,-14.2,33.8,44.7,99.6,78.0,145.6,4.4,5.6,23.8,40.1,9.1,41.3,42.5,46.1,45.5,40.5,23.3,20.4,23.3,22.3,23.7,13.31,13.03,15.64,15.76,17.11,8.3,7.3,9.3,11.5,12.4,14.41,11.79,11.26,10.99,12.54
MTS,2025-06-02,80.71,80.57,77.0,86.71,84.43,0.5,1.7,-2.7,-1.5,3.6,13.2,33.8,79.2,84.9,47.2,3.2,4.4,0.0,15.3,20.4,42.6,41.3,43.3,45.7,39.0,18.4,23.3,21.9,22.3,24.8,11.5,13.31,13.16,16.23,17.37,7.1,8.3,6.1,11.4,11.2,11.67,14.41,8.97,10.73,11.53
MTS,2025-06-09,77.86,80.71,83.43,84.57,91.71,-3.9,0.5,2.9,7.0,23.3,15.9,13.2,44.7,99.6,78.0,2.7,3.2,5.6,23.8,40.1,43.1,42.6,42.5,46.1,45.5,20.7,18.4,20.4,23.3,22.3,12.53,11.5,13.03,15.64,15.76,8.0,7.1,7.3,9.3,11.5,11.51,11.67,11.79,11.26,10.99
MTS,2025-06-16,78.57,77.86,80.57,77.0,86.71,-3.6,-3.9,1.7,-2.7,-1.5,13.3,15.9,33.8,79.2,84.9,3.0,2.7,4.4,0.0,15.3,44.1,43.1,41.3,43.3,45.7,22.2,20.7,23.3,21.9,22.3,11.86,12.53,13.31,13.16,16.23,6.2,8.0,8.3,6.1,11.4,14.41,11.51,14.41,8.97,10.73
MTS,2025-06-23,73.29,78.57,80.71,83.43,84.57,-5.1,-3.6,0.5,2.9,7.0,10.4,13.3,13.2,44.7,99.6,1.5,3.0,3.2,5.6,23.8,43.8,44.1,42.6,42.5,46.1,19.5,22.2,18.4,20.4,23.3,13.01,11.86,11.5,13.03,15.64,7.8,6.2,7.1,7.3,9.3,11.43,14.41,11.67,11.79,11.26
MTS,2025-06-30,72.14,73.29,77.86,80.57,77.0,-2.9,-5.1,-3.9,1.7,-2.7,10.9,10.4,15.9,33.8,79.2,3.7,1.5,2.7,4.4,0.0,43.9,43.8,43.1,41.3,43.3,20.3,19.5,20.7,23.3,21.9,12.76,13.01,12.53,13.31,13.16,8.1,7.8,8.0,8.3,6.1,12.24,11.43,11.51,14.41,8.97
MTS,2025-07-07,71.57,72.14,78.57,80.71,83.43,13.2,-2.9,-3.6,0.5,2.9,28.0,10.9,13.3,13.2,44.7,19.8,3.7,3.0,3.2,5.6,46.8,43.9,44.1,42.6,42.5,20.3,20.3,22.2,18.4,20.4,12.71,12.76,11.86,11.5,13.03,7.2,8.1,6.2,7.1,7.3,12.06,12.24,14.41,11.67,11.79
MTS,2025-07-14,78.43,71.57,73.29,77.86,80.57,9.2,13.2,-5.1,-3.9,1.7,37.6,28.0,10.4,15.9,33.8,12.6,19.8,1.5,2.7,4.4,45.4,46.8,43.8,43.1,41.3,19.2,20.3,19.5,20.7,23.3,11.03,12.71,13.01,12.53,13.31,5.9,7.2,7.8,8.0,8.3,15.16,12.06,11.43,11.51,14.41
MTS,2025-07-21,78.43,78.43,72.14,78.57,80.71,3.4,9.2,-2.9,-3.6,0.5,42.9,37.6,10.9,13.3,13.2,6.8,12.6,3.7,3.0,3.2,43.7,45.4,43.9,44.1,42.6,18.7,19.2,20.3,22.2,18.4,11.6,11.03,12.76,11.86,11.5,6.2,5.9,8.1,6.2,7.1,12.59,15.16,12.24,14.41,11.67
MTS,2025-07-28,76.29,78.43,71.57,73.29,77.86,1.9,3.4,13.2,-5.1,-3.9,44.5,42.9,28.0,10.4,15.9,5.3,6.8,19.8,1.5,2.7,45.4,43.7,46.8,43.8,43.1,17.7,18.7,20.3,19.5,20.7,11.04,11.6,12.71,13.01,12.53,6.9,6.2,7.2,7.8,8.0,13.0,12.59,12.06,11.43,11.51
MTS,2025-08-04,75.0,76.29,78.43,72.14,78.57,2.3,1.9,9.2,-2.9,-3.6,30.4,44.5,37.6,10.9,13.3,5.7,5.3,12.6,3.7,3.0,45.0,45.4,45.4,43.9,44.1,18.6,17.7,19.2,20.3,22.2,9.11,11.04,11.03,12.76,11.86,3.4,6.9,5.9,8.1,6.2,14.31,13.0,15.16,12.24,14.41
MTS,2025-08-11,72.29,75.0,78.43,71.57,73.29,-3.1,2.3,3.4,13.2,-5.1,20.7,30.4,42.9,28.0,10.4,2.9,5.7,6.8,19.8,1.5,42.0,45.0,43.7,46.8,43.8,20.9,18.6,18.7,20.3,19.5,12.03,9.11,11.6,12.71,13.01,3.5,3.4,6.2,7.2,7.8,12.14,14.31,12.59,12.06,11.43
MTS,2025-08-18,73.57,72.29,76.29,78.43,72.14,-5.9,-3.1,1.9,9.2,-2.9,14.0,20.7,44.5,37.6,10.9,0.1,2.9,5.3,12.6,3.7,42.0,42.0,45.4,45.4,43.9,20.1,20.9,17.7,19.2,20.3,12.16,12.03,11.04,11.03,12.76,6.8,3.5,6.9,5.9,8.1,14.09,12.14,13.0,15.16,12.24
MTS,2025-08-25,51.14,73.57,75.0,78.43,71.57,-5.3,-5.9,2.3,3.4,13.2,9.4,14.0,30.4,42.9,28.0,0.7,0.1,5.7,6.8,19.8,42.0,42.0,45.0,43.7,46.8,25.1,20.1,18.6,18.7,20.3,14.73,12.16,9.11,11.6,12.71,6.7,6.8,3.4,6.2,7.2,12.39,14.09,14.31,12.59,12.06
MTS,2025-09-01,47.43,51.14,72.29,76.29,78.43,-6.0,-5.3,-3.1,1.9,9.2,3.7,9.4,20.7,44.5,37.6,0.0,0.7,2.9,5.3,12.6,35.4,42.0,42.0,45.4,45.4,24.5,25.1,20.9,17.7,19.2,16.26,14.73,12.03,11.04,11.03,9.6,6.7,3.5,6.9,5.9,16.87,12.39,12.14,13.0,15.16
MTS,2025-09-08,50.86,47.43,73.57,75.0,78.43,-6.5,-6.0,-5.9,2.3,3.4,0.8,3.7,14.0,30.4,42.9,0.0,0.0,0.1,5.7,6.8,27.9,35.4,42.0,45.0,43.7,25.7,24.5,20.1,18.6,18.7,17.2,16.26,12.16,9.11,11.6,9.4,9.6,6.8,3.4,6.2,16.73,16.87,14.09,14.31,12.59
MTS,2025-09-15,57.14,50.86,51.14,72.29,76.29,-6.5,-6.5,-5.3,-3.1,1.9,0.7,0.8,9.4,20.7,44.5,0.0,0.0,0.7,2.9,5.3,24.4,27.9,42.0,42.0,45.4,24.3,25.7,25.1,20.9,17.7,17.03,17.2,14.73,12.03,11.04,11.0,9.4,6.7,3.5,6.9,15.34,16.73,12.39,12.14,13.0
MTS,2025-09-22,52.43,57.14,47.43,73.57,75.0,-6.5,-6.5,-6.0,-5.9,2.3,0.0,0.7,3.7,14.0,30.4,0.0,0.0,0.0,0.1,5.7,22.2,24.4,35.4,42.0,45.0,28.9,24.3,24.5,20.1,18.6,18.09,17.03,16.26,12.16,9.11,9.3,11.0,9.6,6.8,3.4,17.34,15.34,16.87,14.09,14.31
MTS,2025-09-29,68.0,52.43,50.86,51.14,72.29,1.0,-6.5,-6.5,-5.3,-3.1,7.5,0.0,0.8,9.4,20.7,7.5,0.0,0.0,0.7,2.9,24.8,22.2,27.9,42.0,42.0,27.9,28.9,25.7,25.1,20.9,18.04,18.09,17.2,14.73,12.03,9.9,9.3,9.4,6.7,3.5,15.19,17.34,16.73,12.39,12.14
MTS,2025-10-06,77.14,68.0,57.14,47.43,73.57,6.8,1.0,-6.5,-6.0,-5.9,20.8,7.5,0.7,3.7,14.0,13.3,7.5,0.0,0.0,0.1,38.9,24.8,24.4,35.4,42.0,26.3,27.9,24.3,24.5,20.1,14.91,18.04,17.03,16.26,12.16,7.0,9.9,11.0,9.6,6.8,15.77,15.19,15.34,16.87,14.09
MTS,2025-10-13,59.0,77.14,52.43,50.86,51.14,-11.5,6.8,-6.5,-6.5,-5.3,21.0,20.8,0.0,0.8,9.4,0.2,13.3,0.0,0.0,0.7,30.8,38.9,22.2,27.9,42.0,26.5,26.3,28.9,25.7,25.1,17.69,14.91,18.09,17.2,14.73,10.7,7.0,9.3,9.4,6.7,16.41,15.77,17.34,16.73,12.39
MTS,2025-10-20,68.14,59.0,68.0,57.14,47.43,-11.0,-11.5,1.0,-6.5,-6.0,21.7,21.0,7.5,0.7,3.7,0.7,0.2,7.5,0.0,0.0,25.8,30.8,24.8,24.4,35.4,26.4,26.5,27.9,24.3,24.5,18.6,17.69,18.04,17.03,16.26,12.8,10.7,9.9,11.0,9.6,16.3,16.41,15.19,15.34,16.87
MTS,2025-10-27,75.29,68.14,77.14,52.43,50.86,9.3,-11.0,6.8,-6.5,-6.5,35.2,21.7,20.8,0.0,0.8,21.0,0.7,13.3,0.0,0.0,30.0,25.8,38.9,22.2,27.9,28.5,26.4,26.3,28.9,25.7,16.74,18.6,14.91,18.09,17.2,10.3,12.8,7.0,9.3,9.4,13.56,16.3,15.77,17.34,16.73
MTS,2025-11-03,66.14,75.29,59.0,68.0,57.14,-1.1,9.3,-11.5,1.0,-6.5,32.5,35.2,21.0,7.5,0.7,10.6,21.0,0.2,7.5,0.0,25.7,30.0,30.8,24.8,24.4,27.8,28.5,26.5,27.9,24.3,19.83,16.74,17.69,18.04,17.03,11.4,10.3,10.7,9.9,11.0,16.67,13.56,16.41,15.19,15.34
MTS,2025-11-10,89.29,66.14,68.14,77.14,52.43,43.7,-1.1,-11.0,6.8,-6.5,123.9,32.5,21.7,20.8,0.0,91.6,10.6,0.7,13.3,0.0,44.5,25.7,25.8,38.9,22.2,24.4,27.8,26.4,26.3,28.9,16.36,19.83,18.6,14.91,18.09,12.7,11.4,12.8,7.0,9.3,15.49,16.67,16.3,15.77,17.34
MTS,2025-11-17,87.86,89.29,75.29,59.0,68.0,9.9,43.7,9.3,-11.5,1.0,181.0,123.9,35.2,21.0,7.5,57.8,91.6,21.0,0.2,7.5,48.7,44.5,30.0,30.8,24.8,23.4,24.4,28.5,26.5,27.9,17.2,16.36,16.74,17.69,18.04,13.6,12.7,10.3,10.7,9.9,13.86,15.49,13.56,16.41,15.19
MTS,2025-11-24,86.29,87.86,66.14,68.14,77.14,-4.3,9.9,-1.1,-11.0,6.8,203.6,181.0,32.5,21.7,20.8,43.6,57.8,10.6,0.7,13.3,48.9,48.7,25.7,25.8,38.9,23.2,23.4,27.8,26.4,26.3,16.0,17.2,19.83,18.6,14.91,11.0,13.6,11.4,12.8,7.0,12.01,13.86,16.67,16.3,15.77
MTS,2025-12-01,82.57,86.29,89.29,75.29,59.0,4.3,-4.3,43.7,9.3,-11.5,245.2,203.6,123.9,35.2,21.0,52.2,43.6,91.6,21.0,0.2,47.4,48.9,44.5,30.0,30.8,26.0,23.2,24.4,28.5,26.5,18.79,16.0,16.36,16.74,17.69,14.8,11.0,12.7,10.3,10.7,12.11,12.01,15.49,13.56,16.41
MTS,2025-12-08,89.43,82.57,87.86,66.14,68.14,24.2,4.3,9.9,-1.1,-11.0,230.3,245.2,181.0,32.5,21.7,76.7,52.2,57.8,10.6,0.7,49.8,47.4,48.7,25.7,25.8,23.9,26.0,23.4,27.8,26.4,17.11,18.79,17.2,19.83,18.6,13.7,14.8,13.6,11.4,12.8,11.84,12.11,13.86,16.67,16.3
MTS,2025-12-15,85.71,89.43,86.29,89.29,75.29,8.9,24.2,-4.3,43.7,9.3,233.9,230.3,203.6,123.9,35.2,61.4,76.7,43.6,91.6,21.0,47.0,49.8,48.9,44.5,30.0,24.7,23.9,23.2,24.4,28.5,17.51,17.11,16.0,16.36,16.74,11.5,13.7,11.0,12.7,10.3,13.17,11.84,12.01,15.49,13.56
MTS,2025-12-22,90.0,85.71,82.57,87.86,66.14,30.7,8.9,4.3,9.9,-1.1,273.5,233.9,245.2,181.0,32.5,83.2,61.4,52.2,57.8,10.6,47.7,47.0,47.4,48.7,25.7,24.1,24.7,26.0,23.4,27.8,17.96,17.51,18.79,17.2,19.83,14.1,11.5,14.8,13.6,11.4,11.24,13.17,12.11,13.86,16.67
MTS,2025-12-29,91.0,90.0,89.43,86.29,89.29,125.2,30.7,24.2,-4.3,43.7,399.0,273.5,230.3,203.6,123.9,177.7,83.2,76.7,43.6,91.6,49.6,47.7,49.8,48.9,44.5,23.2,24.1,23.9,23.2,24.4,18.01,17.96,17.11,16.0,16.36,14.5,14.1,13.7,11.0,12.7,12.8,11.24,11.84,12.01,15.49
MZB,2024-01-08,74.43,,,,,-13.9,,,,,,,,,,48.5,,,,,36.1,,,,,31.4,,,,,26.47,,,,,22.1,,,,,9.6,,,,
MZB,2024-01-15,82.71,74.43,,,,66.6,-13.9,,,,,,,,,129.0,48.5,,,,37.5,36.1,,,,31.8,31.4,,,,25.46,26.47,,,,22.4,22.1,,,,11.31,9.6,,,
MZB,2024-01-22,83.0,82.71,,,,-7.9,66.6,,,,,,,,,54.5,129.0,,,,39.4,37.5,,,,30.3,31.8,,,,24.87,25.46,,,,20.8,22.4,,,,10.94,11.31,,,
MZB,2024-01-29,67.86,83.0,74.43,,,-55.3,-7.9,-13.9,,,239.1,,,,,7.1,54.5,48.5,,,25.3,39.4,36.1,,,31.7,30.3,31.4,,,25.97,24.87,26.47,,,20.4,20.8,22.1,,,9.7,10.94,9.6,,
MZB,2024-02-05,60.43,67.86,82.71,,,-57.1,-55.3,66.6,,,195.9,239.1,,,,5.3,7.1,129.0,,,15.5,25.3,37.5,,,33.5,31.7,31.8,,,27.33,25.97,25.46,,,21.0,20.4,22.4,,,9.73,9.7,11.31,,
MZB,2024-02-12,57.43,60.43,83.0,74.43,,-19.6,-57.1,-7.9,-13.9,,73.9,195.9,,,,7.0,5.3,54.5,48.5,,19.0,15.5,39.4,36.1,,35.5,33.5,30.3,31.4,,28.97,27.33,24.87,26.47,,21.8,21.0,20.8,22.1,,12.26,9.73,10.94,9.6,
MZB,2024-02-19,53.43,57.43,67.86,82.71,,-25.9,-19.6,-55.3,66.6,,20.1,73.9,239.1,,,0.7,7.0,7.1,129.0,,13.2,19.0,25.3,37.5,,37.9,35.5,31.7,31.8,,28.96,28.97,25.97,25.46,,21.4,21.8,20.4,22.4,,10.94,12.26,9.7,11.31,
MZB,2024-02-26,48.29,53.43,60.43,83.0,74.43,-25.6,-25.9,-57.1,-7.9,-13.9,14.0,20.1,195.9,,,1.0,0.7,5.3,54.5,48.5,11.2,13.2,15.5,39.4,36.1,36.7,37.9,33.5,30.3,31.4,29.81,28.96,27.33,24.87,26.47,21.9,21.4,21.0,20.8,22.1,15.1,10.94,9.73,10.94,9.6
MZB,2024-03-04,56.71,48.29,57.43,67.86,82.71,-21.6,-25.6,-19.6,-55.3,66.6,13.7,14.0,73.9,239.1,,5.0,1.0,7.0,7.1,129.0,12.4,11.2,19.0,25.3,37.5,35.5,36.7,35.5,31.7,31.8,27.9,29.81,28.97,25.97,25.46,20.8,21.9,21.8,20.4,22.4,13.5,15.1,12.26,9.7,11.31
MZB,2024-03-11,52.57,56.71,53.43,60.43,83.0,-0.7,-21.6,-25.9,-57.1,-7.9,12.0,13.7,20.1,195.9,,5.3,5.0,0.7,5.3,54.5,11.9,12.4,13.2,15.5,39.4,37.7,35.5,37.9,33.5,30.3,30.5,27.9,28.96,27.33,24.87,23.9,20.8,21.4,21.0,20.8,11.47,13.5,10.94,9.73,10.94
MZB,2024-03-18,59.0,52.57,48.29,57.43,67.86,-1.1,-0.7,-25.6,-19.6,-55.3,16.2,12.0,14.0,73.9,239.1,4.9,5.3,1.0,7.0,7.1,12.1,11.9,11.2,19.0,25.3,35.6,37.7,36.7,35.5,31.7,29.53,30.5,29.81,28.97,25.97,23.8,23.9,21.9,21.8,20.4,11.73,11.47,15.1,12.26,9.7
MZB,2024-03-25,46.71,59.0,56.71,53.43,60.43,-6.0,-1.1,-21.6,-25.9,-57.1,15.2,16.2,13.7,20.1,195.9,0.0,4.9,5.0,0.7,5.3,12.0,12.1,12.4,13.2,15.5,36.3,35.6,35.5,37.9,33.5,28.76,29.53,27.9,28.96,27.33,20.3,23.8,20.8,21.4,21.0,15.59,11.73,13.5,10.94,9.73
MZB,2024-04-01,47.86,46.71,52.57,48.29,57.43,-3.6,-6.0,-0.7,-25.6,-19.6,12.6,15.2,12.0,14.0,73.9,2.4,0.0,5.3,1.0,7.0,11.1,12.0,11.9,11.2,19.0,36.4,36.3,37.7,36.7,35.5,29.37,28.76,30.5,29.81,28.97,22.1,20.3,23.9,21.9,21.8,15.31,15.59,11.47,15.1,12.26
MZB,2024-04-08,47.43,47.86,59.0,56.71,53.43,-3.8,-3.6,-1.1,-21.6,-25.9,12.7,12.6,16.2,13.7,20.1,5.4,2.4,4.9,5.0,0.7,11.3,11.1,12.1,12.4,13.2,37.6,36.4,35.6,35.5,37.9,29.56,29.37,29.53,27.9,28.96,21.2,22.1,23.8,20.8,21.4,15.06,15.31,11.73,13.5,10.94
MZB,2024-04-15,59.57,47.43,46.71,52.57,48.29,34.6,-3.8,-6.0,-0.7,-25.6,51.6,12.7,15.2,12.0,14.0,43.8,5.4,0.0,5.3,1.0,17.4,11.3,12.0,11.9,11.2,37.1,37.6,36.3,37.7,36.7,26.86,29.56,28.76,30.5,29.81,20.9,21.2,20.3,23.9,21.9,16.31,15.06,15.59,11.47,15.1
MZB,2024-04-22,53.0,59.57,47.86,59.0,56.71,-8.2,34.6,-3.6,-1.1,-21.6,52.6,51.6,12.6,16.2,13.7,1.0,43.8,2.4,4.9,5.0,13.5,17.4,11.1,12.1,12.4,33.8,37.1,36.4,35.6,35.5,26.2,26.86,29.37,29.53,27.9,18.4,20.9,22.1,23.8,20.8,15.7,16.31,15.31,11.73,13.5
MZB,2024-04-29,41.86,53.0,47.43,46.71,52.57,-9.2,-8.2,-3.8,-6.0,-0.7,50.2,52.6,12.7,15.2,12.0,0.0,1.0,5.4,0.0,5.3,10.9,13.5,11.3,12.0,11.9,35.8,33.8,37.6,36.3,37.7,26.34,26.2,29.56,28.76,30.5,17.6,18.4,21.2,20.3,23.9,14.2,15.7,15.06,15.59,11.47
MZB,2024-05-06,43.0,41.86,59.57,47.86,59.0,-9.2,-9.2,34.6,-3.6,-1.1,44.8,50.2,51.6,12.6,16.2,0.0,0.0,43.8,2.4,4.9,10.9,10.9,17.4,11.1,12.1,34.4,35.8,37.1,36.4,35.6,25.09,26.34,26.86,29.37,29.53,15.3,17.6,20.9,22.1,23.8,15.27,14.2,16.31,15.31,11.73
MZB,2024-05-13,42.0,43.0,53.0,47.43,46.71,0.0,-9.2,-8.2,-3.8,-6.0,1.0,44.8,52.6,12.7,15.2,0.0,0.0,1.0,5.4,0.0,10.9,10.9,13.5,11.3,12.0,34.9,34.4,33.8,37.6,36.3,26.6,25.09,26.2,29.56,28.76,17.1,15.3,18.4,21.2,20.3,15.5,15.27,15.7,15.06,15.59
MZB,2024-05-20,46.43,42.0,41.86,59.57,47.86,0.0,0.0,-9.2,34.6,-3.6,0.0,1.0,50.2,51.6,12.6,0.0,0.0,0.0,43.8,2.4,10.9,10.9,10.9,17.4,11.1,32.8,34.9,35.8,37.1,36.4,24.63,26.6,26.34,26.86,29.37,16.3,17.1,17.6,20.9,22.1,14.67,15.5,14.2,16.31,15.31
MZB,2024-05-27,50.29,46.43,43.0,53.0,47.43,0.0,0.0,-9.2,-8.2,-3.8,0.0,0.0,44.8,52.6,12.7,0.0,0.0,0.0,1.0,5.4,11.0,10.9,10.9,13.5,11.3,32.0,32.8,34.4,33.8,37.6,23.84,24.63,25.09,26.2,29.56,16.2,16.3,15.3,18.4,21.2,17.2,14.67,15.27,15.7,15.06
MZB,2024-06-03,43.29,50.29,42.0,41.86,59.57,0.0,0.0,0.0,-9.2,34.6,0.0,0.0,1.0,50.2,51.6,0.0,0.0,0.0,0.0,43.8,10.9,11.0,10.9,10.9,17.4,33.1,32.0,34.9,35.8,37.1,23.11,23.84,26.6,26.34,26.86,14.2,16.2,17.1,17.6,20.9,14.33,17.2,15.5,14.2,16.31
MZB,2024-06-10,34.57,43.29,46.43,43.0,53.0,-0.1,0.0,0.0,-9.2,-8.2,0.0,0.0,0.0,44.8,52.6,0.0,0.0,0.0,0.0,1.0,10.9,10.9,10.9,10.9,13.5,34.9,33.1,32.8,34.4,33.8,25.61,23.11,24.63,25.09,26.2,15.5,14.2,16.3,15.3,18.4,14.86,14.33,14.67,15.27,15.7
MZB,2024-06-17,45.71,34.57,50.29,42.0,41.86,-0.1,-0.1,0.0,0.0,-9.2,0.0,0.0,0.0,1.0,50.2,0.0,0.0,0.0,0.0,0.0,10.9,10.9,11.0,10.9,10.9,28.3,34.9,32.0,34.9,35.8,20.39,25.61,23.84,26.6,26.34,11.3,15.5,16.2,17.1,17.6,16.31,14.86,17.2,15.5,14.2
MZB,2024-06-24,42.86,45.71,43.29,46.43,43.0,-0.1,-0.1,0.0,0.0,-9.2,0.0,0.0,0.0,0.0,44.8,0.0,0.0,0.0,0.0,0.0,10.9,10.9,10.9,10.9,10.9,31.2,28.3,33.1,32.8,34.4,22.03,20.39,23.11,24.63,25.09,13.7,11.3,14.2,16.3,15.3,14.91,16.31,14.33,14.67,15.27
MZB,2024-07-01,50.71,42.86,34.57,50.29,42.0,0.4,-0.1,-0.1,0.0,0.0,0.5,0.0,0.0,0.0,1.0,0.5,0.0,0.0,0.0,0.0,11.0,10.9,10.9,11.0,10.9,30.0,31.2,34.9,32.0,34.9,21.74,22.03,25.61,23.84,26.6,14.1,13.7,15.5,16.2,17.1,17.47,14.91,14.86,17.2,15.5
MZB,2024-07-08,37.14,50.71,45.71,43.29,46.43,0.0,0.4,-0.1,0.0,0.0,0.5,0.5,0.0,0.0,0.0,0.0,0.5,0.0,0.0,0.0,11.0,11.0,10.9,10.9,10.9,31.2,30.0,28.3,33.1,32.8,22.26,21.74,20.39,23.11,24.63,13.2,14.1,11.3,14.2,16.3,11.93,17.47,16.31,14.33,14.67
MZB,2024-07-15,32.29,37.14,42.86,34.57,50.29,0.0,0.0,-0.1,-0.1,0.0,0.5,0.5,0.0,0.0,0.0,0.0,0.0,0.0,0.0,0.0,10.9,11.0,10.9,10.9,11.0,32.8,31.2,31.2,34.9,32.0,21.8,22.26,22.03,25.61,23.84,11.7,13.2,13.7,15.5,16.2,11.34,11.93,14.91,14.86,17.2
MZB,2024-07-22,34.29,32.29,50.71,45.71,43.29,0.0,0.0,0.4,-0.1,0.0,0.5,0.5,0.5,0.0,0.0,0.0,0.0,0.5,0.0,0.0,10.9,10.9,11.0,10.9,10.9,32.0,32.8,30.0,28.3,33.1,22.9,21.8,21.74,20.39,23.11,13.7,11.7,14.1,11.3,14.2,11.81,11.34,17.47,16.31,14.33
MZB,2024-07-29,28.14,34.29,37.14,42.86,34.57,0.0,0.0,0.0,-0.1,-0.1,0.0,0.5,0.5,0.0,0.0,0.0,0.0,0.0,0.0,0.0,10.9,10.9,11.0,10.9,10.9,32.6,32.0,31.2,31.2,34.9,23.77,22.9,22.26,22.03,25.61,13.9,13.7,13.2,13.7,15.5,11.74,11.81,11.93,14.91,14.86
MZB,2024-08-05,34.86,28.14,32.29,50.71,45.71,0.0,0.0,0.0,0.4,-0.1,0.0,0.0,0.5,0.5,0.0,0.0,0.0,0.0,0.5,0.0,10.9,10.9,10.9,11.0,10.9,33.9,32.6,32.8,30.0,28.3,23.69,23.77,21.8,21.74,20.39,13.1,13.9,11.7,14.1,11.3,15.84,11.74,11.34,17.47,16.31
MZB,2024-08-12,34.29,34.86,34.29,37.14,42.86,0.0,0.0,0.0,0.0,-0.1,0.0,0.0,0.5,0.5,0.0,0.0,0.0,0.0,0.0,0.0,10.9,10.9,10.9,11.0,10.9,33.8,33.9,32.0,31.2,31.2,24.27,23.69,22.9,22.26,22.03,11.6,13.1,13.7,13.2,13.7,15.6,15.84,11.81,11.93,14.91
MZB,2024-08-19,33.0,34.29,28.14,32.29,50.71,0.0,0.0,0.0,0.0,0.4,0.0,0.0,0.0,0.5,0.5,0.0,0.0,0.0,0.0,0.5,10.9,10.9,10.9,10.9,11.0,35.8,33.8,32.6,32.8,30.0,24.7,24.27,23.77,21.8,21.74,14.4,11.6,13.9,11.7,14.1,16.86,15.6,11.74,11.34,17.47
MZB,2024-08-26,38.43,33.0,34.86,34.29,37.14,0.0,0.0,0.0,0.0,0.0,0.0,0.0,0.0,0.5,0.5,0.0,0.0,0.0,0.0,0.0,10.9,10.9,10.9,10.9,11.0,32.3,35.8,33.9,32.0,31.2,23.59,24.7,23.69,22.9,22.26,14.5,14.4,13.1,13.7,13.2,16.81,16.86,15.84,11.81,11.93
MZB,2024-09-02,35.14,38.43,34.29,28.14,32.29,0.0,0.0,0.0,0.0,0.0,0.0,0.0,0.0,0.0,0.5,0.0,0.0,0.0,0.0,0.0,10.7,10.9,10.9,10.9,10.9,36.2,32.3,33.8,32.6,32.8,26.07,23.59,24.27,23.77,21.8,15.3,14.5,11.6,13.9,11.7,15.6,16.81,15.6,11.74,11.34
MZB,2024-09-09,36.57,35.14,33.0,34.86,34.29,-0.7,0.0,0.0,0.0,0.0,0.0,0.0,0.0,0.0,0.5,0.0,0.0,0.0,0.0,0.0,10.3,10.7,10.9,10.9,10.9,34.7,36.2,35.8,33.9,32.0,24.14,26.07,24.7,23.69,22.9,13.4,15.3,14.4,13.1,13.7,18.14,15.6,16.86,15.84,11.81
MZB,2024-09-16,32.29,36.57,38.43,34.29,28.14,-0.7,-0.7,0.0,0.0,0.0,0.0,0.0,0.0,0.0,0.0,0.0,0.0,0.0,0.0,0.0,10.3,10.3,10.9,10.9,10.9,38.4,34.7,32.3,33.8,32.6,28.73,24.14,23.59,24.27,23.77,18.8,13.4,14.5,11.6,13.9,18.0,18.14,16.81,15.6,11.74
MZB,2024-09-23,26.86,32.29,35.14,33.0,34.86,-0.7,-0.7,0.0,0.0,0.0,0.0,0.0,0.0,0.0,0.0,0.0,0.0,0.0,0.0,0.0,10.3,10.3,10.7,10.9,10.9,39.0,38.4,36.2,35.8,33.9,29.81,28.73,26.07,24.7,23.69,21.7,18.8,15.3,14.4,13.1,19.93,18.0,15.6,16.86,15.84
MZB,2024-09-30,32.71,26.86,36.57,38.43,34.29,-0.7,-0.7,-0.7,0.0,0.0,0.0,0.0,0.0,0.0,0.0,0.0,0.0,0.0,0.0,0.0,10.3,10.3,10.3,10.9,10.9,39.1,39.0,34.7,32.3,33.8,28.17,29.81,24.14,23.59,24.27,18.4,21.7,13.4,14.5,11.6,16.86,19.93,18.14,16.81,15.6
MZB,2024-10-07,34.43,32.71,32.29,35.14,33.0,-0.7,-0.7,-0.7,0.0,0.0,0.0,0.0,0.0,0.0,0.0,0.0,0.0,0.0,0.0,0.0,10.3,10.3,10.3,10.7,10.9,40.9,39.1,38.4,36.2,35.8,27.44,28.17,28.73,26.07,24.7,16.1,18.4,18.8,15.3,14.4,21.64,16.86,18.0,15.6,16.86
MZB,2024-10-14,30.0,34.43,26.86,36.57,38.43,-3.0,-0.7,-0.7,-0.7,0.0,0.0,0.0,0.0,0.0,0.0,0.0,0.0,0.0,0.0,0.0,10.3,10.3,10.3,10.3,10.9,37.7,40.9,39.0,34.7,32.3,27.93,27.44,29.81,24.14,23.59,17.1,16.1,21.7,13.4,14.5,18.49,21.64,19.93,18.14,16.81
MZB,2024-10-21,40.71,30.0,32.71,32.29,35.14,2.5,-3.0,-0.7,-0.7,0.0,5.5,0.0,0.0,0.0,0.0,5.5,0.0,0.0,0.0,0.0,11.4,10.3,10.3,10.3,10.7,38.1,37.7,39.1,38.4,36.2,27.61,27.93,28.17,28.73,26.07,18.2,17.1,18.4,18.8,15.3,17.21,18.49,16.86,18.0,15.6
MZB,2024-10-28,30.43,40.71,34.43,26.86,36.57,-3.0,2.5,-0.7,-0.7,-0.7,5.5,5.5,0.0,0.0,0.0,0.0,5.5,0.0,0.0,0.0,10.9,11.4,10.3,10.3,10.3,40.1,38.1,40.9,39.0,34.7,32.46,27.61,27.44,29.81,24.14,20.8,18.2,16.1,21.7,13.4,17.67,17.21,21.64,19.93,18.14
MZB,2024-11-04,50.57,30.43,30.0,32.71,32.29,15.5,-3.0,-3.0,-0.7,-0.7,24.0,5.5,0.0,0.0,0.0,18.5,0.0,0.0,0.0,0.0,15.8,10.9,10.3,10.3,10.3,38.2,40.1,37.7,39.1,38.4,29.8,32.46,27.93,28.17,28.73,22.9,20.8,17.1,18.4,18.8,16.43,17.67,18.49,16.86,18.0
MZB,2024-11-11,35.43,50.57,40.71,34.43,26.86,-17.5,15.5,2.5,-0.7,-0.7,24.1,24.0,5.5,0.0,0.0,0.1,18.5,5.5,0.0,0.0,11.3,15.8,11.4,10.3,10.3,41.6,38.2,38.1,40.9,39.0,32.24,29.8,27.61,27.44,29.81,24.0,22.9,18.2,16.1,21.7,19.3,16.43,17.21,21.64,19.93
MZB,2024-11-18,47.43,35.43,30.43,30.0,32.71,6.4,-17.5,-3.0,-3.0,-0.7,42.6,24.1,5.5,0.0,0.0,24.0,0.1,0.0,0.0,0.0,19.9,11.3,10.9,10.3,10.3,39.8,41.6,40.1,37.7,39.1,29.97,32.24,32.46,27.93,28.17,21.6,24.0,20.8,17.1,18.4,19.69,19.3,17.67,18.49,16.86
MZB,2024-11-25,35.71,47.43,50.57,40.71,34.43,-17.0,6.4,15.5,2.5,-0.7,43.2,42.6,24.0,5.5,0.0,0.6,24.0,18.5,5.5,0.0,15.7,19.9,15.8,11.4,10.3,39.6,39.8,38.2,38.1,40.9,31.93,29.97,29.8,27.61,27.44,24.4,21.6,22.9,18.2,16.1,17.87,19.69,16.43,17.21,21.64
MZB,2024-12-02,51.57,35.71,35.43,30.43,30.0,-5.3,-17.0,-17.5,-3.0,-3.0,37.0,43.2,24.1,5.5,0.0,12.3,0.6,0.1,0.0,0.0,22.3,15.7,11.3,10.9,10.3,37.0,39.6,41.6,40.1,37.7,29.31,31.93,32.24,32.46,27.93,21.1,24.4,24.0,20.8,17.1,16.4,17.87,19.3,17.67,18.49
MZB,2024-12-09,32.43,51.57,47.43,50.57,40.71,-39.3,-5.3,6.4,15.5,2.5,37.1,37.0,42.6,24.0,5.5,0.2,12.3,24.0,18.5,5.5,15.7,22.3,19.9,15.8,11.4,40.3,37.0,39.8,38.2,38.1,31.31,29.31,29.97,29.8,27.61,19.9,21.1,21.6,22.9,18.2,16.41,16.4,19.69,16.43,17.21
MZB,2024-12-16,34.43,32.43,35.71,35.43,30.43,-39.5,-39.3,-17.0,-17.5,-3.0,13.1,37.1,43.2,24.1,5.5,0.0,0.2,0.6,0.1,0.0,15.1,15.7,15.7,11.3,10.9,40.9,40.3,39.6,41.6,40.1,32.67,31.31,31.93,32.24,32.46,23.0,19.9,24.4,24.0,20.8,17.73,16.41,17.87,19.3,17.67
MZB,2024-12-23,44.43,34.43,51.57,47.43,50.57,-12.6,-39.5,-5.3,6.4,15.5,39.4,13.1,37.0,42.6,24.0,26.9,0.0,12.3,24.0,18.5,18.0,15.1,22.3,19.9,15.8,40.1,40.9,37.0,39.8,38.2,31.79,32.67,29.31,29.97,29.8,23.7,23.0,21.1,21.6,22.9,17.96,17.73,16.4,19.69,16.43
MZB,2024-12-30,40.86,44.43,32.43,35.71,35.43,-33.7,-12.6,-39.3,-17.0,-17.5,32.9,39.4,37.1,43.2,24.1,5.8,26.9,0.2,0.6,0.1,15.9,18.0,15.7,15.7,11.3,40.9,40.1,40.3,39.6,41.6,32.63,31.79,31.31,31.93,32.24,25.8,23.7,19.9,24.4,24.0,18.2,17.96,16.41,17.87,19.3
MZB,2025-01-06,80.0,40.86,34.43,51.57,47.43,85.3,-33.7,-39.5,-5.3,6.4,157.5,32.9,13.1,37.0,42.6,124.8,5.8,0.0,12.3,24.0,34.1,15.9,15.1,22.3,19.9,33.8,40.9,40.9,37.0,39.8,26.14,32.63,32.67,29.31,29.97,21.6,25.8,23.0,21.1,21.6,13.11,18.2,17.73,16.4,19.69
MZB,2025-01-13,81.0,80.0,44.43,32.43,35.71,10.5,85.3,-12.6,-39.3,-17.0,230.4,157.5,39.4,37.1,43.2,72.9,124.8,26.9,0.2,0.6,39.1,34.1,18.0,15.7,15.7,32.3,33.8,40.1,40.3,39.6,25.77,26.14,31.79,31.31,31.93,21.8,21.6,23.7,19.9,24.4,9.61,13.11,17.96,16.41,17.87
MZB,2025-01-20,73.86,81.0,40.86,34.43,51.57,-25.7,10.5,-33.7,-39.5,-5.3,240.2,230.4,32.9,13.1,37.0,36.7,72.9,5.8,0.0,12.3,30.4,39.1,15.9,15.1,22.3,33.5,32.3,40.9,40.9,37.0,27.13,25.77,32.63,32.67,29.31,21.6,21.8,25.8,23.0,21.1,10.64,9.61,18.2,17.73,16.4
MZB,2025-01-27,86.29,73.86,80.0,44.43,32.43,58.1,-25.7,85.3,-12.6,-39.3,354.9,240.2,157.5,39.4,37.1,120.5,36.7,124.8,26.9,0.2,38.5,30.4,34.1,18.0,15.7,30.3,33.5,33.8,40.1,40.3,24.89,27.13,26.14,31.79,31.31,21.5,21.6,21.6,23.7,19.9,9.16,10.64,13.11,17.96,16.41
MZB,2025-02-03,83.86,86.29,81.0,40.86,34.43,24.8,58.1,10.5,-33.7,-39.5,317.3,354.9,230.4,32.9,13.1,87.2,120.5,72.9,5.8,0.0,38.0,38.5,39.1,15.9,15.1,30.9,30.3,32.3,40.9,40.9,24.93,24.89,25.77,32.63,32.67,21.7,21.5,21.8,25.8,23.0,8.9,9.16,9.61,18.2,17.73
MZB,2025-02-10,73.43,83.86,73.86,80.0,44.43,10.4,24.8,-25.7,85.3,-12.6,281.4,317.3,240.2,157.5,39.4,37.0,87.2,36.7,124.8,26.9,26.0,38.0,30.4,34.1,18.0,32.0,30.9,33.5,33.8,40.1,26.33,24.93,27.13,26.14,31.79,20.5,21.7,21.6,21.6,23.7,10.63,8.9,10.64,13.11,17.96
MZB,2025-02-17,80.14,73.43,86.29,81.0,40.86,31.9,10.4,58.1,10.5,-33.7,303.2,281.4,354.9,230.4,32.9,58.5,37.0,120.5,72.9,5.8,28.8,26.0,38.5,39.1,15.9,32.6,32.0,30.3,32.3,40.9,26.19,26.33,24.89,25.77,32.63,22.0,20.5,21.5,21.8,25.8,10.79,10.63,9.16,9.61,18.2
MZB,2025-02-24,82.43,80.14,83.86,73.86,80.0,32.3,31.9,24.8,-25.7,85.3,241.6,303.2,317.3,240.2,157.5,58.9,58.5,87.2,36.7,124.8,33.3,28.8,38.0,30.4,34.1,30.9,32.6,30.9,33.5,33.8,25.8,26.19,24.93,27.13,26.14,22.1,22.0,21.7,21.6,21.6,9.49,10.79,8.9,10.64,13.11
MZB,2025-03-03,84.43,82.43,73.43,86.29,81.0,18.1,32.3,10.4,58.1,10.5,199.1,241.6,281.4,354.9,230.4,44.7,58.9,37.0,120.5,72.9,38.4,33.3,26.0,38.5,39.1,31.2,30.9,32.0,30.3,32.3,25.33,25.8,26.33,24.89,25.77,21.2,22.1,20.5,21.5,21.8,12.61,9.49,10.63,9.16,9.61
MZB,2025-03-10,73.71,84.43,80.14,83.86,73.86,4.9,18.1,31.9,24.8,-25.7,173.0,199.1,303.2,317.3,240.2,10.9,44.7,58.5,87.2,36.7,28.1,38.4,28.8,38.0,30.4,32.3,31.2,32.6,30.9,33.5,26.11,25.33,26.19,24.93,27.13,20.9,21.2,22.0,21.7,21.6,11.17,12.61,10.79,8.9,10.64
MZB,2025-03-17,74.0,73.71,82.43,73.43,86.29,17.3,4.9,32.3,10.4,58.1,137.8,173.0,241.6,281.4,354.9,23.3,10.9,58.9,37.0,120.5,21.9,28.1,33.3,26.0,38.5,33.6,32.3,30.9,32.0,30.3,25.9,26.11,25.8,26.33,24.89,21.2,20.9,22.1,20.5,21.5,10.34,11.17,9.49,10.63,9.16
MZB,2025-03-24,67.86,74.0,84.43,80.14,83.86,0.5,17.3,18.1,31.9,24.8,85.4,137.8,199.1,303.2,317.3,6.5,23.3,44.7,58.5,87.2,18.3,21.9,38.4,28.8,38.0,31.5,33.6,31.2,32.6,30.9,25.36,25.9,25.33,26.19,24.93,18.9,21.2,21.2,22.0,21.7,10.57,10.34,12.61,10.79,8.9
MZB,2025-03-31,61.29,67.86,73.71,82.43,73.43,-5.9,0.5,4.9,32.3,10.4,40.8,85.4,173.0,241.6,281.4,0.1,6.5,10.9,58.9,37.0,17.2,18.3,28.1,33.3,26.0,32.7,31.5,32.3,30.9,32.0,26.11,25.36,26.11,25.8,26.33,19.2,18.9,20.9,22.1,20.5,12.21,10.57,11.17,9.49,10.63
MZB,2025-04-07,57.14,61.29,74.0,84.43,80.14,-5.7,-5.9,17.3,18.1,31.9,30.2,40.8,137.8,199.1,303.2,0.3,0.1,23.3,44.7,58.5,14.9,17.2,21.9,38.4,28.8,33.9,32.7,33.6,31.2,32.6,27.06,26.11,25.9,25.33,26.19,19.7,19.2,21.2,21.2,22.0,14.7,12.21,10.34,12.61,10.79
MZB,2025-04-14,62.43,57.14,67.86,73.71,82.43,1.6,-5.7,0.5,4.9,32.3,17.7,30.2,85.4,173.0,241.6,10.8,0.3,6.5,10.9,58.9,18.2,14.9,18.3,28.1,33.3,34.1,33.9,31.5,32.3,30.9,26.61,27.06,25.36,26.11,25.8,20.0,19.7,18.9,20.9,22.1,12.33,14.7,10.57,11.17,9.49
MZB,2025-04-21,72.43,62.43,61.29,74.0,84.43,11.5,1.6,-5.9,17.3,18.1,31.9,17.7,40.8,137.8,199.1,20.7,10.8,0.1,23.3,44.7,24.6,18.2,17.2,21.9,38.4,31.7,34.1,32.7,33.6,31.2,24.74,26.61,26.11,25.9,25.33,19.7,20.0,19.2,21.2,21.2,15.49,12.33,12.21,10.34,12.61
MZB,2025-04-28,63.14,72.43,57.14,67.86,73.71,-9.2,11.5,-5.7,0.5,4.9,31.8,31.9,30.2,85.4,173.0,0.0,20.7,0.3,6.5,10.9,18.7,24.6,14.9,18.3,28.1,32.0,31.7,33.9,31.5,32.3,25.0,24.74,27.06,25.36,26.11,19.1,19.7,19.7,18.9,20.9,13.37,15.49,14.7,10.57,11.17
MZB,2025-05-05,60.14,63.14,62.43,61.29,74.0,-8.1,-9.2,1.6,-5.9,17.3,32.6,31.8,17.7,40.8,137.8,1.1,0.0,10.8,0.1,23.3,16.6,18.7,18.2,17.2,21.9,34.0,32.0,34.1,32.7,33.6,25.7,25.0,26.61,26.11,25.9,19.7,19.1,20.0,19.2,21.2,10.63,13.37,12.33,12.21,10.34
MZB,2025-05-12,60.71,60.14,72.43,57.14,67.86,0.0,-8.1,11.5,-5.7,0.5,21.8,32.6,31.9,30.2,85.4,0.0,1.1,20.7,0.3,6.5,17.2,16.6,24.6,14.9,18.3,31.0,34.0,31.7,33.9,31.5,21.89,25.7,24.74,27.06,25.36,13.6,19.7,19.7,19.7,18.9,9.77,10.63,15.49,14.7,10.57
MZB,2025-05-19,57.14,60.71,63.14,62.43,61.29,0.0,0.0,-9.2,1.6,-5.9,1.1,21.8,31.8,17.7,40.8,0.0,0.0,0.0,10.8,0.1,16.0,17.2,18.7,18.2,17.2,31.8,31.0,32.0,34.1,32.7,23.11,21.89,25.0,26.61,26.11,14.7,13.6,19.1,20.0,19.2,13.4,9.77,13.37,12.33,12.21
MZB,2025-05-26,54.43,57.14,60.14,72.43,57.14,0.0,0.0,-8.1,11.5,-5.7,1.1,1.1,32.6,31.9,30.2,0.0,0.0,1.1,20.7,0.3,15.3,16.0,16.6,24.6,14.9,33.5,31.8,34.0,31.7,33.9,23.43,23.11,25.7,24.74,27.06,14.6,14.7,19.7,19.7,19.7,15.07,13.4,10.63,15.49,14.7
MZB,2025-06-02,53.86,54.43,60.71,63.14,62.43,0.0,0.0,0.0,-9.2,1.6,0.0,1.1,21.8,31.8,17.7,0.0,0.0,0.0,0.0,10.8,14.0,15.3,17.2,18.7,18.2,29.5,33.5,31.0,32.0,34.1,21.67,23.43,21.89,25.0,26.61,13.6,14.6,13.6,19.1,20.0,11.66,15.07,9.77,13.37,12.33
MZB,2025-06-09,50.0,53.86,57.14,60.14,72.43,-0.1,0.0,0.0,-8.1,11.5,0.0,0.0,1.1,32.6,31.9,0.0,0.0,0.0,1.1,20.7,13.7,14.0,16.0,16.6,24.6,30.4,29.5,31.8,34.0,31.7,21.64,21.67,23.11,25.7,24.74,12.8,13.6,14.7,19.7,19.7,10.6,11.66,13.4,10.63,15.49
MZB,2025-06-16,48.57,50.0,54.43,60.71,63.14,-0.1,-0.1,0.0,0.0,-9.2,0.0,0.0,1.1,21.8,31.8,0.0,0.0,0.0,0.0,0.0,13.7,13.7,15.3,17.2,18.7,32.6,30.4,33.5,31.0,32.0,22.7,21.64,23.43,21.89,25.0,13.0,12.8,14.6,13.6,19.1,15.54,10.6,15.07,9.77,13.37
MZB,2025-06-23,49.0,48.57,53.86,57.14,60.14,-0.1,-0.1,0.0,0.0,-8.1,0.0,0.0,0.0,1.1,32.6,0.0,0.0,0.0,0.0,1.1,13.7,13.7,14.0,16.0,16.6,31.8,32.6,29.5,31.8,34.0,22.01,22.7,21.67,23.11,25.7,14.0,13.0,13.6,14.7,19.7,12.03,15.54,11.66,13.4,10.63
MZB,2025-06-30,51.86,49.0,50.0,54.43,60.71,-0.1,-0.1,-0.1,0.0,0.0,0.0,0.0,0.0,1.1,21.8,0.0,0.0,0.0,0.0,0.0,13.7,13.7,13.7,15.3,17.2,31.1,31.8,30.4,33.5,31.0,21.27,22.01,21.64,23.43,21.89,11.4,14.0,12.8,14.6,13.6,12.79,12.03,10.6,15.07,9.77
MZB,2025-07-07,51.29,51.86,48.57,53.86,57.14,-0.1,-0.1,-0.1,0.0,0.0,0.0,0.0,0.0,0.0,1.1,0.0,0.0,0.0,0.0,0.0,14.3,13.7,13.7,14.0,16.0,30.4,31.1,32.6,29.5,31.8,21.56,21.27,22.7,21.67,23.11,13.6,11.4,13.0,13.6,14.7,14.37,12.79,15.54,11.66,13.4
MZB,2025-07-14,50.29,51.29,49.0,50.0,54.43,0.0,-0.1,-0.1,-0.1,0.0,0.0,0.0,0.0,0.0,1.1,0.0,0.0,0.0,0.0,0.0,15.3,14.3,13.7,13.7,15.3,28.7,30.4,31.8,30.4,33.5,20.36,21.56,22.01,21.64,23.43,10.9,13.6,14.0,12.8,14.6,16.54,14.37,12.03,10.6,15.07
MZB,2025-07-21,48.14,50.29,51.86,48.57,53.86,0.0,0.0,-0.1,-0.1,0.0,0.0,0.0,0.0,0.0,0.0,0.0,0.0,0.0,0.0,0.0,14.0,15.3,13.7,13.7,14.0,29.0,28.7,31.1,32.6,29.5,21.29,20.36,21.27,22.7,21.67,13.5,10.9,11.4,13.0,13.6,14.31,16.54,12.79,15.54,11.66
MZB,2025-07-28,48.57,48.14,51.29,49.0,50.0,0.0,0.0,-0.1,-0.1,-0.1,0.0,0.0,0.0,0.0,0.0,0.0,0.0,0.0,0.0,0.0,13.7,14.0,14.3,13.7,13.7,29.5,29.0,30.4,31.8,30.4,20.73,21.29,21.56,22.01,21.64,12.6,13.5,13.6,14.0,12.8,16.59,14.31,14.37,12.03,10.6
MZB,2025-08-04,47.43,48.57,50.29,51.86,48.57,0.0,0.0,0.0,-0.1,-0.1,0.0,0.0,0.0,0.0,0.0,0.0,0.0,0.0,0.0,0.0,13.8,13.7,15.3,13.7,13.7,29.5,29.5,28.7,31.1,32.6,19.39,20.73,20.36,21.27,22.7,10.6,12.6,10.9,11.4,13.0,19.24,16.59,16.54,12.79,15.54
MZB,2025-08-11,43.43,47.43,48.14,51.29,49.0,0.0,0.0,0.0,-0.1,-0.1,0.0,0.0,0.0,0.0,0.0,0.0,0.0,0.0,0.0,0.0,13.7,13.8,14.0,14.3,13.7,30.4,29.5,29.0,30.4,31.8,21.17,19.39,21.29,21.56,22.01,10.5,10.6,13.5,13.6,14.0,12.56,19.24,14.31,14.37,12.03
MZB,2025-08-18,40.29,43.43,48.57,50.29,51.86,0.0,0.0,0.0,0.0,-0.1,0.0,0.0,0.0,0.0,0.0,0.0,0.0,0.0,0.0,0.0,13.8,13.7,13.7,15.3,13.7,31.1,30.4,29.5,28.7,31.1,22.6,21.17,20.73,20.36,21.27,13.5,10.5,12.6,10.9,11.4,16.27,12.56,16.59,16.54,12.79
MZB,2025-08-25,38.29,40.29,47.43,48.14,51.29,0.0,0.0,0.0,0.0,-0.1,0.0,0.0,0.0,0.0,0.0,0.0,0.0,0.0,0.0,0.0,13.8,13.8,13.8,14.0,14.3,34.0,31.1,29.5,29.0,30.4,23.03,22.6,19.39,21.29,21.56,14.2,13.5,10.6,13.5,13.6,13.23,16.27,19.24,14.31,14.37
MZB,2025-09-01,27.57,38.29,43.43,48.57,50.29,0.0,0.0,0.0,0.0,0.0,0.0,0.0,0.0,0.0,0.0,0.0,0.0,0.0,0.0,0.0,13.8,13.8,13.7,13.7,15.3,34.6,34.0,30.4,29.5,28.7,25.39,23.03,21.17,20.73,20.36,14.9,14.2,10.5,12.6,10.9,19.2,13.23,12.56,16.59,16.54
MZB,2025-09-08,32.14,27.57,40.29,47.43,48.14,-0.7,0.0,0.0,0.0,0.0,0.0,0.0,0.0,0.0,0.0,0.0,0.0,0.0,0.0,0.0,13.9,13.8,13.8,13.8,14.0,35.6,34.6,31.1,29.5,29.0,25.36,25.39,22.6,19.39,21.29,14.8,14.9,13.5,10.6,13.5,17.17,19.2,16.27,19.24,14.31
MZB,2025-09-15,34.14,32.14,38.29,43.43,48.57,-0.5,-0.7,0.0,0.0,0.0,0.2,0.0,0.0,0.0,0.0,0.2,0.0,0.0,0.0,0.0,13.6,13.9,13.8,13.7,13.7,35.5,35.6,34.0,30.4,29.5,27.24,25.36,23.03,21.17,20.73,18.3,14.8,14.2,10.5,12.6,17.34,17.17,13.23,12.56,16.59
MZB,2025-09-22,31.43,34.14,27.57,40.29,47.43,-0.7,-0.5,0.0,0.0,0.0,0.2,0.2,0.0,0.0,0.0,0.0,0.2,0.0,0.0,0.0,13.9,13.6,13.8,13.8,13.8,37.4,35.5,34.6,31.1,29.5,28.07,27.24,25.39,22.6,19.39,17.6,18.3,14.9,13.5,10.6,18.43,17.34,19.2,16.27,19.24
MZB,2025-09-29,38.0,31.43,32.14,38.29,43.43,-0.7,-0.7,-0.7,0.0,0.0,0.2,0.2,0.0,0.0,0.0,0.0,0.0,0.0,0.0,0.0,13.8,13.9,13.9,13.8,13.7,37.2,37.4,35.6,34.0,30.4,28.0,28.07,25.36,23.03,21.17,18.6,17.6,14.8,14.2,10.5,18.07,18.43,17.17,13.23,12.56
MZB,2025-10-06,42.29,38.0,34.14,27.57,40.29,6.3,-0.7,-0.5,0.0,0.0,7.2,0.2,0.2,0.0,0.0,7.0,0.0,0.2,0.0,0.0,14.6,13.8,13.6,13.8,13.8,38.0,37.2,35.5,34.6,31.1,26.73,28.0,27.24,25.39,22.6,17.0,18.6,18.3,14.9,13.5,18.27,18.07,17.34,19.2,16.27
MZB,2025-10-13,32.71,42.29,31.43,32.14,38.29,-3.0,6.3,-0.7,-0.7,0.0,7.0,7.2,0.2,0.0,0.0,0.0,7.0,0.0,0.0,0.0,11.9,14.6,13.9,13.9,13.8,37.5,38.0,37.4,35.6,34.0,29.16,26.73,28.07,25.36,23.03,17.7,17.0,17.6,14.8,14.2,18.57,18.27,18.43,17.17,13.23
MZB,2025-10-20,31.43,32.71,38.0,34.14,27.57,-3.0,-3.0,-0.7,-0.5,0.0,7.0,7.0,0.2,0.2,0.0,0.0,0.0,0.0,0.2,0.0,11.4,11.9,13.8,13.6,13.8,38.9,37.5,37.2,35.5,34.6,30.91,29.16,28.0,27.24,25.39,22.3,17.7,18.6,18.3,14.9,21.41,18.57,18.07,17.34,19.2
MZB,2025-10-27,37.43,31.43,42.29,31.43,32.14,-3.0,-3.0,6.3,-0.7,-0.7,7.0,7.0,7.2,0.2,0.0,0.0,0.0,7.0,0.0,0.0,11.5,11.4,14.6,13.9,13.9,38.9,38.9,38.0,37.4,35.6,29.04,30.91,26.73,28.07,25.36,21.8,22.3,17.0,17.6,14.8,17.4,21.41,18.27,18.43,17.17
MZB,2025-11-03,29.86,37.43,32.71,38.0,34.14,-3.0,-3.0,-3.0,-0.7,-0.5,0.0,7.0,7.0,0.2,0.2,0.0,0.0,0.0,0.0,0.2,11.7,11.5,11.9,13.8,13.6,40.0,38.9,37.5,37.2,35.5,32.53,29.04,29.16,28.0,27.24,23.9,21.8,17.7,18.6,18.3,20.71,17.4,18.57,18.07,17.34
MZB,2025-11-10,41.57,29.86,31.43,42.29,31.43,-17.3,-3.0,-3.0,6.3,-0.7,0.3,0.0,7.0,7.2,0.2,0.3,0.0,0.0,7.0,0.0,11.5,11.7,11.4,14.6,13.9,36.9,40.0,38.9,38.0,37.4,30.5,32.53,30.91,26.73,28.07,24.0,23.9,22.3,17.0,17.6,20.74,20.71,21.41,18.27,18.43
MZB,2025-11-17,62.14,41.57,37.43,32.71,38.0,33.9,-17.3,-3.0,-3.0,-0.7,51.8,0.3,7.0,7.0,0.2,51.5,0.3,0.0,0.0,0.0,25.7,11.5,11.5,11.9,13.8,34.7,36.9,38.9,37.5,37.2,27.01,30.5,29.04,29.16,28.0,22.0,24.0,21.8,17.7,18.6,16.37,20.74,17.4,18.57,18.07
MZB,2025-11-24,66.86,62.14,29.86,31.43,42.29,26.5,33.9,-3.0,-3.0,6.3,95.9,51.8,0.0,7.0,7.2,44.1,51.5,0.0,0.0,7.0,29.9,25.7,11.7,11.4,14.6,33.7,34.7,40.0,38.9,38.0,25.71,27.01,32.53,30.91,26.73,18.4,22.0,23.9,22.3,17.0,14.36,16.37,20.71,21.41,18.27
MZB,2025-12-01,47.0,66.86,41.57,37.43,32.71,-9.9,26.5,-17.3,-3.0,-3.0,103.6,95.9,0.3,7.0,7.0,7.7,44.1,0.3,0.0,0.0,13.0,29.9,11.5,11.5,11.9,38.3,33.7,36.9,38.9,37.5,30.67,25.71,30.5,29.04,29.16,23.7,18.4,24.0,21.8,17.7,15.87,14.36,20.74,17.4,18.57
MZB,2025-12-08,60.57,47.0,62.14,29.86,31.43,-7.9,-9.9,33.9,-3.0,-3.0,134.9,103.6,51.8,0.0,7.0,31.6,7.7,51.5,0.0,0.0,18.8,13.0,25.7,11.7,11.4,35.1,38.3,34.7,40.0,38.9,27.81,30.67,27.01,32.53,30.91,22.7,23.7,22.0,23.9,22.3,15.96,15.87,16.37,20.71,21.41
MZB,2025-12-15,61.14,60.57,66.86,41.57,37.43,-23.7,-7.9,26.5,-17.3,-3.0,99.2,134.9,95.9,0.3,7.0,15.8,31.6,44.1,0.3,0.0,23.1,18.8,29.9,11.5,11.5,35.6,35.1,33.7,36.9,38.9,27.8,27.81,25.71,30.5,29.04,22.2,22.7,18.4,24.0,21.8,14.37,15.96,14.36,20.74,17.4
MZB,2025-12-22,65.57,61.14,47.0,62.14,29.86,13.0,-23.7,-9.9,33.9,-3.0,107.6,99.2,103.6,51.8,0.0,52.5,15.8,7.7,51.5,0.0,27.9,23.1,13.0,25.7,11.7,34.8,35.6,38.3,34.7,40.0,27.56,27.8,30.67,27.01,32.53,22.0,22.2,23.7,22.0,23.9,12.77,14.37,15.87,16.37,20.71
MZB,2025-12-29,83.57,65.57,60.57,66.86,41.57,94.5,13.0,-7.9,26.5,-17.3,233.9,107.6,134.9,95.9,0.3,134.0,52.5,31.6,44.1,0.3,38.2,27.9,18.8,29.9,11.5,31.0,34.8,35.1,33.7,36.9,24.99,27.56,27.81,25.71,30.5,21.6,22.0,22.7,18.4,24.0,11.6,12.77,15.96,14.36,20.74
NYG,2024-01-08,75.71,,,,,-20.3,,,,,,,,,,14.0,,,,,45.8,,,,,25.1,,,,,18.79,,,,,12.6,,,,,11.09,,,,
NYG,2024-01-15,79.86,75.71,,,,7.4,-20.3,,,,,,,,,41.7,14.0,,,,45.4,45.8,,,,25.4,25.1,,,,19.84,18.79,,,,14.8,12.6,,,,9.14,11.09,,,
NYG,2024-01-22,83.57,79.86,,,,45.9,7.4,,,,,,,,,80.2,41.7,,,,48.7,45.4,,,,24.3,25.4,,,,17.86,19.84,,,,13.2,14.8,,,,15.83,9.14,,,
NYG,2024-01-29,75.0,83.57,75.71,,,-32.3,45.9,-20.3,,,137.9,,,,,2.0,80.2,14.0,,,41.7,48.7,45.8,,,23.6,24.3,25.1,,,17.13,17.86,18.79,,,11.4,13.2,12.6,,,14.74,15.83,11.09,,
NYG,2024-02-05,76.14,75.0,79.86,,,-23.8,-32.3,7.4,,,134.4,137.9,,,,10.5,2.0,41.7,,,37.2,41.7,45.4,,,24.6,23.6,25.4,,,17.91,17.13,19.84,,,12.2,11.4,14.8,,,12.11,14.74,9.14,,
NYG,2024-02-12,70.0,76.14,83.57,75.71,,-35.5,-23.8,45.9,-20.3,,93.9,134.4,,,,1.2,10.5,80.2,14.0,,31.6,37.2,48.7,45.8,,27.5,24.6,24.3,25.1,,20.09,17.91,17.86,18.79,,12.8,12.2,13.2,12.6,,14.4,12.11,15.83,11.09,
NYG,2024-02-19,63.57,70.0,75.0,79.86,,-34.8,-35.5,-32.3,7.4,,15.6,93.9,137.9,,,1.9,1.2,2.0,41.7,,27.0,31.6,41.7,45.4,,28.2,27.5,23.6,25.4,,19.37,20.09,17.13,19.84,,11.7,12.8,11.4,14.8,,17.1,14.4,14.74,9.14,
NYG,2024-02-26,67.43,63.57,76.14,83.57,75.71,-34.1,-34.8,-23.8,45.9,-20.3,16.2,15.6,134.4,,,2.6,1.9,10.5,80.2,14.0,25.2,27.0,37.2,48.7,45.8,27.4,28.2,24.6,24.3,25.1,19.87,19.37,17.91,17.86,18.79,12.7,11.7,12.2,13.2,12.6,14.77,17.1,12.11,15.83,11.09
NYG,2024-03-04,73.43,67.43,70.0,75.0,79.86,-23.0,-34.1,-35.5,-32.3,7.4,19.4,16.2,93.9,137.9,,13.7,2.6,1.2,2.0,41.7,30.9,25.2,31.6,41.7,45.4,26.9,27.4,27.5,23.6,25.4,18.34,19.87,20.09,17.13,19.84,11.8,12.7,12.8,11.4,14.8,17.14,14.77,14.4,14.74,9.14
NYG,2024-03-11,70.71,73.43,63.57,76.14,83.57,-13.6,-23.0,-34.8,-23.8,45.9,22.4,19.4,15.6,134.4,,4.2,13.7,1.9,10.5,80.2,33.7,30.9,27.0,37.2,48.7,27.9,26.9,28.2,24.6,24.3,20.44,18.34,19.37,17.91,17.86,14.2,11.8,11.7,12.2,13.2,10.86,17.14,17.1,12.11,15.83
NYG,2024-03-18,75.43,70.71,67.43,70.0,75.0,15.2,-13.6,-34.1,-35.5,-32.3,53.5,22.4,16.2,93.9,137.9,33.0,4.2,2.6,1.2,2.0,35.1,33.7,25.2,31.6,41.7,27.2,27.9,27.4,27.5,23.6,20.0,20.44,19.87,20.09,17.13,14.7,14.2,12.7,12.8,11.4,12.2,10.86,14.77,14.4,14.74
NYG,2024-03-25,73.43,75.43,73.43,63.57,76.14,-15.8,15.2,-23.0,-34.8,-23.8,52.9,53.5,19.4,15.6,134.4,2.0,33.0,13.7,1.9,10.5,32.0,35.1,30.9,27.0,37.2,24.9,27.2,26.9,28.2,24.6,18.23,20.0,18.34,19.37,17.91,12.2,14.7,11.8,11.7,12.2,15.56,12.2,17.14,17.1,12.11
NYG,2024-04-01,72.71,73.43,70.71,67.43,70.0,-12.4,-15.8,-13.6,-34.1,-35.5,44.6,52.9,22.4,16.2,93.9,5.4,2.0,4.2,2.6,1.2,28.5,32.0,33.7,25.2,31.6,26.4,24.9,27.9,27.4,27.5,18.81,18.23,20.44,19.87,20.09,14.0,12.2,14.2,12.7,12.8,16.34,15.56,10.86,14.77,14.4
NYG,2024-04-08,72.0,72.71,75.43,73.43,63.57,-3.0,-12.4,15.2,-23.0,-34.8,47.6,44.6,53.5,19.4,15.6,7.2,5.4,33.0,13.7,1.9,26.1,28.5,35.1,30.9,27.0,26.4,26.4,27.2,26.9,28.2,19.34,18.81,20.0,18.34,19.37,12.9,14.0,14.7,11.8,11.7,12.24,16.34,12.2,17.14,17.1
NYG,2024-04-15,77.29,72.0,73.43,70.71,67.43,-1.1,-3.0,-15.8,-13.6,-34.1,23.7,47.6,52.9,22.4,16.2,9.1,7.2,2.0,4.2,2.6,39.2,26.1,32.0,33.7,25.2,25.4,26.4,24.9,27.9,27.4,17.33,19.34,18.23,20.44,19.87,12.8,12.9,12.2,14.2,12.7,13.5,12.24,15.56,10.86,14.77
NYG,2024-04-22,70.43,77.29,72.71,75.43,73.43,-9.0,-1.1,-12.4,15.2,-23.0,22.9,23.7,44.6,53.5,19.4,1.2,9.1,5.4,33.0,13.7,35.4,39.2,28.5,35.1,30.9,24.5,25.4,26.4,27.2,26.9,16.39,17.33,18.81,20.0,18.34,9.0,12.8,14.0,14.7,11.8,12.66,13.5,16.34,12.2,17.14
NYG,2024-04-29,58.14,70.43,72.0,73.43,70.71,-7.8,-9.0,-3.0,-15.8,-13.6,19.9,22.9,47.6,52.9,22.4,2.4,1.2,7.2,2.0,4.2,27.0,35.4,26.1,32.0,33.7,27.3,24.5,26.4,24.9,27.9,16.59,16.39,19.34,18.23,20.44,9.1,9.0,12.9,12.2,14.2,15.04,12.66,12.24,15.56,10.86
NYG,2024-05-06,60.0,58.14,77.29,72.71,75.43,-10.2,-7.8,-1.1,-12.4,15.2,12.7,19.9,23.7,44.6,53.5,0.0,2.4,9.1,5.4,33.0,26.3,27.0,39.2,28.5,35.1,23.6,27.3,25.4,26.4,27.2,15.29,16.59,17.33,18.81,20.0,8.1,9.1,12.8,14.0,14.7,16.53,15.04,13.5,16.34,12.2
NYG,2024-05-13,62.71,60.0,70.43,72.0,73.43,-0.4,-10.2,-9.0,-3.0,-15.8,3.6,12.7,22.9,47.6,52.9,0.0,0.0,1.2,7.2,2.0,24.5,26.3,35.4,26.1,32.0,25.2,23.6,24.5,26.4,24.9,16.03,15.29,16.39,19.34,18.23,7.7,8.1,9.0,12.9,12.2,12.49,16.53,12.66,12.24,15.56
NYG,2024-05-20,68.71,62.71,58.14,77.29,72.71,0.3,-0.4,-7.8,-1.1,-12.4,3.0,3.6,19.9,23.7,44.6,0.6,0.0,2.4,9.1,5.4,24.3,24.5,27.0,39.2,28.5,21.5,25.2,27.3,25.4,26.4,14.54,16.03,16.59,17.33,18.81,7.9,7.7,9.1,12.8,14.0,14.97,12.49,15.04,13.5,16.34
NYG,2024-05-27,72.86,68.71,60.0,70.43,72.0,0.6,0.3,-10.2,-9.0,-3.0,1.5,3.0,12.7,22.9,47.6,0.9,0.6,0.0,1.2,7.2,24.5,24.3,26.3,35.4,26.1,21.3,21.5,23.6,24.5,26.4,13.81,14.54,15.29,16.39,19.34,7.5,7.9,8.1,9.0,12.9,12.79,14.97,16.53,12.66,12.24
NYG,2024-06-03,68.0,72.86,62.71,58.14,77.29,-0.4,0.6,-0.4,-7.8,-1.1,1.5,1.5,3.6,19.9,23.7,0.0,0.9,0.0,2.4,9.1,25.6,24.5,24.5,27.0,39.2,21.6,21.3,25.2,27.3,25.4,13.16,13.81,16.03,16.59,17.33,5.7,7.5,7.7,9.1,12.8,14.63,12.79,12.49,15.04,13.5
NYG,2024-06-10,56.14,68.0,68.71,60.0,70.43,-1.4,-0.4,0.3,-10.2,-9.0,1.6,1.5,3.0,12.7,22.9,0.1,0.0,0.6,0.0,1.2,25.4,25.6,24.3,26.3,35.4,25.0,21.6,21.5,23.6,24.5,15.97,13.16,14.54,15.29,16.39,8.5,5.7,7.9,8.1,9.0,19.87,14.63,14.97,16.53,12.66
NYG,2024-06-17,70.29,56.14,72.86,62.71,58.14,-0.2,-1.4,0.6,-0.4,-7.8,2.3,1.6,1.5,3.6,19.9,1.3,0.1,0.9,0.0,2.4,23.8,25.4,24.5,24.5,27.0,18.3,25.0,21.3,25.2,27.3,10.96,15.97,13.81,16.03,16.59,4.3,8.5,7.5,7.7,9.1,15.6,19.87,12.79,12.49,15.04
NYG,2024-06-24,64.71,70.29,68.0,68.71,60.0,-1.2,-0.2,-0.4,0.3,-10.2,1.7,2.3,1.5,3.0,12.7,0.3,1.3,0.0,0.6,0.0,24.1,23.8,25.6,24.3,26.3,20.9,18.3,21.6,21.5,23.6,12.16,10.96,13.16,14.54,15.29,6.1,4.3,5.7,7.9,8.1,15.34,15.6,14.63,14.97,16.53
NYG,2024-07-01,73.29,64.71,56.14,72.86,62.71,3.9,-1.2,-1.4,0.6,-0.4,7.1,1.7,1.6,1.5,3.6,5.4,0.3,0.1,0.9,0.0,26.8,24.1,25.4,24.5,24.5,18.3,20.9,25.0,21.3,25.2,11.91,12.16,15.97,13.81,16.03,6.9,6.1,8.5,7.5,7.7,16.29,15.34,19.87,12.79,12.49
NYG,2024-07-08,44.86,73.29,70.29,68.0,68.71,-1.6,3.9,-0.2,-0.4,0.3,7.0,7.1,2.3,1.5,3.0,0.0,5.4,1.3,0.0,0.6,26.8,26.8,23.8,25.6,24.3,22.0,18.3,18.3,21.6,21.5,13.33,11.91,10.96,13.16,14.54,6.1,6.9,4.3,5.7,7.9,11.51,16.29,15.6,14.63,14.97
NYG,2024-07-15,34.57,44.86,64.71,56.14,72.86,-1.6,-1.6,-1.2,-1.4,0.6,5.7,7.0,1.7,1.6,1.5,0.0,0.0,0.3,0.1,0.9,23.8,26.8,24.1,25.4,24.5,22.6,22.0,20.9,25.0,21.3,13.99,13.33,12.16,15.97,13.81,5.8,6.1,6.1,8.5,7.5,9.89,11.51,15.34,19.87,12.79
NYG,2024-07-22,43.14,34.57,73.29,70.29,68.0,-1.6,-1.6,3.9,-0.2,-0.4,5.4,5.7,7.1,2.3,1.5,0.0,0.0,5.4,1.3,0.0,22.8,23.8,26.8,23.8,25.6,24.7,22.6,18.3,18.3,21.6,14.93,13.99,11.91,10.96,13.16,7.2,5.8,6.9,4.3,5.7,10.06,9.89,16.29,15.6,14.63
NYG,2024-07-29,42.0,43.14,44.86,64.71,56.14,-1.6,-1.6,-1.6,-1.2,-1.4,0.0,5.4,7.0,1.7,1.6,0.0,0.0,0.0,0.3,0.1,22.2,22.8,26.8,24.1,25.4,24.8,24.7,22.0,20.9,25.0,15.81,14.93,13.33,12.16,15.97,8.8,7.2,6.1,6.1,8.5,11.64,10.06,11.51,15.34,19.87
NYG,2024-08-05,43.71,42.0,34.57,73.29,70.29,-1.6,-1.6,-1.6,3.9,-0.2,0.0,0.0,5.7,7.1,2.3,0.0,0.0,0.0,5.4,1.3,22.1,22.2,23.8,26.8,23.8,25.2,24.8,22.6,18.3,18.3,15.39,15.81,13.99,11.91,10.96,6.5,8.8,5.8,6.9,4.3,15.13,11.64,9.89,16.29,15.6
NYG,2024-08-12,49.29,43.71,43.14,44.86,64.71,-1.0,-1.6,-1.6,-1.6,-1.2,0.1,0.0,5.4,7.0,1.7,0.1,0.0,0.0,0.0,0.3,22.0,22.1,22.8,26.8,24.1,27.9,25.2,24.7,22.0,20.9,16.41,15.39,14.93,13.33,12.16,8.6,6.5,7.2,6.1,6.1,12.49,15.13,10.06,11.51,15.34
NYG,2024-08-19,41.71,49.29,42.0,34.57,73.29,-1.0,-1.0,-1.6,-1.6,3.9,0.2,0.1,0.0,5.7,7.1,0.1,0.1,0.0,0.0,5.4,22.1,22.0,22.2,23.8,26.8,27.1,27.9,24.8,22.6,18.3,15.56,16.41,15.81,13.99,11.91,6.4,8.6,8.8,5.8,6.9,14.99,12.49,11.64,9.89,16.29
NYG,2024-08-26,57.57,41.71,43.71,43.14,44.86,-0.5,-1.0,-1.6,-1.6,-1.6,0.8,0.2,0.0,5.4,7.0,0.6,0.1,0.0,0.0,0.0,22.3,22.1,22.1,22.8,26.8,23.8,27.1,25.2,24.7,22.0,13.71,15.56,15.39,14.93,13.33,6.0,6.4,6.5,7.2,6.1,16.04,14.99,15.13,10.06,11.51
NYG,2024-09-02,56.71,57.57,49.29,42.0,34.57,7.0,-0.5,-1.0,-1.6,-1.6,8.9,0.8,0.1,0.0,5.7,8.1,0.6,0.1,0.0,0.0,24.4,22.3,22.0,22.2,23.8,25.8,23.8,27.9,24.8,22.6,15.61,13.71,16.41,15.81,13.99,7.4,6.0,8.6,8.8,5.8,19.06,16.04,12.49,11.64,9.89
NYG,2024-09-09,60.86,56.71,41.71,43.71,43.14,-0.7,7.0,-1.0,-1.6,-1.6,8.8,8.9,0.2,0.0,5.4,0.0,8.1,0.1,0.0,0.0,26.9,24.4,22.1,22.1,22.8,26.3,25.8,27.1,25.2,24.7,13.74,15.61,15.56,15.39,14.93,4.0,7.4,6.4,6.5,7.2,13.33,19.06,14.99,15.13,10.06
NYG,2024-09-16,46.43,60.86,57.57,49.29,42.0,-0.7,-0.7,-0.5,-1.0,-1.6,8.7,8.8,0.8,0.1,0.0,0.0,0.0,0.6,0.1,0.0,22.9,26.9,22.3,22.0,22.2,27.7,26.3,23.8,27.9,24.8,18.8,13.74,13.71,16.41,15.81,11.0,4.0,6.0,8.6,8.8,18.11,13.33,16.04,12.49,11.64
NYG,2024-09-23,47.57,46.43,56.71,41.71,43.71,-0.2,-0.7,7.0,-1.0,-1.6,8.6,8.7,8.9,0.2,0.0,0.5,0.0,8.1,0.1,0.0,22.1,22.9,24.4,22.1,22.1,29.3,27.7,25.8,27.1,25.2,19.01,18.8,15.61,15.56,15.39,12.5,11.0,7.4,6.4,6.5,17.34,18.11,19.06,14.99,15.13
NYG,2024-09-30,46.71,47.57,60.86,57.57,49.29,-0.5,-0.2,-0.7,-0.5,-1.0,0.7,8.6,8.8,0.8,0.1,0.2,0.5,0.0,0.6,0.1,22.4,22.1,26.9,22.3,22.0,30.4,29.3,26.3,23.8,27.9,18.96,19.01,13.74,13.71,16.41,9.8,12.5,4.0,6.0,8.6,16.79,17.34,13.33,16.04,12.49
NYG,2024-10-07,58.57,46.71,46.43,56.71,41.71,1.3,-0.5,-0.7,7.0,-1.0,2.7,0.7,8.7,8.9,0.2,2.0,0.2,0.0,8.1,0.1,23.7,22.4,22.9,24.4,22.1,32.0,30.4,27.7,25.8,27.1,15.84,18.96,18.8,15.61,15.56,7.7,9.8,11.0,7.4,6.4,25.33,16.79,18.11,19.06,14.99
NYG,2024-10-14,52.71,58.57,47.57,60.86,57.57,-6.2,1.3,-0.2,-0.7,-0.5,3.1,2.7,8.6,8.8,0.8,0.4,2.0,0.5,0.0,0.6,22.7,23.7,22.1,26.9,22.3,26.5,32.0,29.3,26.3,23.8,16.86,15.84,19.01,13.74,13.71,9.3,7.7,12.5,4.0,6.0,17.69,25.33,17.34,13.33,16.04
NYG,2024-10-21,61.86,52.71,46.71,46.43,56.71,11.5,-6.2,-0.5,-0.7,7.0,20.7,3.1,0.7,8.7,8.9,18.1,0.4,0.2,0.0,8.1,30.0,22.7,22.4,22.9,24.4,27.7,26.5,30.4,27.7,25.8,17.3,16.86,18.96,18.8,15.61,9.7,9.3,9.8,11.0,7.4,18.3,17.69,16.79,18.11,19.06
NYG,2024-10-28,56.57,61.86,58.57,47.57,60.86,0.3,11.5,1.3,-0.2,-0.7,27.4,20.7,2.7,8.6,8.8,6.9,18.1,2.0,0.5,0.0,26.5,30.0,23.7,22.1,26.9,28.9,27.7,32.0,29.3,26.3,20.67,17.3,15.84,19.01,13.74,11.9,9.7,7.7,12.5,4.0,13.54,18.3,25.33,17.34,13.33
NYG,2024-11-04,66.29,56.57,52.71,46.71,46.43,6.4,0.3,-6.2,-0.5,-0.7,38.4,27.4,3.1,0.7,8.7,13.0,6.9,0.4,0.2,0.0,32.8,26.5,22.7,22.4,22.9,29.4,28.9,26.5,30.4,27.7,20.21,20.67,16.86,18.96,18.8,13.4,11.9,9.3,9.8,11.0,14.5,13.54,17.69,16.79,18.11
NYG,2024-11-11,63.29,66.29,61.86,58.57,47.57,-34.4,6.4,11.5,1.3,-0.2,41.5,38.4,20.7,2.7,8.6,3.5,13.0,18.1,2.0,0.5,31.1,32.8,30.0,23.7,22.1,29.2,29.4,27.7,32.0,29.3,20.34,20.21,17.3,15.84,19.01,13.2,13.4,9.7,7.7,12.5,14.61,14.5,18.3,25.33,17.34
NYG,2024-11-18,71.29,63.29,56.57,52.71,46.71,9.6,-34.4,0.3,-6.2,-0.5,70.9,41.5,27.4,3.1,0.7,47.5,3.5,6.9,0.4,0.2,39.2,31.1,26.5,22.7,22.4,29.7,29.2,28.9,26.5,30.4,18.97,20.34,20.67,16.86,18.96,12.4,13.2,11.9,9.3,9.8,15.89,14.61,13.54,17.69,16.79
NYG,2024-11-25,58.43,71.29,66.29,61.86,58.57,-32.1,9.6,6.4,11.5,1.3,69.8,70.9,38.4,20.7,2.7,5.8,47.5,13.0,18.1,2.0,33.4,39.2,32.8,30.0,23.7,27.9,29.7,29.4,27.7,32.0,20.14,18.97,20.21,17.3,15.84,12.6,12.4,13.4,9.7,7.7,16.14,15.89,14.5,18.3,25.33
NYG,2024-12-02,69.57,58.43,63.29,56.57,52.71,-21.4,-32.1,-34.4,0.3,-6.2,73.3,69.8,41.5,27.4,3.1,16.5,5.8,3.5,6.9,0.4,34.6,33.4,31.1,26.5,22.7,26.3,27.9,29.2,28.9,26.5,18.69,20.14,20.34,20.67,16.86,9.0,12.6,13.2,11.9,9.3,18.17,16.14,14.61,13.54,17.69
NYG,2024-12-09,48.0,69.57,71.29,66.29,61.86,-34.0,-21.4,9.6,6.4,11.5,70.3,73.3,70.9,38.4,20.7,0.5,16.5,47.5,13.0,18.1,28.2,34.6,39.2,32.8,30.0,30.8,26.3,29.7,29.4,27.7,20.91,18.69,18.97,20.21,17.3,10.5,9.0,12.4,13.4,9.7,15.6,18.17,15.89,14.5,18.3
NYG,2024-12-16,50.29,48.0,58.43,63.29,56.57,-34.1,-34.0,-32.1,-34.4,0.3,23.2,70.3,69.8,41.5,27.4,0.4,0.5,5.8,3.5,6.9,25.6,28.2,33.4,31.1,26.5,30.8,30.8,27.9,29.2,28.9,22.04,20.91,20.14,20.34,20.67,14.0,10.5,12.6,13.2,11.9,16.91,15.6,16.14,14.61,13.54
NYG,2024-12-23,69.0,50.29,69.57,71.29,66.29,-1.2,-34.1,-21.4,9.6,6.4,50.7,23.2,73.3,70.9,38.4,33.3,0.4,16.5,47.5,13.0,35.3,25.6,34.6,39.2,32.8,27.6,30.8,26.3,29.7,29.4,20.73,22.04,18.69,18.97,20.21,15.8,14.0,9.0,12.4,13.4,14.7,16.91,18.17,15.89,14.5
NYG,2024-12-30,69.14,69.0,48.0,58.43,63.29,-9.8,-1.2,-34.0,-32.1,-34.4,58.9,50.7,70.3,69.8,41.5,24.7,33.3,0.5,5.8,3.5,38.8,35.3,28.2,33.4,31.1,28.2,27.6,30.8,27.9,29.2,20.96,20.73,20.91,20.14,20.34,15.7,15.8,10.5,12.6,13.2,12.54,14.7,15.6,16.14,14.61
NYG,2025-01-06,83.86,69.14,50.29,69.57,71.29,17.4,-9.8,-34.1,-21.4,9.6,110.3,58.9,23.2,73.3,70.9,51.9,24.7,0.4,16.5,47.5,47.1,38.8,25.6,34.6,39.2,25.1,28.2,30.8,26.3,29.7,19.21,20.96,22.04,18.69,18.97,15.3,15.7,14.0,9.0,12.4,10.96,12.54,16.91,18.17,15.89
NYG,2025-01-13,84.57,83.86,69.0,48.0,58.43,14.2,17.4,-1.2,-34.0,-32.1,158.4,110.3,50.7,70.3,69.8,48.5,51.9,33.3,0.5,5.8,48.2,47.1,35.3,28.2,33.4,25.2,25.1,27.6,30.8,27.9,18.69,19.21,20.73,20.91,20.14,15.2,15.3,15.8,10.5,12.6,13.31,10.96,14.7,15.6,16.14
NYG,2025-01-20,77.71,84.57,69.14,50.29,69.57,13.4,14.2,-9.8,-34.1,-21.4,172.8,158.4,58.9,23.2,73.3,47.7,48.5,24.7,0.4,16.5,43.3,48.2,38.8,25.6,34.6,26.1,25.2,28.2,30.8,26.3,19.79,18.69,20.96,22.04,18.69,15.1,15.2,15.7,14.0,9.0,13.31,13.31,12.54,16.91,18.17
NYG,2025-01-27,81.43,77.71,83.86,69.0,48.0,6.0,13.4,17.4,-1.2,-34.0,188.4,172.8,110.3,50.7,70.3,40.3,47.7,51.9,33.3,0.5,47.9,43.3,47.1,35.3,28.2,24.2,26.1,25.1,27.6,30.8,18.77,19.79,19.21,20.73,20.91,14.1,15.1,15.3,15.8,10.5,13.66,13.31,10.96,14.7,15.6
NYG,2025-02-03,76.14,81.43,84.57,69.14,50.29,-10.3,6.0,14.2,-9.8,-34.1,160.5,188.4,158.4,58.9,23.2,24.0,40.3,48.5,24.7,0.4,43.0,47.9,48.2,38.8,25.6,26.3,24.2,25.2,28.2,30.8,18.81,18.77,18.69,20.96,22.04,12.5,14.1,15.2,15.7,14.0,12.5,13.66,13.31,12.54,16.91
NYG,2025-02-10,75.0,76.14,77.71,83.86,69.0,-3.8,-10.3,13.4,17.4,-1.2,144.9,160.5,172.8,110.3,50.7,32.9,24.0,47.7,51.9,33.3,36.5,43.0,43.3,47.1,35.3,26.2,26.3,26.1,25.1,27.6,18.91,18.81,19.79,19.21,20.73,13.1,12.5,15.1,15.3,15.8,14.91,12.5,13.31,10.96,14.7
NYG,2025-02-17,85.14,75.0,81.43,84.57,69.14,95.7,-3.8,6.0,14.2,-9.8,229.6,144.9,188.4,158.4,58.9,132.4,32.9,40.3,48.5,24.7,48.8,36.5,47.9,48.2,38.8,23.8,26.2,24.2,25.2,28.2,18.86,18.91,18.77,18.69,20.96,13.9,13.1,14.1,15.2,15.7,10.74,14.91,13.66,13.31,12.54
NYG,2025-02-24,86.29,85.14,76.14,77.71,83.86,24.2,95.7,-10.3,13.4,17.4,250.2,229.6,160.5,172.8,110.3,60.9,132.4,24.0,47.7,51.9,48.0,48.8,43.0,43.3,47.1,24.2,23.8,26.3,26.1,25.1,19.03,18.86,18.81,19.79,19.21,15.0,13.9,12.5,15.1,15.3,9.8,10.74,12.5,13.31,10.96
NYG,2025-03-03,83.0,86.29,75.0,81.43,84.57,11.1,24.2,-3.8,6.0,14.2,274.0,250.2,144.9,188.4,158.4,47.8,60.9,32.9,40.3,48.5,47.9,48.0,36.5,47.9,48.2,24.1,24.2,26.2,24.2,25.2,18.8,19.03,18.91,18.77,18.69,14.7,15.0,13.1,14.1,15.2,12.29,9.8,14.91,13.66,13.31
NYG,2025-03-10,77.43,83.0,85.14,76.14,77.71,-5.3,11.1,95.7,-10.3,13.4,253.6,274.0,229.6,160.5,172.8,12.5,47.8,132.4,24.0,47.7,41.8,47.9,48.8,43.0,43.3,25.3,24.1,23.8,26.3,26.1,18.96,18.8,18.86,18.81,19.79,13.9,14.7,13.9,12.5,15.1,10.94,12.29,10.74,12.5,13.31
NYG,2025-03-17,79.57,77.43,86.29,75.0,81.43,73.0,-5.3,24.2,-3.8,6.0,212.0,253.6,250.2,144.9,188.4,90.8,12.5,60.9,32.9,40.3,45.1,41.8,48.0,36.5,47.9,24.7,25.3,24.2,26.2,24.2,17.67,18.96,19.03,18.91,18.77,12.3,13.9,15.0,13.1,14.1,18.2,10.94,9.8,14.91,13.66
NYG,2025-03-24,76.43,79.57,83.0,85.14,76.14,-11.2,73.0,11.1,95.7,-10.3,157.7,212.0,274.0,229.6,160.5,6.6,90.8,47.8,132.4,24.0,39.2,45.1,47.9,48.8,43.0,24.2,24.7,24.1,23.8,26.3,17.46,17.67,18.8,18.86,18.81,10.9,12.3,14.7,13.9,12.5,13.34,18.2,12.29,10.74,12.5
NYG,2025-03-31,75.43,76.43,77.43,86.29,75.0,-12.7,-11.2,-5.3,24.2,-3.8,115.0,157.7,253.6,250.2,144.9,5.1,6.6,12.5,60.9,32.9,33.2,39.2,41.8,48.0,36.5,24.4,24.2,25.3,24.2,26.2,17.67,17.46,18.96,19.03,18.91,11.7,10.9,13.9,15.0,13.1,12.63,13.34,10.94,9.8,14.91
NYG,2025-04-07,72.86,75.43,79.57,83.0,85.14,-17.3,-12.7,73.0,11.1,95.7,103.0,115.0,212.0,274.0,229.6,0.5,5.1,90.8,47.8,132.4,31.8,33.2,45.1,47.9,48.8,24.1,24.4,24.7,24.1,23.8,18.21,17.67,17.67,18.8,18.86,12.8,11.7,12.3,14.7,13.9,14.93,12.63,18.2,12.29,10.74
NYG,2025-04-14,73.86,72.86,76.43,77.43,86.29,-4.2,-17.3,-11.2,-5.3,24.2,18.2,103.0,157.7,253.6,250.2,6.0,0.5,6.6,12.5,60.9,28.6,31.8,39.2,41.8,48.0,25.6,24.1,24.2,25.3,24.2,18.31,18.21,17.46,18.96,19.03,12.0,12.8,10.9,13.9,15.0,13.57,14.93,13.34,10.94,9.8
NYG,2025-04-21,81.57,73.86,75.43,79.57,83.0,46.4,-4.2,-12.7,73.0,11.1,68.2,18.2,115.0,212.0,274.0,56.6,6.0,5.1,90.8,47.8,38.4,28.6,33.2,45.1,47.9,23.3,25.6,24.4,24.7,24.1,16.74,18.31,17.67,17.67,18.8,12.5,12.0,11.7,12.3,14.7,13.64,13.57,12.63,18.2,12.29
NYG,2025-04-28,76.71,81.57,72.86,76.43,77.43,-5.5,46.4,-17.3,-11.2,-5.3,67.8,68.2,103.0,157.7,253.6,4.7,56.6,0.5,6.6,12.5,41.7,38.4,31.8,39.2,41.8,23.5,23.3,24.1,24.2,25.3,17.2,16.74,18.21,17.46,18.96,11.9,12.5,12.8,10.9,13.9,11.24,13.64,14.93,13.34,10.94
NYG,2025-05-05,75.0,76.71,73.86,75.43,79.57,-5.9,-5.5,-4.2,-12.7,73.0,71.6,67.8,18.2,115.0,212.0,4.3,4.7,6.0,5.1,90.8,37.0,41.7,28.6,33.2,45.1,23.1,23.5,25.6,24.4,24.7,16.31,17.2,18.31,17.67,17.67,10.3,11.9,12.0,11.7,12.3,15.33,11.24,13.57,12.63,18.2
NYG,2025-05-12,64.71,75.0,81.57,72.86,76.43,-0.4,-5.9,46.4,-17.3,-11.2,65.6,71.6,68.2,103.0,157.7,0.0,4.3,56.6,0.5,6.6,29.8,37.0,38.4,31.8,39.2,23.4,23.1,23.3,24.1,24.2,14.16,16.31,16.74,18.21,17.46,6.0,10.3,12.5,12.8,10.9,12.04,15.33,13.64,14.93,13.34
NYG,2025-05-19,70.43,64.71,76.71,73.86,75.43,0.8,-0.4,-5.5,-4.2,-12.7,10.1,65.6,67.8,18.2,115.0,1.1,0.0,4.7,6.0,5.1,26.7,29.8,41.7,28.6,33.2,22.2,23.4,23.5,25.6,24.4,14.53,14.16,17.2,18.31,17.67,7.7,6.0,11.9,12.0,11.7,17.89,12.04,11.24,13.57,12.63
NYG,2025-05-26,69.0,70.43,75.0,81.57,72.86,-0.2,0.8,-5.9,46.4,-17.3,5.5,10.1,71.6,68.2,103.0,0.1,1.1,4.3,56.6,0.5,24.3,26.7,37.0,38.4,31.8,24.4,22.2,23.1,23.3,24.1,14.26,14.53,16.31,16.74,18.21,9.2,7.7,10.3,12.5,12.8,20.51,17.89,15.33,13.64,14.93
NYG,2025-06-02,68.57,69.0,64.71,76.71,73.86,-0.2,-0.2,-0.4,-5.5,-4.2,1.3,5.5,65.6,67.8,18.2,0.1,0.1,0.0,4.7,6.0,23.9,24.3,29.8,41.7,28.6,19.5,24.4,23.4,23.5,25.6,12.71,14.26,14.16,17.2,18.31,6.1,9.2,6.0,11.9,12.0,11.97,20.51,12.04,11.24,13.57
NYG,2025-06-09,66.0,68.57,70.43,75.0,81.57,-1.5,-0.2,0.8,-5.9,46.4,1.3,1.3,10.1,71.6,68.2,0.0,0.1,1.1,4.3,56.6,27.9,23.9,26.7,37.0,38.4,19.6,19.5,22.2,23.1,23.3,12.9,12.71,14.53,16.31,16.74,7.0,6.1,7.7,10.3,12.5,12.63,11.97,17.89,15.33,13.64
NYG,2025-06-16,72.57,66.0,69.0,64.71,76.71,0.2,-1.5,-0.2,-0.4,-5.5,1.9,1.3,5.5,65.6,67.8,1.7,0.0,0.1,0.0,4.7,33.1,27.9,24.3,29.8,41.7,21.8,19.6,24.4,23.4,23.5,13.14,12.9,14.26,14.16,17.2,7.1,7.0,9.2,6.0,11.9,17.29,12.63,20.51,12.04,11.24
NYG,2025-06-23,65.14,72.57,68.57,70.43,75.0,-1.5,0.2,-0.2,0.8,-5.9,1.8,1.9,1.3,10.1,71.6,0.0,1.7,0.1,1.1,4.3,35.6,33.1,23.9,26.7,37.0,20.0,21.8,19.5,22.2,23.1,13.14,13.14,12.71,14.53,16.31,5.9,7.1,6.1,7.7,10.3,12.67,17.29,11.97,17.89,15.33
NYG,2025-06-30,66.14,65.14,66.0,69.0,64.71,-1.3,-1.5,-1.5,-0.2,-0.4,1.9,1.8,1.3,5.5,65.6,0.2,0.0,0.0,0.1,0.0,36.0,35.6,27.9,24.3,29.8,21.3,20.0,19.6,24.4,23.4,12.96,13.14,12.9,14.26,14.16,7.2,5.9,7.0,9.2,6.0,12.17,12.67,12.63,20.51,12.04
NYG,2025-07-07,65.29,66.14,72.57,68.57,70.43,2.8,-1.3,0.2,-0.2,0.8,6.2,1.9,1.9,1.3,10.1,4.3,0.2,1.7,0.1,1.1,39.3,36.0,33.1,23.9,26.7,21.0,21.3,21.8,19.5,22.2,13.16,12.96,13.14,12.71,14.53,7.7,7.2,7.1,6.1,7.7,13.21,12.17,17.29,11.97,17.89
NYG,2025-07-14,69.71,65.29,65.14,66.0,69.0,5.0,2.8,-1.5,-1.5,-0.2,11.1,6.2,1.8,1.3,5.5,6.6,4.3,0.0,0.0,0.1,41.5,39.3,35.6,27.9,24.3,20.3,21.0,20.0,19.6,24.4,11.64,13.16,13.14,12.9,14.26,6.2,7.7,5.9,7.0,9.2,17.3,13.21,12.67,12.63,20.51
NYG,2025-07-21,71.57,69.71,66.14,72.57,68.57,1.9,5.0,-1.3,0.2,-0.2,14.6,11.1,1.9,1.9,1.3,3.5,6.6,0.2,1.7,0.1,41.7,41.5,36.0,33.1,23.9,19.5,20.3,21.3,21.8,19.5,12.06,11.64,12.96,13.14,12.71,4.9,6.2,7.2,7.1,6.1,13.03,17.3,12.17,17.29,11.97
NYG,2025-07-28,67.71,71.57,65.29,65.14,66.0,-0.2,1.9,2.8,-1.5,-1.5,15.8,14.6,6.2,1.8,1.3,1.4,3.5,4.3,0.0,0.0,45.7,41.7,39.3,35.6,27.9,19.0,19.5,21.0,20.0,19.6,11.64,12.06,13.16,13.14,12.9,6.1,4.9,7.7,5.9,7.0,13.99,13.03,13.21,12.67,12.63
NYG,2025-08-04,67.86,67.71,69.71,66.14,72.57,1.6,-0.2,5.0,-1.3,0.2,14.7,15.8,11.1,1.9,1.9,3.2,1.4,6.6,0.2,1.7,45.7,45.7,41.5,36.0,33.1,20.2,19.0,20.3,21.3,21.8,9.8,11.64,11.64,12.96,13.14,3.6,6.1,6.2,7.2,7.1,16.26,13.99,17.3,12.17,17.29
NYG,2025-08-11,62.14,67.86,71.57,65.29,65.14,-1.1,1.6,1.9,2.8,-1.5,8.1,14.7,14.6,6.2,1.8,0.0,3.2,3.5,4.3,0.0,44.8,45.7,41.7,39.3,35.6,19.9,20.2,19.5,21.0,20.0,12.3,9.8,12.06,13.16,13.14,2.8,3.6,4.9,7.7,5.9,13.06,16.26,13.03,13.21,12.67
NYG,2025-08-18,64.86,62.14,67.71,69.71,66.14,-1.1,-1.1,-0.2,5.0,-1.3,4.6,8.1,15.8,11.1,1.9,0.0,0.0,1.4,6.6,0.2,43.5,44.8,45.7,41.5,36.0,21.2,19.9,19.0,20.3,21.3,12.66,12.3,11.64,11.64,12.96,6.1,2.8,6.1,6.2,7.2,17.26,13.06,13.99,17.3,12.17
NYG,2025-08-25,46.0,64.86,67.86,71.57,65.29,-1.1,-1.1,1.6,1.9,2.8,3.2,4.6,14.7,14.6,6.2,0.0,0.0,3.2,3.5,4.3,41.2,43.5,45.7,41.7,39.3,25.6,21.2,20.2,19.5,21.0,14.5,12.66,9.8,12.06,13.16,6.3,6.1,3.6,4.9,7.7,13.17,17.26,16.26,13.03,13.21
NYG,2025-09-01,39.43,46.0,62.14,67.71,69.71,-1.1,-1.1,-1.1,-0.2,5.0,0.0,3.2,8.1,15.8,11.1,0.0,0.0,0.0,1.4,6.6,35.9,41.2,44.8,45.7,41.5,25.1,25.6,19.9,19.0,20.3,16.1,14.5,12.3,11.64,11.64,9.2,6.3,2.8,6.1,6.2,13.36,13.17,13.06,13.99,17.3
NYG,2025-09-08,43.0,39.43,64.86,67.86,71.57,-0.7,-1.1,-1.1,1.6,1.9,0.0,0.0,4.6,14.7,14.6,0.0,0.0,0.0,3.2,3.5,31.2,35.9,43.5,45.7,41.7,26.0,25.1,21.2,20.2,19.5,17.17,16.1,12.66,9.8,12.06,9.1,9.2,6.1,3.6,4.9,17.34,13.36,17.26,16.26,13.03
NYG,2025-09-15,49.0,43.0,46.0,62.14,67.71,-0.4,-0.7,-1.1,-1.1,-0.2,0.3,0.0,3.2,8.1,15.8,0.3,0.0,0.0,0.0,1.4,28.3,31.2,41.2,44.8,45.7,25.3,26.0,25.6,19.9,19.0,17.26,17.17,14.5,12.3,11.64,10.9,9.1,6.3,2.8,6.1,16.29,17.34,13.17,13.06,13.99
NYG,2025-09-22,44.43,49.0,39.43,64.86,67.86,-0.7,-0.4,-1.1,-1.1,1.6,0.3,0.3,0.0,4.6,14.7,0.0,0.3,0.0,0.0,3.2,26.3,28.3,35.9,43.5,45.7,28.1,25.3,25.1,21.2,20.2,18.04,17.26,16.1,12.66,9.8,8.2,10.9,9.2,6.1,3.6,18.16,16.29,13.36,17.26,16.26
NYG,2025-09-29,55.71,44.43,43.0,46.0,62.14,0.8,-0.7,-0.7,-1.1,-1.1,1.8,0.3,0.0,3.2,8.1,1.5,0.0,0.0,0.0,0.0,26.5,26.3,31.2,41.2,44.8,28.2,28.1,26.0,25.6,19.9,18.74,18.04,17.17,14.5,12.3,10.3,8.2,9.1,6.3,2.8,15.13,18.16,17.34,13.17,13.06
NYG,2025-10-06,64.0,55.71,49.0,39.43,64.86,1.4,0.8,-0.4,-1.1,-1.1,3.9,1.8,0.3,0.0,4.6,2.1,1.5,0.3,0.0,0.0,28.0,26.5,28.3,35.9,43.5,27.8,28.2,25.3,25.1,21.2,16.46,18.74,17.26,16.1,12.66,7.1,10.3,10.9,9.2,6.1,17.9,15.13,16.29,13.36,17.26
NYG,2025-10-13,50.57,64.0,44.43,43.0,46.0,-6.1,1.4,-0.7,-0.7,-1.1,4.1,3.9,0.3,0.0,3.2,0.5,2.1,0.0,0.0,0.0,26.8,28.0,26.3,31.2,41.2,27.6,27.8,28.1,26.0,25.6,18.46,16.46,18.04,17.17,14.5,10.4,7.1,8.2,9.1,6.3,16.46,17.9,18.16,17.34,13.17
NYG,2025-10-20,57.0,50.57,55.71,49.0,39.43,-6.2,-6.1,0.8,-0.4,-1.1,4.5,4.1,1.8,0.3,0.0,0.4,0.5,1.5,0.3,0.0,25.2,26.8,26.5,28.3,35.9,27.5,27.6,28.2,25.3,25.1,19.34,18.46,18.74,17.26,16.1,13.2,10.4,10.3,10.9,9.2,15.77,16.46,15.13,16.29,13.36
NYG,2025-10-27,62.86,57.0,64.0,44.43,43.0,3.5,-6.2,1.4,-0.7,-0.7,13.1,4.5,3.9,0.3,0.0,10.1,0.4,2.1,0.0,0.0,27.8,25.2,28.0,26.3,31.2,27.2,27.5,27.8,28.1,26.0,18.11,19.34,16.46,18.04,17.17,12.0,13.2,7.1,8.2,9.1,17.63,15.77,17.9,18.16,17.34
NYG,2025-11-03,56.0,62.86,50.57,55.71,49.0,-3.2,3.5,-6.1,0.8,-0.4,14.4,13.1,4.1,1.8,0.3,3.4,10.1,0.5,1.5,0.3,26.9,27.8,26.8,26.5,28.3,28.1,27.2,27.6,28.2,25.3,20.51,18.11,18.46,18.74,17.26,13.6,12.0,10.4,10.3,10.9,19.46,17.63,16.46,15.13,16.29
NYG,2025-11-10,78.14,56.0,57.0,64.0,44.43,34.9,-3.2,-6.2,1.4,-0.7,86.7,14.4,4.5,3.9,0.3,72.8,3.4,0.4,2.1,0.0,48.6,26.9,25.2,28.0,26.3,24.8,28.1,27.5,27.8,28.1,17.56,20.51,19.34,16.46,18.04,13.3,13.6,13.2,7.1,8.2,19.86,19.46,15.77,17.9,18.16
NYG,2025-11-17,80.43,78.14,62.86,50.57,55.71,27.3,34.9,3.5,-6.1,0.8,151.5,86.7,13.1,4.1,1.8,65.2,72.8,10.1,0.5,1.5,48.6,48.6,27.8,26.8,26.5,24.1,24.8,27.2,27.6,28.2,17.79,17.56,18.11,18.46,18.74,13.6,13.3,12.0,10.4,10.3,13.49,19.86,17.63,16.46,15.13
NYG,2025-11-24,82.14,80.43,56.0,57.0,64.0,23.8,27.3,-3.2,-6.2,1.4,203.1,151.5,14.4,4.5,3.9,61.7,65.2,3.4,0.4,2.1,48.7,48.6,26.9,25.2,28.0,22.9,24.1,28.1,27.5,27.8,16.59,17.79,20.51,19.34,16.46,10.9,13.6,13.6,13.2,7.1,10.94,13.49,19.46,15.77,17.9
NYG,2025-12-01,74.0,82.14,78.14,62.86,50.57,-7.7,23.8,34.9,3.5,-6.1,229.9,203.1,86.7,13.1,4.1,30.2,61.7,72.8,10.1,0.5,44.2,48.7,48.6,27.8,26.8,24.6,22.9,24.8,27.2,27.6,19.07,16.59,17.56,18.11,18.46,14.5,10.9,13.3,12.0,10.4,12.7,10.94,19.86,17.63,16.46
NYG,2025-12-08,81.0,74.0,80.43,56.0,57.0,36.7,-7.7,27.3,-3.2,-6.2,228.3,229.9,151.5,14.4,4.5,71.2,30.2,65.2,3.4,0.4,48.8,44.2,48.6,26.9,25.2,23.3,24.6,24.1,28.1,27.5,17.7,19.07,17.79,20.51,19.34,14.6,14.5,13.6,13.6,13.2,12.6,12.7,13.49,19.46,15.77
NYG,2025-12-15,77.14,81.0,82.14,78.14,62.86,-6.0,36.7,23.8,34.9,3.5,191.6,228.3,203.1,86.7,13.1,28.5,71.2,61.7,72.8,10.1,46.4,48.8,48.7,48.6,27.8,24.2,23.3,22.9,24.8,27.2,17.77,17.7,16.59,17.56,18.11,11.1,14.6,10.9,13.3,12.0,14.61,12.6,10.94,19.86,17.63
NYG,2025-12-22,82.71,77.14,74.0,80.43,56.0,39.0,-6.0,-7.7,27.3,-3.2,203.4,191.6,229.9,151.5,14.4,73.5,28.5,30.2,65.2,3.4,44.1,46.4,44.2,48.6,26.9,23.7,24.2,24.6,24.1,28.1,18.24,17.77,19.07,17.79,20.51,13.6,11.1,14.5,13.6,13.6,11.1,14.61,12.7,13.49,19.46
NYG,2025-12-29,85.71,82.71,81.0,82.14,78.14,23.1,39.0,36.7,23.8,34.9,230.8,203.4,228.3,203.1,86.7,57.6,73.5,71.2,61.7,72.8,49.4,44.1,48.8,48.7,48.6,23.9,23.7,23.3,22.9,24.8,18.23,18.24,17.7,16.59,17.56,14.4,13.6,14.6,10.9,13.3,12.96,11.1,12.6,10.94,19.86
