district_id,week_start,rainfall_mm,rainfall_anomaly_mm,rainfall_cum4wk_mm,temp_max_c,temp_min_c,temp_mean_c,humidity_pct,soil_moisture_pct,wind_speed_kmh
MZB,2024-01-01,48.5,-13.9,,31.4,22.1,26.47142857142857,74.42857142857143,36.1,9.6
MZB,2024-01-08,129.0,66.6,,31.8,22.4,25.45714285714286,82.71428571428571,37.5,11.314285714285715
MZB,2024-01-15,54.5,-7.9,,30.3,20.8,24.87142857142857,83.0,39.4,10.942857142857141
MZB,2024-01-22,7.1,-55.3,239.1,31.7,20.4,25.97142857142857,67.85714285714286,25.3,9.700000000000001
MZB,2024-01-29,5.3,-57.1,195.9,33.5,21.0,27.32857142857143,60.42857142857143,15.5,9.728571428571428
MZB,2024-02-05,7.0,-19.6,73.9,35.5,21.8,28.97142857142857,57.42857142857143,19.0,12.257142857142858
MZB,2024-02-12,0.7,-25.9,20.1,37.9,21.4,28.957142857142856,53.42857142857143,13.2,10.942857142857141
MZB,2024-02-19,1.0,-25.6,14.0,36.7,21.9,29.814285714285713,48.285714285714285,11.2,15.1
MZB,2024-02-26,5.0,-21.6,13.7,35.5,20.8,27.900000000000002,56.714285714285715,12.4,13.5
MZB,2024-03-04,5.3,-0.7,12.0,37.7,23.9,30.5,52.57142857142857,11.9,11.471428571428572
MZB,2024-03-11,4.9,-1.1,16.2,35.6,23.8,29.52857142857143,59.0,12.1,11.728571428571428
MZB,2024-03-18,0.0,-6.0,15.2,36.3,20.3,28.757142857142856,46.714285714285715,12.0,15.585714285714287
MZB,2024-03-25,2.4,-3.6,12.6,36.4,22.1,29.37142857142857,47.857142857142854,11.1,15.314285714285715
MZB,2024-04-01,5.3999999999999995,-3.8,12.7,37.6,21.2,29.557142857142857,47.42857142857143,11.3,15.057142857142859
MZB,2024-04-08,43.800000000000004,34.6,51.6,37.1,20.9,26.857142857142858,59.57142857142857,17.4,16.314285714285713
MZB,2024-04-15,1.0,-8.2,52.6,33.8,18.4,26.2,53.0,13.5,15.700000000000001
MZB,2024-04-22,0.0,-9.2,50.2,35.8,17.6,26.342857142857145,41.857142857142854,10.9,14.200000000000001
MZB,2024-04-29,0.0,-9.2,44.8,34.4,15.3,25.085714285714285,43.0,10.9,15.27142857142857
MZB,2024-05-06,0.0,0.0,1.0,34.9,17.1,26.599999999999998,42.0,10.9,15.5
MZB,2024-05-13,0.0,0.0,0.0,32.8,16.3,24.62857142857143,46.42857142857143,10.9,14.671428571428573
MZB,2024-05-20,0.0,0.0,0.0,32.0,16.2,23.842857142857145,50.285714285714285,11.0,17.2
MZB,2024-05-27,0.0,0.0,0.0,33.1,14.2,23.114285714285717,43.285714285714285,10.9,14.328571428571427
MZB,2024-06-03,0.0,-0.1,0.0,34.9,15.5,25.614285714285717,34.57142857142857,10.9,14.857142857142858
MZB,2024-06-10,0.0,-0.1,0.0,28.3,11.3,20.385714285714283,45.714285714285715,10.9,16.314285714285713
MZB,2024-06-17,0.0,-0.1,0.0,31.2,13.7,22.02857142857143,42.857142857142854,10.9,14.914285714285715
MZB,2024-06-24,0.5,0.4,0.5,30.0,14.1,21.74285714285714,50.714285714285715,11.0,17.47142857142857
MZB,2024-07-01,0.0,0.0,0.5,31.2,13.2,22.25714285714286,37.142857142857146,11.0,11.928571428571429
MZB,2024-07-08,0.0,0.0,0.5,32.8,11.7,21.8,32.285714285714285,10.9,11.342857142857143
MZB,2024-07-15,0.0,0.0,0.5,32.0,13.7,22.900000000000002,34.285714285714285,10.9,11.814285714285715
MZB,2024-07-22,0.0,0.0,0.0,32.6,13.9,23.771428571428572,28.142857142857142,10.9,11.742857142857144
MZB,2024-07-29,0.0,0.0,0.0,33.9,13.1,23.685714285714287,34.857142857142854,10.9,15.842857142857143
MZB,2024-08-05,0.0,0.0,0.0,33.8,11.6,24.271428571428572,34.285714285714285,10.9,15.599999999999998
MZB,2024-08-12,0.0,0.0,0.0,35.8,14.4,24.7,33.0,10.9,16.857142857142858
MZB,2024-08-19,0.0,0.0,0.0,32.3,14.5,23.585714285714285,38.42857142857143,10.9,16.814285714285713
MZB,2024-08-26,0.0,0.0,0.0,36.2,15.3,26.071428571428573,35.142857142857146,10.7,15.6
MZB,2024-09-02,0.0,-0.7,0.0,34.7,13.4,24.142857142857142,36.57142857142857,10.3,18.142857142857142
MZB,2024-09-09,0.0,-0.7,0.0,38.4,18.8,28.728571428571428,32.285714285714285,10.3,18.0
MZB,2024-09-16,0.0,-0.7,0.0,39.0,21.7,29.814285714285713,26.857142857142858,10.3,19.928571428571427
MZB,2024-09-23,0.0,-0.7,0.0,39.1,18.4,28.17142857142857,32.714285714285715,10.3,16.857142857142858
MZB,2024-09-30,0.0,-0.7,0.0,40.9,16.1,27.442857142857143,34.42857142857143,10.3,21.642857142857142
MZB,2024-10-07,0.0,-3.0,0.0,37.7,17.1,27.928571428571427,30.0,10.3,18.485714285714288
MZB,2024-10-14,5.5,2.5,5.5,38.1,18.2,27.614285714285717,40.714285714285715,11.4,17.214285714285715
MZB,2024-10-21,0.0,-3.0,5.5,40.1,20.8,32.457142857142856,30.428571428571427,10.9,17.67142857142857
MZB,2024-10-28,18.5,15.5,24.0,38.2,22.9,29.8,50.57142857142857,15.8,16.428571428571427
MZB,2024-11-04,0.1,-17.5,24.1,41.6,24.0,32.24285714285714,35.42857142857143,11.3,19.3
MZB,2024-11-11,24.0,6.4,42.6,39.8,21.6,29.97142857142857,47.42857142857143,19.9,19.685714285714287
MZB,2024-11-18,0.6,-17.0,43.2,39.6,24.4,31.928571428571427,35.714285714285715,15.7,17.87142857142857
MZB,2024-11-25,12.3,-5.3,37.0,37.0,21.1,29.314285714285713,51.57142857142857,22.3,16.4
MZB,2024-12-02,0.2,-39.3,37.1,40.3,19.9,31.314285714285713,32.42857142857143,15.7,16.414285714285715
MZB,2024-12-09,0.0,-39.5,13.1,40.9,23.0,32.67142857142857,34.42857142857143,15.1,17.728571428571428
MZB,2024-12-16,26.9,-12.6,39.4,40.1,23.7,31.785714285714285,44.42857142857143,18.0,17.95714285714286
MZB,2024-12-23,5.8,-33.7,32.9,40.9,25.8,32.628571428571426,40.857142857142854,15.9,18.2
MZB,2024-12-30,124.8,85.3,157.5,33.8,21.6,26.142857142857142,80.0,34.1,13.114285714285714
MZB,2025-01-06,72.9,10.5,230.4,32.3,21.8,25.771428571428572,81.0,39.1,9.614285714285714
MZB,2025-01-13,36.699999999999996,-25.7,240.2,33.5,21.6,27.12857142857143,73.85714285714286,30.4,10.642857142857142
MZB,2025-01-20,120.5,58.1,354.9,30.3,21.5,24.885714285714283,86.28571428571429,38.5,9.157142857142857
MZB,2025-01-27,87.2,24.8,317.3,30.9,21.7,24.928571428571427,83.85714285714286,38.0,8.9
MZB,2025-02-03,37.0,10.4,281.4,32.0,20.5,26.32857142857143,73.42857142857143,26.0,10.62857142857143
MZB,2025-02-10,58.5,31.9,303.2,32.6,22.0,26.185714285714287,80.14285714285714,28.8,10.785714285714286
MZB,2025-02-17,58.9,32.3,241.6,30.9,22.1,25.8,82.42857142857143,33.3,9.485714285714286
MZB,2025-02-24,44.7,18.1,199.1,31.2,21.2,25.32857142857143,84.42857142857143,38.4,12.614285714285714
MZB,2025-03-03,10.899999999999999,4.9,173.0,32.3,20.9,26.11428571428571,73.71428571428571,28.1,11.171428571428573
MZB,2025-03-10,23.299999999999997,17.3,137.8,33.6,21.2,25.900000000000002,74.0,21.9,10.342857142857143
MZB,2025-03-17,6.5,0.5,85.4,31.5,18.9,25.357142857142858,67.85714285714286,18.3,10.571428571428571
MZB,2025-03-24,0.1,-5.9,40.8,32.7,19.2,26.114285714285717,61.285714285714285,17.2,12.214285714285714
MZB,2025-03-31,0.3,-5.7,30.2,33.9,19.7,27.057142857142857,57.142857142857146,14.9,14.7
MZB,2025-04-07,10.8,1.6,17.7,34.1,20.0,26.614285714285717,62.42857142857143,18.2,12.328571428571427
MZB,2025-04-14,20.7,11.5,31.9,31.7,19.7,24.74285714285714,72.42857142857143,24.6,15.485714285714286
MZB,2025-04-21,0.0,-9.2,31.8,32.0,19.1,25.0,63.142857142857146,18.7,13.37142857142857
MZB,2025-04-28,1.1,-8.1,32.6,34.0,19.7,25.7,60.142857142857146,16.6,10.62857142857143
MZB,2025-05-05,0.0,0.0,21.8,31.0,13.6,21.885714285714283,60.714285714285715,17.2,9.77142857142857
MZB,2025-05-12,0.0,0.0,1.1,31.8,14.7,23.114285714285717,57.142857142857146,16.0,13.4
MZB,2025-05-19,0.0,0.0,1.1,33.5,14.6,23.428571428571427,54.42857142857143,15.3,15.071428571428571
MZB,2025-05-26,0.0,0.0,0.0,29.5,13.6,21.67142857142857,53.857142857142854,14.0,11.657142857142857
MZB,2025-06-02,0.0,-0.1,0.0,30.4,12.8,21.642857142857142,50.0,13.7,10.6
MZB,2025-06-09,0.0,-0.1,0.0,32.6,13.0,22.7,48.57142857142857,13.7,15.542857142857143
MZB,2025-06-16,0.0,-0.1,0.0,31.8,14.0,22.014285714285712,49.0,13.7,12.028571428571428
MZB,2025-06-23,0.0,-0.1,0.0,31.1,11.4,21.271428571428572,51.857142857142854,13.7,12.785714285714286
MZB,2025-06-30,0.0,-0.1,0.0,30.4,13.6,21.557142857142857,51.285714285714285,14.3,14.37142857142857
MZB,2025-07-07,0.0,0.0,0.0,28.7,10.9,20.357142857142858,50.285714285714285,15.3,16.542857142857144
MZB,2025-07-14,0.0,0.0,0.0,29.0,13.5,21.285714285714285,48.142857142857146,14.0,14.314285714285715
MZB,2025-07-21,0.0,0.0,0.0,29.5,12.6,20.728571428571428,48.57142857142857,13.7,16.585714285714285
MZB,2025-07-28,0.0,0.0,0.0,29.5,10.6,19.385714285714283,47.42857142857143,13.8,19.24285714285714
MZB,2025-08-04,0.0,0.0,0.0,30.4,10.5,21.17142857142857,43.42857142857143,13.7,12.557142857142859
MZB,2025-08-11,0.0,0.0,0.0,31.1,13.5,22.599999999999998,40.285714285714285,13.8,16.271428571428572
MZB,2025-08-18,0.0,0.0,0.0,34.0,14.2,23.02857142857143,38.285714285714285,13.8,13.228571428571428
MZB,2025-08-25,0.0,0.0,0.0,34.6,14.9,25.385714285714283,27.571428571428573,13.8,19.2
MZB,2025-09-01,0.0,-0.7,0.0,35.6,14.8,25.357142857142858,32.142857142857146,13.9,17.17142857142857
MZB,2025-09-08,0.2,-0.5,0.2,35.5,18.3,27.24285714285714,34.142857142857146,13.6,17.342857142857145
MZB,2025-09-15,0.0,-0.7,0.2,37.4,17.6,28.071428571428573,31.428571428571427,13.9,18.428571428571427
MZB,2025-09-22,0.0,-0.7,0.2,37.2,18.6,28.0,38.0,13.8,18.071428571428573
MZB,2025-09-29,7.0,6.3,7.2,38.0,17.0,26.728571428571428,42.285714285714285,14.6,18.271428571428572
MZB,2025-10-06,0.0,-3.0,7.0,37.5,17.7,29.157142857142855,32.714285714285715,11.9,18.571428571428573
MZB,2025-10-13,0.0,-3.0,7.0,38.9,22.3,30.914285714285715,31.428571428571427,11.4,21.414285714285715
MZB,2025-10-20,0.0,-3.0,7.0,38.9,21.8,29.042857142857144,37.42857142857143,11.5,17.4
MZB,2025-10-27,0.0,-3.0,0.0,40.0,23.9,32.528571428571425,29.857142857142858,11.7,20.714285714285715
MZB,2025-11-03,0.3,-17.3,0.3,36.9,24.0,30.5,41.57142857142857,11.5,20.74285714285714
MZB,2025-11-10,51.5,33.9,51.8,34.7,22.0,27.014285714285712,62.142857142857146,25.7,16.37142857142857
MZB,2025-11-17,44.1,26.5,95.9,33.7,18.4,25.714285714285715,66.85714285714286,29.9,14.357142857142858
MZB,2025-11-24,7.7,-9.9,103.6,38.3,23.7,30.671428571428574,47.0,13.0,15.87142857142857
MZB,2025-12-01,31.6,-7.9,134.9,35.1,22.7,27.814285714285713,60.57142857142857,18.8,15.957142857142857
MZB,2025-12-08,15.8,-23.7,99.2,35.6,22.2,27.8,61.142857142857146,23.1,14.37142857142857
MZB,2025-12-15,52.5,13.0,107.6,34.8,22.0,27.557142857142857,65.57142857142857,27.9,12.77142857142857
MZB,2025-12-22,134.0,94.5,233.9,31.0,21.6,24.985714285714288,83.57142857142857,38.2,11.6
MZB,2025-12-29,3.2,-36.3,205.5,30.4,21.1,25.53333333333333,71.0,28.3,14.366666666666667
MBR,2024-01-01,53.4,-9.3,,32.2,21.9,26.214285714285715,76.71428571428571,34.8,14.185714285714285
MBR,2024-01-08,122.0,59.3,,31.0,22.0,25.342857142857145,83.85714285714286,38.4,13.785714285714286
MBR,2024-01-15,67.2,4.5,,30.7,20.6,24.87142857142857,82.57142857142857,39.5,13.785714285714286
MBR,2024-01-22,1.0,-61.7,243.6,31.6,20.7,25.642857142857142,70.28571428571429,24.6,14.171428571428573
MBR,2024-01-29,7.5,-55.2,197.7,33.4,21.8,27.24285714285714,61.42857142857143,14.4,17.585714285714285
MBR,2024-02-05,4.6000000000000005,-21.4,80.3,37.8,23.4,29.97142857142857,53.142857142857146,12.3,14.728571428571428
MBR,2024-02-12,1.2,-24.8,14.3,38.0,23.4,29.657142857142855,51.285714285714285,11.9,15.142857142857142
MBR,2024-02-19,1.6,-24.4,14.9,36.4,24.6,30.5,47.42857142857143,11.2,17.185714285714287
MBR,2024-02-26,5.2,-20.8,12.6,36.7,21.7,27.842857142857145,58.0,13.3,17.614285714285717
MBR,2024-03-04,15.799999999999999,10.1,23.8,38.1,24.5,30.24285714285714,56.57142857142857,13.4,14.0
MBR,2024-03-11,8.9,3.2,31.5,36.1,23.9,29.37142857142857,62.285714285714285,14.2,17.085714285714285
MBR,2024-03-18,0.5,-5.2,30.4,35.2,22.4,28.571428571428573,48.57142857142857,12.8,20.771428571428572
MBR,2024-03-25,0.2,-5.5,25.4,35.1,23.5,28.87142857142857,52.142857142857146,11.2,21.571428571428573
MBR,2024-04-01,2.1,-4.4,11.7,36.6,23.2,29.400000000000002,50.857142857142854,11.3,20.599999999999998
MBR,2024-04-08,20.900000000000002,14.4,23.7,38.2,21.4,27.042857142857144,58.142857142857146,12.5,22.2
MBR,2024-04-15,0.0,-6.5,23.2,33.2,20.7,26.685714285714287,52.285714285714285,11.2,20.685714285714287
MBR,2024-04-22,0.1,-6.4,23.1,33.8,19.4,26.47142857142857,44.42857142857143,10.9,18.74285714285714
MBR,2024-04-29,0.0,-6.5,21.0,33.0,18.2,25.342857142857145,45.714285714285715,10.9,18.785714285714285
MBR,2024-05-06,0.0,-0.2,0.1,33.8,20.5,26.67142857142857,44.714285714285715,10.9,19.085714285714285
MBR,2024-05-13,0.2,0.0,0.3,31.5,18.6,24.928571428571427,50.142857142857146,10.9,19.271428571428572
MBR,2024-05-20,0.1,-0.1,0.3,29.8,17.9,23.814285714285713,54.142857142857146,11.0,21.057142857142857
MBR,2024-05-27,0.0,-0.2,0.3,32.8,14.6,22.97142857142857,45.857142857142854,10.9,17.32857142857143
MBR,2024-06-03,0.0,-0.4,0.3,35.3,17.7,25.87142857142857,36.857142857142854,10.9,17.685714285714287
MBR,2024-06-10,0.4,-0.0,0.5,27.8,11.8,20.514285714285712,49.57142857142857,10.9,18.8
MBR,2024-06-17,0.2,-0.2,0.6,30.3,13.4,22.0,48.0,11.1,19.728571428571428
MBR,2024-06-24,3.1,2.7,3.7,27.9,15.1,21.428571428571427,59.0,11.9,22.042857142857144
MBR,2024-07-01,0.2,-0.0,3.9,32.2,14.2,22.271428571428572,41.285714285714285,11.2,15.12857142857143
MBR,2024-07-08,0.0,-0.2,3.5,32.4,11.6,21.942857142857143,36.57142857142857,10.9,13.771428571428572
MBR,2024-07-15,0.0,-0.2,3.3,31.7,14.2,22.8,36.57142857142857,10.9,13.87142857142857
MBR,2024-07-22,0.0,-0.2,0.2,33.5,14.8,23.585714285714285,31.285714285714285,10.9,14.385714285714286
MBR,2024-07-29,0.0,-0.2,0.0,34.4,15.2,23.728571428571428,38.42857142857143,10.9,19.3
MBR,2024-08-05,0.0,-0.0,0.0,33.6,15.7,24.285714285714285,38.285714285714285,10.9,15.9
MBR,2024-08-12,0.0,-0.0,0.0,35.1,16.3,25.2,35.714285714285715,10.9,20.728571428571428
MBR,2024-08-19,0.0,-0.0,0.0,31.3,16.9,23.75714285714286,41.714285714285715,10.9,21.542857142857144
MBR,2024-08-26,0.0,-0.0,0.0,36.9,16.5,25.914285714285715,36.857142857142854,10.9,20.214285714285715
MBR,2024-09-02,0.0,-0.2,0.0,34.4,16.6,24.428571428571427,39.285714285714285,11.0,20.657142857142855
MBR,2024-09-09,0.0,-0.2,0.0,38.0,21.8,28.942857142857143,34.42857142857143,10.9,21.942857142857143
MBR,2024-09-16,0.0,-0.2,0.0,38.7,20.8,29.928571428571427,28.142857142857142,10.8,23.442857142857147
MBR,2024-09-23,0.0,-0.2,0.0,39.1,18.9,28.2,33.857142857142854,10.8,20.114285714285717
MBR,2024-09-30,0.4,0.2,0.4,41.4,18.0,26.97142857142857,37.57142857142857,11.0,26.02857142857143
MBR,2024-10-07,0.0,-2.2,0.4,36.6,17.9,27.728571428571428,34.42857142857143,10.9,21.25714285714286
MBR,2024-10-14,11.1,8.9,11.5,37.5,17.5,27.67142857142857,42.714285714285715,12.0,18.7
MBR,2024-10-21,0.0,-2.2,11.5,40.7,24.6,32.714285714285715,30.0,11.0,19.814285714285713
MBR,2024-10-28,6.6,4.4,17.7,38.6,23.3,30.342857142857145,48.57142857142857,12.6,21.12857142857143
MBR,2024-11-04,0.8,-16.8,18.5,40.9,25.9,32.385714285714286,36.42857142857143,11.0,23.02857142857143
MBR,2024-11-11,25.7,8.1,33.1,40.6,22.7,29.97142857142857,48.285714285714285,9.1,25.4
MBR,2024-11-18,2.0,-15.6,35.1,39.5,25.6,32.285714285714285,38.142857142857146,5.8,23.75714285714286
MBR,2024-11-25,9.8,-7.8,38.3,37.0,22.1,29.52857142857143,51.857142857142854,7.1,23.342857142857145
MBR,2024-12-02,0.5,-44.9,38.0,40.2,22.3,32.32857142857143,29.857142857142858,4.4,20.97142857142857
MBR,2024-12-09,0.3,-45.1,12.6,42.4,26.3,33.457142857142856,34.142857142857146,5.5,24.428571428571427
MBR,2024-12-16,38.0,-7.4,48.6,38.9,23.0,31.228571428571428,50.42857142857143,12.9,22.771428571428572
MBR,2024-12-23,12.7,-32.7,51.5,40.1,26.3,32.91428571428572,41.57142857142857,6.6,24.2
MBR,2024-12-30,161.4,116.0,212.4,32.4,22.3,25.75714285714286,82.85714285714286,34.6,13.928571428571429
MBR,2025-01-06,101.3,38.6,313.4,32.3,22.2,25.571428571428573,85.57142857142857,39.8,12.514285714285714
MBR,2025-01-13,65.4,2.7,340.8,33.1,22.4,26.97142857142857,79.0,28.4,14.671428571428569
MBR,2025-01-20,77.8,15.1,405.9,30.9,21.8,25.142857142857142,85.71428571428571,38.0,13.185714285714285
MBR,2025-01-27,68.3,5.6,312.8,31.0,21.0,24.928571428571427,85.71428571428571,37.4,13.1
MBR,2025-02-03,13.2,-12.8,224.7,32.4,21.1,26.185714285714287,77.57142857142857,22.9,16.5
MBR,2025-02-10,64.39999999999999,38.4,223.7,32.6,22.6,25.928571428571427,84.42857142857143,26.4,15.528571428571428
MBR,2025-02-17,73.2,47.2,219.1,31.3,21.8,25.842857142857145,85.85714285714286,34.0,13.928571428571429
MBR,2025-02-24,44.6,18.6,195.4,31.0,21.9,25.8,85.0,34.6,19.085714285714285
MBR,2025-03-03,3.4,-2.3,185.6,31.4,22.0,26.25714285714286,78.85714285714286,20.4,19.057142857142857
MBR,2025-03-10,4.2,-1.5,125.4,33.0,22.5,26.400000000000002,75.14285714285714,11.5,17.285714285714285
MBR,2025-03-17,10.7,5.0,62.9,32.1,20.6,25.814285714285713,68.85714285714286,9.2,21.342857142857145
MBR,2025-03-24,5.9,0.2,24.2,32.3,21.3,26.7,63.0,8.4,20.014285714285712
MBR,2025-03-31,1.4000000000000001,-4.3,22.2,33.1,21.6,27.357142857142858,60.142857142857146,6.6,24.3
MBR,2025-04-07,16.2,9.7,34.2,35.3,21.3,27.5,60.57142857142857,7.9,21.442857142857143
MBR,2025-04-14,18.299999999999997,11.8,41.8,32.1,19.5,24.599999999999998,75.85714285714286,13.6,23.214285714285715
MBR,2025-04-21,0.5,-6.0,36.4,30.2,19.6,24.771428571428572,69.0,8.9,22.457142857142856
MBR,2025-04-28,0.5,-6.0,35.5,34.5,20.5,26.32857142857143,60.42857142857143,6.1,20.02857142857143
MBR,2025-05-05,0.0,-0.2,19.3,30.4,16.2,22.928571428571427,58.857142857142854,6.2,19.471428571428568
MBR,2025-05-12,0.0,-0.2,1.0,32.8,17.1,23.657142857142855,57.714285714285715,5.8,24.47142857142857
MBR,2025-05-19,0.0,-0.2,0.5,33.6,17.8,24.25714285714286,55.142857142857146,6.0,23.87142857142857
MBR,2025-05-26,1.0,0.8,1.0,28.9,16.4,22.114285714285717,60.142857142857146,6.1,21.47142857142857
MBR,2025-06-02,0.0,-0.4,1.0,30.0,15.8,22.5,54.0,6.1,18.3
MBR,2025-06-09,0.0,-0.4,1.0,32.3,16.4,23.3,50.285714285714285,5.9,24.585714285714285
MBR,2025-06-16,0.1,-0.3,1.1,30.0,15.7,22.62857142857143,54.57142857142857,6.0,17.1
MBR,2025-06-23,0.0,-0.4,0.1,30.9,14.9,22.12857142857143,51.57142857142857,5.9,19.657142857142855
MBR,2025-06-30,0.0,-0.4,0.1,30.2,15.5,22.2,53.0,5.8,21.285714285714285
MBR,2025-07-07,0.1,-0.1,0.2,29.4,13.5,21.157142857142855,52.57142857142857,5.5,24.12857142857143
MBR,2025-07-14,1.4,1.2,1.5,28.2,14.9,21.685714285714287,52.57142857142857,6.1,22.37142857142857
MBR,2025-07-21,0.4,0.2,1.9,28.4,14.9,21.085714285714285,51.714285714285715,6.0,22.071428571428573
MBR,2025-07-28,0.0,-0.2,1.9,27.7,12.3,19.97142857142857,50.42857142857143,5.9,27.614285714285717
MBR,2025-08-04,0.0,-0.0,1.8,30.3,12.8,21.75714285714286,44.714285714285715,5.9,17.885714285714283
MBR,2025-08-11,0.1,0.1,0.5,30.3,16.2,23.157142857142855,42.285714285714285,5.9,23.771428571428572
MBR,2025-08-18,0.0,-0.0,0.1,33.5,16.6,24.2,39.0,5.9,18.7
MBR,2025-08-25,0.0,-0.0,0.1,34.3,19.1,26.514285714285712,29.857142857142858,5.9,25.342857142857145
MBR,2025-09-01,0.0,-0.2,0.1,34.9,18.4,26.614285714285717,35.0,5.9,21.071428571428573
MBR,2025-09-08,0.0,-0.2,0.0,34.6,20.4,28.071428571428573,35.0,5.8,24.357142857142858
MBR,2025-09-15,0.0,-0.2,0.0,38.5,19.4,28.5,33.714285714285715,5.9,25.6
MBR,2025-09-22,0.0,-0.2,0.0,36.7,21.2,28.87142857142857,38.285714285714285,5.7,26.457142857142856
MBR,2025-09-29,1.1,1.0,1.1,38.4,19.4,27.12857142857143,42.142857142857146,5.5,29.67142857142857
MBR,2025-10-06,0.0,-2.2,1.1,37.4,19.4,29.599999999999998,34.142857142857146,4.2,25.957142857142856
MBR,2025-10-13,0.0,-2.2,1.1,38.0,23.5,31.085714285714285,33.42857142857143,5.7,27.82857142857143
MBR,2025-10-20,0.0,-2.2,1.1,39.9,20.9,29.12857142857143,38.714285714285715,5.7,28.657142857142855
MBR,2025-10-27,0.1,-2.1,0.1,40.1,26.0,32.72857142857143,31.428571428571427,4.8,28.3
MBR,2025-11-03,0.3,-17.3,0.4,36.5,24.7,30.5,42.714285714285715,4.7,31.25714285714286
MBR,2025-11-10,47.7,30.1,48.1,33.0,21.2,26.285714285714285,70.0,19.6,21.0
MBR,2025-11-17,45.5,27.9,93.6,32.2,18.4,24.599999999999998,77.28571428571429,25.9,20.757142857142856
MBR,2025-11-24,8.9,-8.7,102.4,37.1,22.8,30.142857142857142,52.42857142857143,6.5,24.571428571428573
MBR,2025-12-01,33.4,-12.0,135.5,34.5,22.1,27.12857142857143,67.0,8.4,23.457142857142856
MBR,2025-12-08,33.5,-11.9,121.3,34.7,21.9,27.642857142857142,64.14285714285714,9.4,22.157142857142855
MBR,2025-12-15,84.0,38.6,159.8,34.4,21.4,26.75714285714286,72.57142857142857,25.0,18.542857142857144
MBR,2025-12-22,76.7,31.3,227.6,30.3,22.0,25.214285714285715,85.42857142857143,37.3,17.32857142857143
MBR,2025-12-29,13.3,-32.1,207.5,29.9,21.5,24.933333333333334,74.66666666666667,24.3,22.46666666666667
GRV,2024-01-01,28.0,-16.2,,28.0,17.8,21.8,78.28571428571429,32.7,12.214285714285714
GRV,2024-01-08,50.0,5.8,,27.4,18.8,21.857142857142858,81.57142857142857,29.9,17.47142857142857
GRV,2024-01-15,71.2,27.0,,25.5,16.2,20.985714285714288,84.0,34.9,17.771428571428572
GRV,2024-01-22,4.6000000000000005,-39.6,153.8,27.7,16.0,21.642857142857142,70.57142857142857,26.0,15.200000000000001
GRV,2024-01-29,11.4,-32.8,137.2,29.1,16.6,22.885714285714283,64.0,14.8,16.657142857142855
GRV,2024-02-05,0.8999999999999999,-20.6,88.1,35.7,18.5,25.8,54.285714285714285,11.1,16.942857142857143
GRV,2024-02-12,3.7,-17.8,20.6,34.8,18.1,25.02857142857143,53.42857142857143,12.0,17.557142857142857
GRV,2024-02-19,1.6,-19.8,17.6,32.9,18.5,25.414285714285715,52.0,11.1,20.157142857142855
GRV,2024-02-26,6.6,-14.9,12.8,30.7,15.9,23.3,61.42857142857143,13.2,16.4
GRV,2024-03-04,7.7,0.5,19.6,31.4,17.5,24.75714285714286,64.0,15.9,14.757142857142856
GRV,2024-03-11,16.2,9.0,32.1,30.3,18.9,24.042857142857144,68.28571428571429,17.7,16.7
GRV,2024-03-18,0.2,-7.0,30.7,29.7,16.7,23.157142857142855,56.42857142857143,14.7,20.057142857142857
GRV,2024-03-25,3.4,-3.8,27.5,29.9,17.4,23.442857142857143,60.857142857142854,11.1,18.642857142857142
GRV,2024-04-01,4.2,-3.5,24.0,31.4,16.1,23.814285714285713,58.857142857142854,13.3,18.242857142857144
GRV,2024-04-08,25.7,18.0,33.5,30.6,16.1,21.2,72.0,22.4,19.585714285714285
GRV,2024-04-15,0.9,-6.8,34.2,29.0,15.1,20.985714285714288,62.57142857142857,16.8,17.785714285714285
GRV,2024-04-22,0.0,-7.7,30.8,30.7,14.0,21.542857142857144,47.57142857142857,10.4,17.32857142857143
GRV,2024-04-29,0.0,-7.7,26.6,28.8,11.5,20.657142857142855,46.714285714285715,9.7,18.514285714285712
GRV,2024-05-06,0.0,-0.2,0.9,30.2,14.6,21.87142857142857,48.57142857142857,9.4,20.400000000000002
GRV,2024-05-13,0.1,-0.1,0.1,27.7,12.5,20.285714285714285,49.285714285714285,9.5,18.82857142857143
GRV,2024-05-20,1.0,0.8,1.1,26.0,11.4,18.82857142857143,57.857142857142854,10.0,18.32857142857143
GRV,2024-05-27,0.0,-0.2,1.1,27.5,9.4,18.32857142857143,51.142857142857146,10.1,18.185714285714287
GRV,2024-06-03,0.0,-0.1,1.1,30.0,12.3,21.185714285714287,40.142857142857146,9.0,18.457142857142856
GRV,2024-06-10,0.0,-0.1,1.0,24.7,8.9,16.3,48.42857142857143,9.1,20.014285714285712
GRV,2024-06-17,0.0,-0.1,0.0,25.6,9.9,17.442857142857143,49.714285714285715,9.1,18.37142857142857
GRV,2024-06-24,0.6,0.5,0.6,24.1,11.2,17.0,57.57142857142857,9.1,21.014285714285712
GRV,2024-07-01,0.0,0.0,0.6,27.8,10.6,18.157142857142855,41.142857142857146,8.3,14.828571428571427
GRV,2024-07-08,0.0,0.0,0.6,27.8,8.9,18.67142857142857,32.57142857142857,7.9,15.62857142857143
GRV,2024-07-15,0.0,0.0,0.6,29.1,10.3,19.400000000000002,36.42857142857143,8.0,13.799999999999999
GRV,2024-07-22,0.0,0.0,0.0,28.3,11.4,20.042857142857144,31.714285714285715,8.1,15.37142857142857
GRV,2024-07-29,0.0,0.0,0.0,29.3,12.3,19.842857142857145,38.0,8.2,21.542857142857144
GRV,2024-08-05,0.0,-0.1,0.0,30.6,11.2,20.67142857142857,36.857142857142854,8.3,17.82857142857143
GRV,2024-08-12,0.0,-0.1,0.0,29.6,13.0,20.785714285714285,34.857142857142854,8.3,23.185714285714287
GRV,2024-08-19,0.0,-0.1,0.0,27.3,12.6,19.142857142857142,43.857142857142854,8.4,23.285714285714285
GRV,2024-08-26,1.0,0.9,1.0,32.1,12.3,21.157142857142855,41.285714285714285,8.6,19.5
GRV,2024-09-02,0.0,-1.1,1.0,29.1,10.0,19.271428571428572,43.142857142857146,9.3,22.057142857142857
GRV,2024-09-09,0.0,-1.1,1.0,32.0,15.5,24.214285714285715,37.57142857142857,9.3,25.67142857142857
GRV,2024-09-16,0.0,-1.1,1.0,33.5,16.9,24.928571428571427,31.714285714285715,9.3,25.62857142857143
GRV,2024-09-23,0.0,-1.1,0.0,35.7,13.2,23.928571428571427,38.57142857142857,9.3,21.457142857142856
GRV,2024-09-30,0.0,-1.1,0.0,35.7,12.5,22.428571428571427,40.42857142857143,9.3,26.228571428571428
GRV,2024-10-07,0.0,-3.6,0.0,32.4,13.9,22.928571428571427,35.42857142857143,9.3,23.414285714285715
GRV,2024-10-14,21.8,18.2,21.8,33.1,12.6,21.74285714285714,54.42857142857143,18.4,18.357142857142858
GRV,2024-10-21,0.0,-3.6,21.8,33.6,17.8,26.514285714285712,39.714285714285715,10.7,24.485714285714288
GRV,2024-10-28,6.1000000000000005,2.4,27.9,33.4,18.2,24.02857142857143,60.0,19.1,19.157142857142855
GRV,2024-11-04,0.7,-19.4,28.6,34.3,18.5,25.7,46.857142857142854,12.7,23.74285714285714
GRV,2024-11-11,17.8,-2.3,24.6,33.4,17.2,24.12857142857143,57.0,25.2,22.342857142857145
GRV,2024-11-18,0.6,-19.5,25.2,32.0,19.5,25.885714285714283,44.714285714285715,19.7,19.271428571428572
GRV,2024-11-25,25.9,5.8,45.0,30.4,16.1,23.657142857142855,60.857142857142854,25.5,19.342857142857145
GRV,2024-12-02,0.7,-26.7,45.0,35.6,16.6,26.428571428571427,36.0,17.0,20.771428571428572
GRV,2024-12-09,0.0,-27.4,27.2,35.8,20.3,27.228571428571428,40.0,15.5,22.342857142857145
GRV,2024-12-16,7.999999999999999,-19.4,34.6,32.3,20.1,25.657142857142855,54.42857142857143,17.7,21.571428571428573
GRV,2024-12-23,12.8,-14.6,21.5,33.4,20.4,25.914285714285715,55.285714285714285,18.8,17.842857142857145
GRV,2024-12-30,58.8,31.4,79.6,27.8,18.9,22.228571428571428,80.71428571428571,32.4,14.957142857142857
GRV,2025-01-06,35.0,-9.2,114.6,28.5,18.4,21.857142857142858,81.71428571428571,31.7,16.6
GRV,2025-01-13,45.6,1.4,152.2,29.9,18.5,23.442857142857143,72.71428571428571,18.1,14.914285714285715
GRV,2025-01-20,85.6,41.4,225.0,27.1,16.7,21.457142857142856,82.28571428571429,32.4,11.62857142857143
GRV,2025-01-27,66.8,22.6,233.0,27.4,17.0,21.24285714285714,82.85714285714286,36.4,12.014285714285714
GRV,2025-02-03,2.9,-18.6,200.9,30.0,16.6,22.97142857142857,71.42857142857143,22.4,14.857142857142858
GRV,2025-02-10,37.900000000000006,16.5,193.2,28.3,18.3,22.32857142857143,80.42857142857143,26.2,14.814285714285715
GRV,2025-02-17,57.9,36.4,165.5,27.6,18.3,21.82857142857143,85.57142857142857,33.7,11.585714285714285
GRV,2025-02-24,60.1,38.6,158.8,27.3,17.6,21.385714285714283,87.14285714285714,38.1,13.37142857142857
GRV,2025-03-03,8.1,0.9,164.0,28.3,16.8,22.185714285714287,75.42857142857143,30.5,14.642857142857142
GRV,2025-03-10,22.099999999999998,14.9,148.2,28.6,17.6,21.97142857142857,74.14285714285714,31.1,14.642857142857142
GRV,2025-03-17,3.4,-3.8,93.7,27.1,15.1,21.042857142857144,72.85714285714286,24.4,15.385714285714286
GRV,2025-03-24,0.8,-6.4,34.4,28.4,16.4,21.8,67.14285714285714,21.9,16.071428571428573
GRV,2025-03-31,2.7,-4.5,29.0,27.9,16.3,21.842857142857145,66.57142857142857,20.5,19.914285714285715
GRV,2025-04-07,13.8,6.1,20.7,28.2,16.1,22.0,69.14285714285714,23.6,16.47142857142857
GRV,2025-04-14,15.1,7.4,32.4,27.2,15.4,20.271428571428572,78.0,28.6,18.057142857142857
GRV,2025-04-21,0.8,-6.9,32.4,27.5,14.7,20.542857142857144,70.42857142857143,23.6,17.571428571428573
GRV,2025-04-28,9.0,1.3,38.7,27.7,16.0,20.857142857142858,68.42857142857143,22.4,14.985714285714286
GRV,2025-05-05,0.0,-0.2,24.9,26.7,11.0,18.04285714285714,64.57142857142857,21.9,15.828571428571427
GRV,2025-05-12,0.2,0.0,10.0,26.3,12.2,18.614285714285717,64.14285714285714,19.7,17.82857142857143
GRV,2025-05-19,0.0,-0.2,9.2,27.6,12.3,18.728571428571428,61.0,21.2,20.099999999999998
GRV,2025-05-26,0.1,-0.1,0.3,23.6,11.2,16.9,62.0,19.8,17.842857142857145
GRV,2025-06-02,0.0,-0.1,0.3,24.2,9.5,16.8,57.42857142857143,15.7,15.814285714285715
GRV,2025-06-09,0.2,0.1,0.3,27.4,10.8,18.114285714285717,56.0,13.7,19.842857142857145
GRV,2025-06-16,0.0,-0.1,0.3,25.3,9.9,17.54285714285714,54.57142857142857,13.1,15.842857142857143
GRV,2025-06-23,0.0,-0.1,0.2,26.3,10.2,17.54285714285714,54.285714285714285,12.7,17.542857142857144
GRV,2025-06-30,0.0,-0.1,0.2,25.8,10.1,17.457142857142856,56.42857142857143,12.4,18.37142857142857
GRV,2025-07-07,0.0,0.0,0.0,26.4,9.5,16.685714285714287,52.0,12.4,20.642857142857142
GRV,2025-07-14,0.0,0.0,0.0,24.1,11.6,17.271428571428572,52.857142857142854,12.2,19.914285714285715
GRV,2025-07-21,0.0,0.0,0.0,24.7,10.7,16.8,52.142857142857146,12.2,19.885714285714283
GRV,2025-07-28,0.0,0.0,0.0,25.4,8.1,15.142857142857142,50.142857142857146,12.3,19.614285714285717
GRV,2025-08-04,0.0,-0.1,0.0,25.6,8.8,17.242857142857144,47.285714285714285,12.2,17.914285714285715
GRV,2025-08-11,0.0,-0.1,0.0,27.3,11.8,18.585714285714285,44.142857142857146,12.1,20.62857142857143
GRV,2025-08-18,0.0,-0.1,0.0,30.8,11.7,19.814285714285713,38.857142857142854,12.3,15.828571428571427
GRV,2025-08-25,0.0,-0.1,0.0,29.7,14.7,22.157142857142855,27.857142857142858,12.5,24.75714285714286
GRV,2025-09-01,0.0,-1.1,0.0,31.4,13.8,22.514285714285712,29.857142857142858,12.7,23.285714285714285
GRV,2025-09-08,0.0,-1.1,0.0,30.5,16.2,22.885714285714283,37.142857142857146,13.0,24.25714285714286
GRV,2025-09-15,0.0,-1.1,0.0,34.1,14.8,23.771428571428572,33.57142857142857,14.8,23.75714285714286
GRV,2025-09-22,0.0,-1.1,0.0,32.4,15.2,23.585714285714285,43.285714285714285,13.1,22.82857142857143
GRV,2025-09-29,10.7,9.6,10.7,33.0,13.7,21.82857142857143,49.714285714285715,15.8,23.142857142857142
GRV,2025-10-06,0.6,-3.1,11.3,32.0,14.5,23.900000000000002,38.857142857142854,13.0,23.885714285714283
GRV,2025-10-13,0.0,-3.6,11.3,33.3,17.7,25.414285714285715,38.714285714285715,14.2,24.714285714285715
GRV,2025-10-20,0.6000000000000001,-3.1,11.9,33.0,16.3,23.157142857142855,48.42857142857143,13.7,21.47142857142857
GRV,2025-10-27,0.1,-3.6,1.3,34.1,19.5,27.12857142857143,35.714285714285715,12.8,26.900000000000002
GRV,2025-11-03,14.7,-5.4,15.4,30.6,17.8,23.714285714285715,56.57142857142857,17.6,26.557142857142857
GRV,2025-11-10,20.8,0.7,36.2,28.0,18.0,21.97142857142857,70.0,25.1,19.342857142857145
GRV,2025-11-17,54.2,34.1,89.8,28.8,14.6,21.25714285714286,71.28571428571429,33.3,16.3
GRV,2025-11-24,26.2,6.1,115.9,30.5,18.2,24.099999999999998,61.142857142857146,26.5,18.314285714285713
GRV,2025-12-01,43.7,16.3,144.9,27.7,17.9,21.942857142857143,72.28571428571429,32.0,20.085714285714285
GRV,2025-12-08,39.199999999999996,11.8,163.3,28.2,17.2,22.2,69.71428571428571,32.5,19.214285714285715
GRV,2025-12-15,11.0,-16.4,120.1,27.3,18.6,22.514285714285712,72.42857142857143,25.1,18.842857142857145
GRV,2025-12-22,93.2,65.8,187.1,28.9,17.2,21.24285714285714,83.14285714285714,36.8,14.214285714285714
GRV,2025-12-29,6.2,-21.2,149.6,27.8,17.0,21.433333333333334,73.33333333333333,30.7,16.633333333333336
HRG,2024-01-01,21.3,-23.7,,27.4,18.0,21.657142857142855,81.28571428571429,34.2,17.885714285714286
HRG,2024-01-08,44.8,-0.2,,26.8,18.6,21.228571428571428,87.42857142857143,33.8,19.714285714285715
HRG,2024-01-15,114.7,69.7,,26.2,16.8,20.585714285714285,88.71428571428571,40.0,16.95714285714286
HRG,2024-01-22,7.800000000000001,-37.2,188.6,27.0,16.5,21.071428571428573,76.85714285714286,32.1,16.32857142857143
HRG,2024-01-29,8.4,-36.6,175.7,27.7,16.6,22.2,70.85714285714286,20.9,17.757142857142856
HRG,2024-02-05,9.1,-12.4,140.0,32.9,19.0,24.614285714285717,61.714285714285715,16.2,17.67142857142857
HRG,2024-02-12,2.4,-19.1,27.7,32.1,17.8,24.214285714285715,58.42857142857143,15.0,18.1
HRG,2024-02-19,3.7,-17.8,23.6,30.9,19.1,24.8,55.0,13.5,19.542857142857144
HRG,2024-02-26,27.7,6.2,42.9,30.1,16.7,22.385714285714283,69.71428571428571,19.0,18.485714285714288
HRG,2024-03-04,16.7,6.9,50.5,31.4,19.2,24.62857142857143,66.14285714285714,19.6,15.742857142857144
HRG,2024-03-11,23.900000000000002,14.1,72.0,29.5,18.8,23.514285714285712,72.71428571428571,22.6,15.471428571428572
HRG,2024-03-18,0.4,-9.4,68.7,29.1,17.3,22.914285714285715,56.857142857142854,15.6,20.099999999999998
HRG,2024-03-25,4.5,-5.3,45.5,28.7,18.0,23.0,63.285714285714285,14.5,21.714285714285715
HRG,2024-04-01,1.7000000000000002,-6.0,30.5,30.9,17.4,23.785714285714285,59.0,13.9,23.314285714285713
HRG,2024-04-08,38.7,31.0,45.3,30.1,15.7,20.914285714285715,75.57142857142857,22.6,21.900000000000002
HRG,2024-04-15,0.8,-6.9,45.7,28.4,14.9,20.62857142857143,66.42857142857143,19.9,21.02857142857143
HRG,2024-04-22,0.0,-7.7,41.2,29.6,14.6,21.457142857142856,49.857142857142854,13.4,19.685714285714287
HRG,2024-04-29,0.0,-7.7,39.5,27.4,12.9,20.157142857142855,49.285714285714285,12.8,17.514285714285716
HRG,2024-05-06,0.0,-0.5,0.8,28.5,15.7,21.74285714285714,50.142857142857146,11.4,22.071428571428573
HRG,2024-05-13,0.30000000000000004,-0.2,0.3,27.0,14.2,20.157142857142855,52.142857142857146,11.4,17.5
HRG,2024-05-20,1.1,0.6,1.4,25.3,12.6,18.785714285714285,59.42857142857143,11.9,21.400000000000002
HRG,2024-05-27,0.0,-0.5,1.4,26.5,11.2,18.485714285714288,49.57142857142857,11.7,21.61428571428571
HRG,2024-06-03,0.0,0.0,1.4,28.9,12.4,21.428571428571427,41.285714285714285,11.3,20.071428571428573
HRG,2024-06-10,0.0,0.0,1.1,23.3,10.0,15.87142857142857,51.142857142857146,11.3,17.54285714285714
HRG,2024-06-17,0.0,0.0,0.0,24.9,11.0,17.414285714285715,50.142857142857146,11.3,19.17142857142857
HRG,2024-06-24,0.0,0.0,0.0,23.5,11.4,16.614285714285714,60.285714285714285,11.4,20.842857142857145
HRG,2024-07-01,0.0,0.0,0.0,27.5,11.3,18.557142857142857,40.42857142857143,11.8,17.942857142857143
HRG,2024-07-08,0.0,0.0,0.0,27.8,9.5,18.8,32.0,11.4,18.900000000000002
HRG,2024-07-15,0.0,0.0,0.0,27.4,13.8,19.957142857142856,36.0,11.3,18.25714285714286
HRG,2024-07-22,0.0,0.0,0.0,29.5,13.1,20.842857142857145,29.142857142857142,11.3,19.985714285714288
HRG,2024-07-29,0.0,0.0,0.0,29.9,13.4,19.8,36.142857142857146,11.3,22.828571428571426
HRG,2024-08-05,0.0,-0.0,0.0,31.1,14.2,21.3,36.285714285714285,11.3,21.099999999999998
HRG,2024-08-12,0.0,-0.0,0.0,30.9,14.3,21.5,32.714285714285715,11.3,21.5
HRG,2024-08-19,0.0,-0.0,0.0,26.7,12.9,19.37142857142857,42.285714285714285,11.3,21.97142857142857
HRG,2024-08-26,0.30000000000000004,0.3,0.3,32.1,11.9,21.400000000000002,40.285714285714285,11.4,21.12857142857143
HRG,2024-09-02,0.0,-0.3,0.3,29.8,11.7,19.8,40.57142857142857,11.3,22.885714285714283
HRG,2024-09-09,0.0,-0.3,0.3,31.9,17.0,24.37142857142857,36.42857142857143,11.2,26.457142857142856
HRG,2024-09-16,0.0,-0.3,0.3,33.2,18.5,25.442857142857143,29.571428571428573,11.3,27.814285714285713
HRG,2024-09-23,0.0,-0.3,0.0,35.0,13.9,24.457142857142856,37.0,11.3,23.17142857142857
HRG,2024-09-30,0.0,-0.3,0.0,35.8,13.0,22.75714285714286,40.285714285714285,11.1,24.17142857142857
HRG,2024-10-07,0.6,-1.0,0.6,32.4,15.6,23.142857142857142,34.285714285714285,10.8,23.057142857142857
HRG,2024-10-14,7.199999999999999,5.6,7.8,32.5,13.2,22.557142857142857,51.42857142857143,16.7,21.857142857142858
HRG,2024-10-21,0.0,-1.6,7.8,35.2,20.3,27.52857142857143,34.714285714285715,11.9,28.457142857142856
HRG,2024-10-28,4.0,2.4,11.8,34.9,18.8,25.2,54.0,14.1,20.900000000000002
HRG,2024-11-04,1.4,-20.4,12.6,35.6,20.2,26.857142857142858,41.857142857142854,12.5,27.02857142857143
HRG,2024-11-11,29.5,7.7,34.9,34.5,17.6,23.771428571428572,61.714285714285715,11.6,23.400000000000002
HRG,2024-11-18,14.600000000000001,-7.2,49.5,33.3,19.4,26.17142857142857,47.142857142857146,5.3,23.385714285714283
HRG,2024-11-25,18.6,-3.2,64.1,30.0,17.0,22.928571428571427,69.14285714285714,14.7,19.857142857142858
HRG,2024-12-02,0.6,-32.5,63.3,35.7,17.3,27.400000000000002,32.0,7.0,22.785714285714285
HRG,2024-12-09,3.1,-30.0,36.9,36.7,20.6,27.8,39.142857142857146,7.2,23.614285714285717
HRG,2024-12-16,14.2,-18.9,36.5,33.7,19.5,25.714285714285715,56.42857142857143,9.7,24.17142857142857
HRG,2024-12-23,22.2,-10.9,40.1,35.0,19.1,25.842857142857145,56.857142857142854,11.8,22.32857142857143
HRG,2024-12-30,86.8,53.7,126.3,27.6,18.5,21.52857142857143,86.14285714285714,25.0,17.2
HRG,2025-01-06,33.7,-11.3,156.9,28.2,18.4,21.67142857142857,85.85714285714286,22.6,18.785714285714285
HRG,2025-01-13,27.2,-17.8,169.9,31.4,17.4,23.32857142857143,75.28571428571429,16.3,17.52857142857143
HRG,2025-01-20,79.3,34.3,227.0,25.8,17.7,20.95714285714286,86.57142857142857,33.0,14.085714285714285
HRG,2025-01-27,67.9,22.9,208.1,26.4,17.1,20.900000000000002,87.57142857142857,37.6,14.428571428571429
HRG,2025-02-03,3.0,-18.5,177.4,28.1,17.9,22.442857142857143,76.57142857142857,22.0,17.185714285714287
HRG,2025-02-10,31.200000000000003,9.7,181.4,28.4,18.8,21.9,85.0,23.5,19.24285714285714
HRG,2025-02-17,50.3,28.8,152.4,26.0,17.7,21.62857142857143,87.85714285714286,31.1,14.814285714285715
HRG,2025-02-24,44.7,23.2,129.2,26.3,17.8,21.557142857142857,87.14285714285714,35.3,14.771428571428572
HRG,2025-03-03,5.9,-3.9,132.1,26.9,18.3,22.02857142857143,80.57142857142857,22.7,19.114285714285717
HRG,2025-03-10,29.8,20.0,130.7,27.6,17.6,21.62857142857143,80.28571428571429,23.5,15.542857142857143
HRG,2025-03-17,2.5,-7.3,82.9,25.9,15.8,20.714285714285715,77.57142857142857,16.2,22.014285714285712
HRG,2025-03-24,2.7,-7.1,40.9,27.3,17.2,21.642857142857142,70.14285714285714,12.0,20.714285714285715
HRG,2025-03-31,1.8,-8.0,36.8,27.4,16.4,22.114285714285717,67.42857142857143,7.5,25.7
HRG,2025-04-07,4.0,-3.7,11.0,29.8,17.3,22.914285714285715,64.57142857142857,7.6,20.571428571428573
HRG,2025-04-14,9.0,1.3,17.5,27.2,15.9,20.17142857142857,81.0,15.3,21.87142857142857
HRG,2025-04-21,0.1,-7.6,14.9,25.7,15.8,20.02857142857143,75.85714285714286,13.9,22.385714285714283
HRG,2025-04-28,14.8,7.1,27.9,28.1,16.1,20.771428571428572,71.14285714285714,9.9,19.400000000000002
HRG,2025-05-05,0.0,-0.5,23.9,26.7,12.5,18.5,65.0,9.1,17.057142857142857
HRG,2025-05-12,2.2,1.7,17.1,26.2,12.8,18.814285714285713,63.42857142857143,7.7,19.457142857142856
HRG,2025-05-19,0.0,-0.5,17.0,29.7,11.6,19.685714285714287,56.42857142857143,6.3,22.057142857142857
HRG,2025-05-26,0.1,-0.4,2.3,24.5,12.2,17.67142857142857,59.857142857142854,6.3,20.17142857142857
HRG,2025-06-02,0.0,0.0,2.3,24.4,12.1,17.757142857142856,52.857142857142854,6.3,18.32857142857143
HRG,2025-06-09,0.0,0.0,0.1,26.7,9.8,17.928571428571427,56.142857142857146,6.4,22.3
HRG,2025-06-16,0.0,0.0,0.1,25.7,10.9,18.242857142857144,48.42857142857143,6.3,18.014285714285712
HRG,2025-06-23,0.0,0.0,0.0,26.0,11.5,17.814285714285713,52.57142857142857,6.3,20.37142857142857
HRG,2025-06-30,0.0,0.0,0.0,24.9,11.9,17.642857142857142,58.0,6.4,22.485714285714288
HRG,2025-07-07,0.0,0.0,0.0,25.2,8.7,16.657142857142855,53.142857142857146,6.4,19.842857142857145
HRG,2025-07-14,0.0,0.0,0.0,23.1,11.9,17.185714285714287,54.42857142857143,6.6,21.542857142857144
HRG,2025-07-21,0.0,0.0,0.0,23.3,11.3,16.728571428571428,54.142857142857146,6.6,21.285714285714285
HRG,2025-07-28,0.0,0.0,0.0,24.7,8.7,15.242857142857144,53.714285714285715,6.5,21.428571428571427
HRG,2025-08-04,0.0,-0.0,0.0,25.1,9.4,17.37142857142857,47.42857142857143,6.4,21.714285714285715
HRG,2025-08-11,0.0,-0.0,0.0,26.0,11.7,18.900000000000002,43.142857142857146,6.4,22.314285714285713
HRG,2025-08-18,0.0,-0.0,0.0,30.0,11.9,20.514285714285712,38.57142857142857,6.3,18.542857142857144
HRG,2025-08-25,0.0,-0.0,0.0,28.7,16.1,22.314285714285713,27.0,6.4,27.614285714285717
HRG,2025-09-01,0.0,-0.3,0.0,30.3,14.3,22.642857142857142,29.285714285714285,6.3,24.542857142857144
HRG,2025-09-08,0.0,-0.3,0.0,30.2,17.4,23.24285714285714,36.142857142857146,6.2,26.67142857142857
HRG,2025-09-15,0.0,-0.3,0.0,33.8,16.2,24.3,33.57142857142857,6.5,25.52857142857143
HRG,2025-09-22,0.0,-0.3,0.0,31.9,16.3,24.014285714285712,41.42857142857143,6.6,28.24285714285714
HRG,2025-09-29,3.1,2.8,3.1,32.7,14.5,22.400000000000002,48.857142857142854,6.2,25.357142857142858
HRG,2025-10-06,0.1,-1.5,3.2,32.3,16.1,24.785714285714285,37.142857142857146,4.8,27.842857142857145
HRG,2025-10-13,0.0,-1.6,3.2,32.2,19.0,26.085714285714285,36.142857142857146,6.3,29.114285714285717
HRG,2025-10-20,0.30000000000000004,-1.3,3.5,33.4,16.7,23.771428571428572,46.0,6.5,26.142857142857142
HRG,2025-10-27,0.3,-1.3,0.7,34.7,21.0,27.8,34.57142857142857,5.5,29.042857142857144
HRG,2025-11-03,17.2,-4.6,17.8,31.3,17.8,23.714285714285715,60.0,10.3,28.585714285714285
HRG,2025-11-10,23.0,1.2,40.8,26.5,17.5,20.97142857142857,79.57142857142857,18.0,23.771428571428572
HRG,2025-11-17,54.4,32.6,94.9,27.3,15.0,20.599999999999998,81.0,33.5,20.52857142857143
HRG,2025-11-24,15.6,-6.2,110.2,30.3,18.1,23.271428571428572,67.57142857142857,17.5,22.485714285714288
HRG,2025-12-01,20.8,-12.3,113.8,27.9,17.8,21.771428571428572,75.71428571428571,16.7,22.914285714285715
HRG,2025-12-08,56.5,23.4,147.3,27.7,17.8,21.414285714285715,79.14285714285714,25.5,21.071428571428573
HRG,2025-12-15,24.9,-8.2,117.8,26.3,18.3,21.557142857142857,82.71428571428571,29.1,22.985714285714288
HRG,2025-12-22,89.7,56.6,191.9,27.8,18.2,20.957142857142856,87.85714285714286,38.5,16.885714285714286
HRG,2025-12-29,11.899999999999999,-21.2,183.0,26.0,17.1,20.5,82.66666666666667,30.8,17.166666666666668
KRB,2024-01-01,23.6,-25.7,,32.3,21.2,25.785714285714285,77.42857142857143,43.3,11.442857142857141
KRB,2024-01-08,86.6,37.3,,31.1,21.8,25.0,84.42857142857143,47.2,12.771428571428572
KRB,2024-01-15,98.2,48.9,,29.6,19.8,23.985714285714288,86.42857142857143,49.7,14.299999999999999
KRB,2024-01-22,7.199999999999999,-42.1,215.6,30.6,19.0,24.87142857142857,73.14285714285714,41.4,10.957142857142857
KRB,2024-01-29,12.8,-36.5,204.8,31.1,20.7,26.3,69.85714285714286,36.4,10.314285714285715
KRB,2024-02-05,4.9,-27.8,123.1,35.2,22.1,28.5,62.857142857142854,30.2,13.728571428571428
KRB,2024-02-12,2.9,-29.8,27.8,35.9,20.8,28.428571428571427,54.42857142857143,27.2,13.6
KRB,2024-02-19,0.3,-32.4,20.9,34.5,22.8,28.728571428571428,52.0,23.2,12.814285714285715
KRB,2024-02-26,27.7,-5.0,35.8,35.3,20.4,26.385714285714283,66.85714285714286,28.4,12.314285714285715
KRB,2024-03-04,3.8000000000000003,-6.2,34.7,34.6,23.1,28.814285714285713,62.42857142857143,27.1,13.671428571428573
KRB,2024-03-11,17.0,7.0,48.8,34.0,22.9,28.0,65.85714285714286,28.9,12.214285714285714
KRB,2024-03-18,1.1,-8.9,49.6,33.2,21.0,27.3,53.42857142857143,29.4,12.571428571428571
KRB,2024-03-25,13.4,3.4,35.3,33.7,22.1,27.82857142857143,57.0,25.5,10.142857142857142
KRB,2024-04-01,2.6,-8.9,34.1,34.7,21.7,28.228571428571428,54.285714285714285,25.0,12.728571428571428
KRB,2024-04-08,41.7,30.2,58.8,32.5,20.4,24.75714285714286,76.0,39.2,12.928571428571429
KRB,2024-04-15,0.4,-11.1,58.1,31.8,18.7,24.62857142857143,64.85714285714286,34.3,9.9
KRB,2024-04-22,0.1,-11.4,44.8,32.9,18.3,25.5,50.857142857142854,27.6,11.671428571428573
KRB,2024-04-29,0.0,-11.5,42.2,30.7,15.8,23.271428571428572,51.857142857142854,26.6,10.0
KRB,2024-05-06,0.0,-0.3,0.5,31.7,18.0,25.400000000000002,50.0,23.3,10.1
KRB,2024-05-13,0.0,-0.3,0.1,30.7,17.0,23.74285714285714,45.857142857142854,22.4,10.314285714285715
KRB,2024-05-20,1.0,0.7,1.0,28.9,15.9,22.52857142857143,56.285714285714285,22.5,10.542857142857143
KRB,2024-05-27,0.0,-0.3,1.0,31.4,14.0,23.071428571428573,43.42857142857143,22.5,13.485714285714286
KRB,2024-06-03,0.0,-0.1,1.0,33.1,15.9,25.085714285714285,35.714285714285715,22.3,14.757142857142856
KRB,2024-06-10,0.0,-0.1,1.0,26.7,13.2,19.7,45.57142857142857,21.7,11.5
KRB,2024-06-17,0.0,-0.1,0.0,28.6,14.1,21.24285714285714,45.57142857142857,21.6,10.814285714285715
KRB,2024-06-24,0.5,0.4,0.5,27.7,14.8,21.114285714285717,51.714285714285715,21.9,13.985714285714286
KRB,2024-07-01,0.0,-0.0,0.5,29.8,14.1,22.042857142857144,38.857142857142854,22.2,11.557142857142859
KRB,2024-07-08,0.0,-0.0,0.5,31.2,14.0,22.599999999999998,30.857142857142858,22.2,11.9
KRB,2024-07-15,0.0,-0.0,0.5,31.0,16.3,23.771428571428572,35.42857142857143,22.2,10.585714285714285
KRB,2024-07-22,0.0,-0.0,0.0,31.5,16.1,24.785714285714285,28.0,22.2,12.714285714285714
KRB,2024-07-29,0.0,-0.0,0.0,32.2,15.1,24.02857142857143,33.857142857142854,22.2,13.285714285714286
KRB,2024-08-05,0.0,-0.0,0.0,33.4,16.0,24.857142857142858,35.285714285714285,22.2,11.1
KRB,2024-08-12,0.0,-0.0,0.0,34.3,16.7,25.285714285714285,30.0,22.2,12.585714285714285
KRB,2024-08-19,0.0,-0.0,0.0,31.1,15.0,23.285714285714285,38.0,22.2,11.771428571428572
KRB,2024-08-26,0.2,0.2,0.2,35.8,17.3,25.914285714285715,35.285714285714285,22.2,15.271428571428572
KRB,2024-09-02,0.0,-0.3,0.2,33.4,15.4,24.02857142857143,36.142857142857146,22.3,13.057142857142859
KRB,2024-09-09,0.0,-0.3,0.2,36.4,20.5,28.400000000000002,33.57142857142857,22.2,16.97142857142857
KRB,2024-09-16,0.9,0.6,1.1,38.8,20.3,29.385714285714283,27.428571428571427,22.2,18.842857142857145
KRB,2024-09-23,0.0,-0.3,0.9,38.6,19.3,28.67142857142857,34.714285714285715,22.2,17.228571428571428
KRB,2024-09-30,2.2,1.9,3.1,38.8,16.9,27.02857142857143,36.857142857142854,22.8,19.028571428571432
KRB,2024-10-07,0.0,-3.3,3.1,35.5,17.5,27.214285714285715,31.857142857142858,22.5,14.685714285714285
KRB,2024-10-14,17.0,13.7,19.2,37.6,17.2,26.614285714285717,50.714285714285715,31.7,12.914285714285715
KRB,2024-10-21,1.8,-1.5,21.0,39.0,23.2,31.285714285714285,34.0,24.6,20.885714285714283
KRB,2024-10-28,5.8,2.5,24.6,38.0,23.8,29.24285714285714,50.142857142857146,25.1,15.0
KRB,2024-11-04,2.4,-27.4,27.0,39.0,24.4,31.0,39.0,23.3,17.214285714285715
KRB,2024-11-11,7.9,-21.9,17.9,36.9,21.9,27.2,61.42857142857143,24.7,18.04285714285714
KRB,2024-11-18,8.6,-21.2,24.7,37.1,22.0,29.571428571428573,48.0,16.3,14.328571428571427
KRB,2024-11-25,12.5,-17.3,31.4,33.3,21.7,26.74285714285714,68.71428571428571,22.9,14.228571428571428
KRB,2024-12-02,0.0,-46.2,29.0,40.1,21.7,31.400000000000002,31.571428571428573,14.1,16.82857142857143
KRB,2024-12-09,1.7000000000000002,-44.4,22.8,39.0,24.2,31.114285714285717,41.714285714285715,15.1,14.528571428571428
KRB,2024-12-16,30.2,-16.0,44.4,37.0,22.7,28.52857142857143,62.142857142857146,25.6,14.728571428571428
KRB,2024-12-23,12.8,-33.3,44.7,36.5,23.1,28.885714285714283,60.142857142857146,18.4,14.757142857142856
KRB,2024-12-30,80.10000000000001,34.0,124.8,32.1,21.9,25.285714285714285,84.28571428571429,35.9,13.014285714285714
KRB,2025-01-06,34.3,-15.0,157.4,31.2,22.0,25.3,84.14285714285714,37.0,15.257142857142856
KRB,2025-01-13,50.7,1.4,177.9,33.6,21.2,26.614285714285717,76.14285714285714,26.6,14.528571428571428
KRB,2025-01-20,75.4,26.1,240.5,30.2,21.2,24.87142857142857,83.0,41.8,12.200000000000001
KRB,2025-01-27,54.9,5.6,215.3,30.4,20.9,24.75714285714286,85.42857142857143,43.2,11.299999999999999
KRB,2025-02-03,8.1,-24.6,189.1,32.1,21.8,26.542857142857144,71.71428571428571,31.7,12.87142857142857
KRB,2025-02-10,54.2,21.5,192.6,32.5,21.7,25.928571428571427,80.0,32.9,14.414285714285715
KRB,2025-02-17,75.2,42.5,192.4,30.4,21.5,25.385714285714283,86.71428571428571,45.0,11.157142857142857
KRB,2025-02-24,88.0,55.3,225.5,30.0,21.6,25.3,85.85714285714286,46.5,10.771428571428572
KRB,2025-03-03,26.2,16.2,243.6,31.3,21.4,25.985714285714288,77.28571428571429,34.2,9.014285714285714
KRB,2025-03-10,12.399999999999999,2.4,201.8,32.7,21.8,25.8,75.14285714285714,25.9,12.428571428571429
KRB,2025-03-17,4.7,-5.3,131.3,31.3,20.8,25.400000000000002,70.57142857142857,19.9,9.457142857142857
KRB,2025-03-24,3.0,-7.0,46.3,33.3,21.2,26.885714285714283,58.285714285714285,14.2,10.142857142857142
KRB,2025-03-31,8.5,-1.5,28.6,33.8,20.9,27.37142857142857,56.57142857142857,13.9,12.414285714285715
KRB,2025-04-07,7.4,-4.1,23.6,34.1,20.9,26.957142857142856,62.0,15.0,13.200000000000001
KRB,2025-04-14,37.4,25.9,56.3,30.4,19.4,23.7,81.0,28.1,13.314285714285715
KRB,2025-04-21,1.4,-10.1,54.7,28.8,19.1,24.228571428571428,72.85714285714286,31.5,10.071428571428571
KRB,2025-04-28,12.7,1.2,58.9,31.2,19.1,24.542857142857144,68.42857142857143,21.4,12.157142857142857
KRB,2025-05-05,0.0,-0.3,51.5,29.5,16.3,22.442857142857143,60.714285714285715,16.6,9.771428571428572
KRB,2025-05-12,0.6,0.3,14.7,30.3,16.5,22.8,62.285714285714285,16.3,11.400000000000002
KRB,2025-05-19,0.0,-0.3,13.3,32.8,15.9,23.285714285714285,53.285714285714285,14.0,13.828571428571427
KRB,2025-05-26,0.6000000000000001,0.3,1.2,28.2,14.9,21.342857142857145,56.857142857142854,13.6,9.642857142857142
KRB,2025-06-02,0.0,-0.1,1.2,28.5,15.3,21.87142857142857,46.857142857142854,13.3,12.200000000000001
KRB,2025-06-09,0.0,-0.1,0.6,29.9,15.3,22.042857142857144,48.42857142857143,13.4,14.971428571428572
KRB,2025-06-16,0.0,-0.1,0.6,30.1,14.9,21.728571428571428,45.0,13.4,11.971428571428572
KRB,2025-06-23,0.0,-0.1,0.0,29.2,14.4,21.514285714285712,47.0,13.3,11.971428571428572
KRB,2025-06-30,0.0,-0.1,0.0,28.9,15.3,21.685714285714287,52.714285714285715,13.3,13.028571428571428
KRB,2025-07-07,0.2,0.2,0.2,28.5,11.9,20.614285714285717,46.285714285714285,13.3,12.442857142857141
KRB,2025-07-14,0.0,-0.0,0.2,27.9,15.5,21.37142857142857,49.857142857142854,13.4,12.457142857142857
KRB,2025-07-21,0.0,-0.0,0.2,29.1,14.5,20.8,50.0,13.4,10.357142857142858
KRB,2025-07-28,0.0,-0.0,0.2,27.7,12.7,19.357142857142858,48.57142857142857,13.6,14.142857142857142
KRB,2025-08-04,0.0,-0.0,0.0,28.9,12.5,21.042857142857144,41.285714285714285,13.3,13.328571428571427
KRB,2025-08-11,0.0,-0.0,0.0,30.8,16.0,22.97142857142857,40.0,13.3,12.514285714285714
KRB,2025-08-18,0.0,-0.0,0.0,33.7,15.2,24.2,35.285714285714285,13.2,8.871428571428572
KRB,2025-08-25,0.0,-0.0,0.0,33.8,17.3,25.842857142857145,27.571428571428573,13.5,15.071428571428571
KRB,2025-09-01,0.0,-0.3,0.0,34.4,16.9,26.32857142857143,27.428571428571427,13.4,14.37142857142857
KRB,2025-09-08,0.0,-0.3,0.0,35.2,19.6,27.142857142857142,35.142857142857146,13.7,15.700000000000001
KRB,2025-09-15,0.0,-0.3,0.0,37.4,20.3,28.599999999999998,29.714285714285715,13.6,16.04285714285714
KRB,2025-09-22,0.0,-0.3,0.0,37.7,19.5,28.414285714285715,36.714285714285715,13.4,17.2
KRB,2025-09-29,0.3,-0.0,0.3,36.4,19.5,27.071428571428573,42.857142857142854,12.6,15.614285714285714
KRB,2025-10-06,0.0,-3.3,0.3,37.9,20.3,29.157142857142855,33.42857142857143,8.0,16.414285714285715
KRB,2025-10-13,0.0,-3.3,0.3,39.0,23.5,31.0,30.714285714285715,8.0,17.757142857142856
KRB,2025-10-20,1.9000000000000001,-1.4,2.2,37.4,20.3,28.057142857142857,44.142857142857146,7.8,16.642857142857142
KRB,2025-10-27,0.2,-3.1,2.1,39.2,25.5,32.27142857142857,30.857142857142858,11.8,18.599999999999998
KRB,2025-11-03,13.7,-16.1,15.8,37.1,22.7,28.2,54.285714285714285,13.0,18.314285714285717
KRB,2025-11-10,72.6,42.8,88.4,30.4,20.6,24.82857142857143,77.42857142857143,28.1,16.071428571428573
KRB,2025-11-17,87.1,57.3,173.6,31.5,19.6,24.271428571428572,78.14285714285714,41.9,13.285714285714286
KRB,2025-11-24,33.800000000000004,4.0,207.2,34.7,21.1,27.342857142857145,64.85714285714286,20.8,14.928571428571429
KRB,2025-12-01,20.6,-25.5,214.1,34.1,22.2,27.24285714285714,61.285714285714285,12.9,14.62857142857143
KRB,2025-12-08,53.4,7.2,194.9,31.4,21.3,25.428571428571427,76.0,33.5,14.3
KRB,2025-12-15,92.3,46.2,200.1,30.3,21.3,25.271428571428572,80.57142857142857,36.9,14.6
KRB,2025-12-22,122.2,76.1,288.5,32.1,21.6,24.785714285714285,87.0,47.3,9.471428571428572
KRB,2025-12-29,48.2,2.1,316.1,29.3,20.7,24.733333333333334,81.33333333333333,37.3,9.433333333333334
BNG,2024-01-01,20.7,-39.4,,30.8,21.7,26.02857142857143,76.14285714285714,33.0,14.042857142857143
BNG,2024-01-08,74.7,14.6,,30.9,21.9,24.885714285714283,82.14285714285714,35.2,18.02857142857143
BNG,2024-01-15,131.6,71.5,,28.9,20.1,23.842857142857145,81.71428571428571,41.4,16.485714285714288
BNG,2024-01-22,1.0,-59.1,228.0,30.7,18.5,24.857142857142858,69.57142857142857,27.3,14.9
BNG,2024-01-29,1.1,-59.0,208.4,31.0,21.6,26.3,68.0,15.3,15.4
BNG,2024-02-05,0.1,-32.1,133.8,34.4,23.0,28.914285714285715,60.285714285714285,12.3,16.8
BNG,2024-02-12,0.4,-31.8,2.6,36.3,21.0,28.414285714285715,51.0,10.9,15.728571428571428
BNG,2024-02-19,0.0,-32.2,1.6,34.9,22.3,29.02857142857143,46.0,10.2,19.614285714285717
BNG,2024-02-26,9.5,-22.7,10.0,35.7,20.2,26.614285714285717,61.285714285714285,13.7,18.285714285714285
BNG,2024-03-04,0.6000000000000001,-4.7,10.5,36.0,23.9,29.457142857142856,57.0,11.3,19.0
BNG,2024-03-11,1.9,-3.4,12.0,34.7,23.5,28.957142857142856,57.714285714285715,10.7,17.5
BNG,2024-03-18,0.7999999999999999,-4.5,12.8,32.6,23.6,28.014285714285712,47.0,10.3,21.271428571428572
BNG,2024-03-25,1.5,-3.8,4.8,32.2,22.8,27.75714285714286,55.285714285714285,10.4,19.25714285714286
BNG,2024-04-01,1.8,-9.0,6.0,33.9,22.7,27.614285714285717,54.57142857142857,10.8,21.814285714285713
BNG,2024-04-08,19.6,8.8,23.7,29.6,19.5,24.142857142857142,76.71428571428571,24.3,16.485714285714288
BNG,2024-04-15,0.2,-10.6,23.1,30.5,19.7,24.357142857142858,61.0,14.7,19.514285714285712
BNG,2024-04-22,0.0,-10.8,21.6,32.1,17.5,24.67142857142857,51.285714285714285,10.3,18.599999999999998
BNG,2024-04-29,0.0,-10.8,19.8,29.5,15.2,23.057142857142857,46.857142857142854,10.1,16.3
BNG,2024-05-06,0.0,-0.2,0.2,30.9,17.4,24.514285714285712,49.857142857142854,10.1,18.057142857142857
BNG,2024-05-13,0.0,-0.2,0.0,29.6,15.5,23.342857142857145,43.714285714285715,10.1,16.942857142857143
BNG,2024-05-20,0.5,0.3,0.5,28.1,16.3,22.25714285714286,51.285714285714285,10.1,17.342857142857145
BNG,2024-05-27,0.0,-0.2,0.5,30.5,13.7,21.32857142857143,47.714285714285715,10.1,22.185714285714287
BNG,2024-06-03,0.0,-0.2,0.5,31.5,13.0,22.599999999999998,32.142857142857146,10.1,19.62857142857143
BNG,2024-06-10,0.0,-0.2,0.5,25.0,11.2,18.714285714285715,45.142857142857146,10.1,15.257142857142856
BNG,2024-06-17,0.0,-0.2,0.0,27.9,12.9,20.342857142857145,45.42857142857143,10.1,16.52857142857143
BNG,2024-06-24,1.5,1.3,1.5,27.6,14.0,20.25714285714286,52.0,10.2,15.614285714285716
BNG,2024-07-01,0.0,-0.0,1.5,29.0,9.6,19.857142857142858,38.714285714285715,10.3,15.042857142857144
BNG,2024-07-08,0.0,-0.0,1.5,28.0,8.8,19.8,35.42857142857143,10.1,15.742857142857144
BNG,2024-07-15,0.0,-0.0,1.5,29.1,11.6,21.599999999999998,37.142857142857146,10.0,17.785714285714285
BNG,2024-07-22,0.0,-0.0,0.0,30.8,12.9,22.5,34.0,10.0,19.385714285714283
BNG,2024-07-29,0.0,-0.0,0.0,30.8,13.6,21.657142857142855,38.0,10.0,20.885714285714283
BNG,2024-08-05,0.0,0.0,0.0,30.7,13.5,23.014285714285712,37.714285714285715,10.0,19.314285714285713
BNG,2024-08-12,0.0,0.0,0.0,31.8,15.4,23.214285714285715,34.42857142857143,10.0,17.485714285714288
BNG,2024-08-19,0.0,0.0,0.0,29.3,14.5,21.942857142857143,37.57142857142857,10.0,19.228571428571428
BNG,2024-08-26,0.0,0.0,0.0,34.0,15.2,24.457142857142856,36.857142857142854,10.0,18.542857142857144
BNG,2024-09-02,0.0,-0.0,0.0,31.3,15.3,22.62857142857143,35.714285714285715,10.0,21.114285714285717
BNG,2024-09-09,0.0,-0.0,0.0,35.7,18.6,27.314285714285713,36.57142857142857,10.0,26.17142857142857
BNG,2024-09-16,0.0,-0.0,0.0,36.3,21.9,28.75714285714286,27.714285714285715,10.0,26.3
BNG,2024-09-23,0.0,-0.0,0.0,38.4,20.7,27.885714285714283,36.0,10.0,27.214285714285715
BNG,2024-09-30,0.1,0.1,0.1,39.5,16.6,26.785714285714285,33.714285714285715,10.6,21.45714285714286
BNG,2024-10-07,0.1,-2.0,0.2,33.7,17.6,26.657142857142855,29.142857142857142,10.1,21.571428571428573
BNG,2024-10-14,6.7,4.6,6.9,36.2,20.2,27.228571428571428,43.42857142857143,10.4,23.057142857142857
BNG,2024-10-21,0.1,-2.0,7.0,38.3,24.2,31.342857142857138,32.57142857142857,9.3,29.485714285714288
BNG,2024-10-28,1.0,-1.1,7.9,37.8,24.0,29.785714285714285,47.0,10.3,22.75714285714286
BNG,2024-11-04,0.5,-20.2,8.3,39.0,24.3,30.928571428571427,38.57142857142857,10.2,24.228571428571428
BNG,2024-11-11,26.0,5.3,27.6,36.4,21.9,26.485714285714288,65.42857142857143,20.5,17.014285714285712
BNG,2024-11-18,1.5,-19.2,29.0,35.7,22.5,28.74285714285714,50.42857142857143,11.7,21.285714285714285
BNG,2024-11-25,10.2,-10.5,38.2,31.7,21.5,26.714285714285715,67.14285714285714,14.0,18.485714285714288
BNG,2024-12-02,0.0,-44.0,37.7,39.1,21.6,30.52857142857143,34.57142857142857,7.4,22.157142857142855
BNG,2024-12-09,0.4,-43.6,12.1,39.7,23.8,31.114285714285717,41.142857142857146,7.1,20.457142857142856
BNG,2024-12-16,58.699999999999996,14.7,69.3,36.4,22.4,28.099999999999998,64.85714285714286,18.0,20.62857142857143
BNG,2024-12-23,8.5,-35.5,67.6,35.8,22.7,28.17142857142857,63.42857142857143,14.2,17.071428571428573
BNG,2024-12-30,85.4,41.4,153.0,30.8,21.4,25.114285714285717,83.28571428571429,36.4,17.057142857142857
BNG,2025-01-06,136.9,76.8,289.5,30.7,21.9,25.0,83.57142857142857,39.7,21.67142857142857
BNG,2025-01-13,99.1,39.0,329.9,30.9,21.0,25.12857142857143,83.85714285714286,35.0,16.314285714285713
BNG,2025-01-20,63.9,3.8,385.3,30.0,20.6,25.24285714285714,78.42857142857143,33.0,12.357142857142858
BNG,2025-01-27,12.1,-48.0,312.0,33.0,22.0,26.271428571428572,73.28571428571429,14.3,16.4
BNG,2025-02-03,20.0,-12.2,195.1,32.5,22.1,26.900000000000002,67.14285714285714,16.1,19.97142857142857
BNG,2025-02-10,75.1,42.9,171.1,31.7,21.8,25.514285714285712,81.14285714285714,29.7,15.785714285714286
BNG,2025-02-17,86.7,54.5,193.9,29.8,21.1,25.457142857142856,83.28571428571429,37.9,14.857142857142858
BNG,2025-02-24,65.8,33.6,247.6,30.4,21.9,25.457142857142856,82.71428571428571,36.8,12.428571428571429
BNG,2025-03-03,22.8,17.5,250.4,29.3,21.1,25.5,79.42857142857143,30.2,14.357142857142858
BNG,2025-03-10,7.800000000000001,2.5,183.1,31.5,21.3,25.985714285714288,70.71428571428571,14.9,15.014285714285714
BNG,2025-03-17,10.0,4.7,106.4,30.2,20.3,24.52857142857143,73.71428571428571,19.5,14.371428571428572
BNG,2025-03-24,0.2,-5.1,40.8,30.4,21.2,25.87142857142857,64.28571428571429,8.8,16.17142857142857
BNG,2025-03-31,2.2,-3.1,20.2,30.8,21.0,25.642857142857142,66.42857142857143,9.1,20.542857142857144
BNG,2025-04-07,14.1,3.3,26.5,31.3,20.8,25.32857142857143,70.14285714285714,16.6,16.428571428571427
BNG,2025-04-14,56.1,45.3,72.6,28.3,18.9,23.014285714285712,83.57142857142857,27.1,13.557142857142859
BNG,2025-04-21,4.3,-6.5,76.7,27.5,19.2,23.37142857142857,78.85714285714286,25.5,16.642857142857142
BNG,2025-04-28,0.9,-9.9,75.4,30.6,18.1,23.842857142857145,67.42857142857143,12.9,13.585714285714285
BNG,2025-05-05,0.1,-0.1,61.4,27.9,15.8,21.3,60.857142857142854,8.9,14.228571428571428
BNG,2025-05-12,0.0,-0.2,5.3,28.9,15.7,22.32857142857143,59.0,7.8,17.385714285714286
BNG,2025-05-19,0.0,-0.2,1.0,30.7,16.4,22.12857142857143,53.142857142857146,7.5,17.2
BNG,2025-05-26,1.0,0.8,1.1,25.8,13.9,20.0,60.857142857142854,8.1,14.571428571428571
BNG,2025-06-02,0.0,-0.2,1.0,26.9,13.4,20.142857142857142,50.714285714285715,7.4,15.514285714285714
BNG,2025-06-09,0.0,-0.2,1.0,28.4,13.4,19.900000000000002,47.285714285714285,7.4,17.614285714285714
BNG,2025-06-16,0.0,-0.2,1.0,29.3,12.6,19.928571428571427,47.57142857142857,7.4,14.914285714285715
BNG,2025-06-23,0.0,-0.2,0.0,27.2,12.3,19.3,49.42857142857143,7.4,17.54285714285714
BNG,2025-06-30,0.2,0.0,0.2,27.9,14.0,20.571428571428573,51.857142857142854,7.3,17.057142857142857
BNG,2025-07-07,0.0,-0.0,0.2,28.7,12.1,19.457142857142856,46.714285714285715,7.4,14.928571428571429
BNG,2025-07-14,0.0,-0.0,0.2,26.2,14.2,20.25714285714286,50.857142857142854,7.3,17.7
BNG,2025-07-21,0.1,0.1,0.3,25.8,13.0,19.12857142857143,51.142857142857146,7.3,15.085714285714285
BNG,2025-07-28,0.0,-0.0,0.1,26.6,11.8,18.771428571428572,46.0,7.4,18.085714285714285
BNG,2025-08-04,0.0,0.0,0.1,27.3,12.0,19.5,42.0,7.3,18.8
BNG,2025-08-11,0.0,0.0,0.1,28.8,14.0,21.428571428571427,39.285714285714285,7.3,19.25714285714286
BNG,2025-08-18,0.0,0.0,0.0,30.9,15.0,22.285714285714285,37.714285714285715,7.3,16.2
BNG,2025-08-25,0.0,0.0,0.0,31.5,16.7,24.314285714285713,30.0,7.3,20.485714285714288
BNG,2025-09-01,0.0,-0.0,0.0,32.7,15.1,24.599999999999998,28.571428571428573,7.3,17.585714285714285
BNG,2025-09-08,0.0,-0.0,0.0,33.5,19.6,26.228571428571428,34.285714285714285,7.3,21.585714285714285
BNG,2025-09-15,0.0,-0.0,0.0,37.2,19.7,27.5,30.0,7.3,22.400000000000002
BNG,2025-09-22,0.0,-0.0,0.0,35.1,21.3,27.957142857142856,37.0,7.3,27.58571428571429
BNG,2025-09-29,0.1,0.1,0.1,34.0,20.8,26.885714285714283,39.57142857142857,7.3,20.814285714285713
BNG,2025-10-06,0.3,-1.8,0.4,35.8,22.3,28.428571428571427,34.42857142857143,7.3,23.585714285714285
BNG,2025-10-13,0.0,-2.1,0.4,36.2,24.4,30.142857142857142,31.571428571428573,7.1,24.657142857142855
BNG,2025-10-20,8.100000000000001,6.0,8.5,37.8,19.2,26.857142857142858,50.142857142857146,11.2,23.47142857142857
BNG,2025-10-27,0.2,-1.9,8.6,38.4,24.1,31.74285714285714,33.142857142857146,7.3,26.585714285714285
BNG,2025-11-03,34.9,14.2,43.2,34.8,21.9,26.785714285714285,60.714285714285715,13.2,18.97142857142857
BNG,2025-11-10,54.0,33.3,97.2,30.5,20.6,24.857142857142858,75.14285714285714,17.4,20.32857142857143
BNG,2025-11-17,30.299999999999997,9.6,119.4,32.6,20.0,24.728571428571428,72.85714285714286,26.2,18.67142857142857
BNG,2025-11-24,8.1,-12.6,127.3,34.5,21.8,26.857142857142858,63.857142857142854,10.3,17.942857142857143
BNG,2025-12-01,8.1,-35.9,100.5,33.9,22.3,27.8,58.857142857142854,4.9,20.214285714285715
BNG,2025-12-08,72.9,28.9,119.4,31.0,20.4,25.114285714285717,77.0,25.2,18.728571428571428
BNG,2025-12-15,88.30000000000001,44.3,177.4,28.6,21.3,24.385714285714283,84.28571428571429,35.1,18.0
BNG,2025-12-22,83.3,39.3,252.6,30.5,21.3,25.071428571428573,82.57142857142857,37.3,13.814285714285715
BNG,2025-12-29,34.0,-10.0,278.5,29.8,21.0,24.733333333333334,79.66666666666667,24.6,16.466666666666665
CHR,2024-01-01,21.099999999999998,-26.5,,32.1,19.5,24.614285714285717,74.0,30.0,16.442857142857143
CHR,2024-01-08,1.9,-45.7,,35.4,20.2,28.52857142857143,63.42857142857143,16.2,17.2
CHR,2024-01-15,200.79999999999998,153.2,,36.3,17.4,25.0,71.71428571428571,29.1,19.25714285714286
CHR,2024-01-22,3.0999999999999996,-44.5,226.9,32.1,17.1,24.714285714285715,65.71428571428571,21.0,15.1
CHR,2024-01-29,24.1,-23.5,229.9,33.3,19.0,25.099999999999998,70.42857142857143,21.5,15.928571428571429
CHR,2024-02-05,31.5,-8.3,259.5,36.9,21.9,28.271428571428572,63.57142857142857,18.0,16.414285714285715
CHR,2024-02-12,0.1,-39.7,58.8,37.0,18.6,26.457142857142856,63.0,22.1,13.642857142857142
CHR,2024-02-19,1.6,-38.2,57.3,38.6,19.9,28.928571428571427,52.0,12.2,17.085714285714285
CHR,2024-02-26,4.2,-35.6,37.4,35.0,18.8,25.8,60.57142857142857,13.8,19.314285714285713
CHR,2024-03-04,0.1,-14.3,6.0,40.2,21.4,30.742857142857144,49.714285714285715,11.4,17.099999999999998
CHR,2024-03-11,14.9,0.5,20.8,39.3,22.0,28.24285714285714,63.714285714285715,14.0,20.414285714285715
CHR,2024-03-18,14.600000000000001,0.2,33.8,34.0,20.3,25.957142857142856,67.71428571428571,15.3,20.614285714285717
CHR,2024-03-25,27.6,13.2,57.2,30.0,18.1,23.857142857142858,73.14285714285714,19.9,17.014285714285712
CHR,2024-04-01,32.4,24.4,89.5,34.7,19.2,25.357142857142858,70.0,15.9,15.685714285714285
CHR,2024-04-08,6.0,-2.0,80.6,32.8,16.5,23.02857142857143,71.71428571428571,18.7,16.95714285714286
CHR,2024-04-15,0.3,-7.7,66.3,32.1,16.5,23.157142857142855,60.857142857142854,14.1,15.12857142857143
CHR,2024-04-22,2.0,-6.0,40.7,34.1,18.1,24.557142857142857,56.42857142857143,11.6,16.357142857142858
CHR,2024-04-29,0.1,-7.9,8.4,33.3,14.6,23.099999999999998,52.714285714285715,11.7,13.785714285714286
CHR,2024-05-06,0.0,-0.4,2.4,32.9,15.1,23.400000000000002,53.57142857142857,11.0,14.685714285714287
CHR,2024-05-13,2.1,1.7,4.2,29.7,13.5,21.914285714285715,61.285714285714285,12.2,14.742857142857144
CHR,2024-05-20,0.2,-0.2,2.4,28.5,14.4,21.900000000000002,59.57142857142857,11.7,13.942857142857141
CHR,2024-05-27,0.2,-0.2,2.5,32.7,13.5,22.271428571428572,52.0,11.3,13.242857142857144
CHR,2024-06-03,0.0,-2.1,2.5,35.2,11.0,21.714285714285715,34.42857142857143,11.0,19.25714285714286
CHR,2024-06-10,4.4,2.3,4.8,27.5,11.0,18.357142857142858,61.714285714285715,11.5,13.957142857142857
CHR,2024-06-17,1.7,-0.4,6.3,29.3,11.5,19.957142857142856,57.714285714285715,13.2,14.457142857142856
CHR,2024-06-24,7.3,5.2,13.4,27.0,11.2,18.928571428571427,65.42857142857143,14.7,17.071428571428573
CHR,2024-07-01,0.0,-0.7,13.4,32.3,7.6,19.057142857142857,41.714285714285715,12.8,11.914285714285715
CHR,2024-07-08,0.0,-0.7,9.0,32.4,6.3,19.17142857142857,30.285714285714285,11.3,13.342857142857143
CHR,2024-07-15,0.0,-0.7,7.3,31.8,12.2,21.400000000000002,47.285714285714285,11.0,12.385714285714286
CHR,2024-07-22,0.5,-0.2,0.5,34.3,12.0,22.0,49.285714285714285,11.2,14.285714285714286
CHR,2024-07-29,0.0,-0.7,0.5,33.2,13.5,21.985714285714288,51.714285714285715,11.1,15.942857142857145
CHR,2024-08-05,0.9,-0.3,1.4,36.5,13.4,23.17142857142857,48.42857142857143,11.6,16.342857142857145
CHR,2024-08-12,0.1,-1.1,1.5,37.0,13.4,23.75714285714286,43.142857142857146,10.9,18.357142857142858
CHR,2024-08-19,0.7,-0.5,1.7,31.3,13.1,21.62857142857143,48.142857142857146,11.1,19.271428571428572
CHR,2024-08-26,4.7,3.5,6.4,37.5,12.8,21.685714285714287,49.285714285714285,12.7,18.414285714285715
CHR,2024-09-02,0.0,-2.4,5.5,36.2,10.9,22.542857142857144,49.57142857142857,12.5,15.12857142857143
CHR,2024-09-09,1.6,-0.8,7.0,40.3,17.2,25.642857142857142,51.714285714285715,12.5,20.2
CHR,2024-09-16,14.0,11.6,20.3,42.4,14.8,25.485714285714288,47.714285714285715,13.6,24.157142857142855
CHR,2024-09-23,0.2,-2.2,15.8,42.2,13.8,25.37142857142857,49.857142857142854,17.9,17.228571428571428
CHR,2024-09-30,1.1,-1.4,16.9,39.9,15.2,23.0,46.57142857142857,12.2,23.97142857142857
CHR,2024-10-07,0.0,-1.6,15.3,37.0,15.5,26.342857142857145,38.57142857142857,11.1,19.67142857142857
CHR,2024-10-14,0.1,-1.5,1.4,38.4,15.1,25.985714285714288,40.142857142857146,11.0,20.87142857142857
CHR,2024-10-21,0.30000000000000004,-1.3,1.5,42.7,20.2,29.25714285714286,50.285714285714285,11.1,22.157142857142855
CHR,2024-10-28,1.6,-0.0,2.0,39.8,19.8,28.428571428571427,50.857142857142854,17.3,20.885714285714283
CHR,2024-11-04,31.1,-1.4,33.1,39.6,20.0,27.314285714285713,61.42857142857143,20.7,20.900000000000002
CHR,2024-11-11,38.4,5.9,71.4,39.5,18.7,25.357142857142858,64.0,23.9,18.157142857142855
CHR,2024-11-18,5.3,-27.2,76.4,39.3,21.0,29.342857142857145,45.57142857142857,13.4,17.928571428571427
CHR,2024-11-25,10.5,-22.0,85.3,39.8,18.1,27.985714285714288,50.42857142857143,15.8,18.942857142857143
CHR,2024-12-02,0.0,-31.1,54.2,42.0,19.3,32.128571428571426,36.142857142857146,13.5,20.157142857142855
CHR,2024-12-09,2.0999999999999996,-29.0,17.9,44.0,24.1,32.971428571428575,34.285714285714285,13.6,19.7
CHR,2024-12-16,6.199999999999999,-24.9,18.8,40.4,24.5,31.157142857142862,50.42857142857143,16.7,21.657142857142855
CHR,2024-12-23,117.2,86.1,125.5,41.8,21.7,27.071428571428573,74.28571428571429,29.5,16.557142857142857
CHR,2024-12-30,10.0,-21.1,135.5,38.5,23.8,28.857142857142858,66.71428571428571,21.6,16.642857142857142
CHR,2025-01-06,37.2,-10.4,170.6,39.1,23.3,28.87142857142857,68.0,21.2,17.32857142857143
CHR,2025-01-13,80.10000000000001,32.5,244.5,36.2,21.1,25.38571428571429,81.85714285714286,30.7,16.114285714285717
CHR,2025-01-20,54.7,7.1,182.0,32.3,20.9,24.97142857142857,79.85714285714286,32.8,19.400000000000002
CHR,2025-01-27,5.5,-42.1,177.5,36.6,19.4,26.442857142857143,63.857142857142854,22.9,14.828571428571427
CHR,2025-02-03,63.1,23.3,203.4,37.7,22.4,28.642857142857142,57.857142857142854,17.5,20.228571428571428
CHR,2025-02-10,127.6,87.8,250.9,30.3,21.5,24.32857142857143,89.71428571428571,40.2,14.171428571428573
CHR,2025-02-17,53.3,13.5,249.5,31.5,22.1,25.97142857142857,83.14285714285714,34.9,13.885714285714286
CHR,2025-02-24,37.1,-2.7,281.1,30.2,20.5,24.97142857142857,79.85714285714286,32.4,13.185714285714285
CHR,2025-03-03,3.5999999999999996,-10.8,221.6,32.2,20.6,26.014285714285712,73.57142857142857,20.8,12.242857142857144
CHR,2025-03-10,56.8,42.4,150.8,31.9,18.8,23.614285714285717,80.85714285714286,29.1,16.95714285714286
CHR,2025-03-17,2.1,-12.3,99.6,30.9,17.4,23.442857142857143,72.85714285714286,21.9,10.985714285714286
CHR,2025-03-24,3.1999999999999997,-11.2,65.7,31.7,18.4,24.985714285714288,70.42857142857143,17.6,11.142857142857142
CHR,2025-03-31,6.3,-8.1,68.4,32.3,18.1,24.885714285714283,69.42857142857143,17.1,14.785714285714286
CHR,2025-04-07,4.7,-3.3,16.3,33.4,16.4,24.5,69.42857142857143,16.9,12.671428571428573
CHR,2025-04-14,15.8,7.8,30.0,30.6,16.7,22.585714285714285,75.71428571428571,18.4,14.428571428571429
CHR,2025-04-21,3.4,-4.6,30.2,31.1,16.1,23.02857142857143,71.28571428571429,17.7,14.200000000000001
CHR,2025-04-28,7.5,-0.5,31.4,31.8,15.9,22.17142857142857,71.14285714285714,20.6,14.085714285714285
CHR,2025-05-05,0.0,-0.4,26.7,29.5,11.8,19.642857142857142,67.28571428571429,17.4,9.228571428571428
CHR,2025-05-12,0.1,-0.3,11.0,27.4,14.0,20.24285714285714,67.0,15.1,13.914285714285715
CHR,2025-05-19,0.2,-0.2,7.8,33.1,12.7,20.599999999999998,58.57142857142857,14.4,15.242857142857144
CHR,2025-05-26,0.3,-0.1,0.6,27.7,11.7,19.32857142857143,61.57142857142857,13.3,10.328571428571427
CHR,2025-06-02,1.2,-0.9,1.8,29.4,10.6,19.357142857142858,62.285714285714285,13.8,10.685714285714285
CHR,2025-06-09,0.0,-2.1,1.7,31.9,11.1,18.457142857142856,56.42857142857143,14.2,17.914285714285715
CHR,2025-06-16,2.0,-0.1,3.5,28.5,11.2,19.24285714285714,61.285714285714285,15.2,10.5
CHR,2025-06-23,2.3000000000000003,0.2,5.5,29.6,10.7,18.842857142857145,61.857142857142854,17.1,12.785714285714286
CHR,2025-06-30,0.2,-1.9,4.5,30.7,12.1,20.042857142857144,53.142857142857146,16.0,12.571428571428571
CHR,2025-07-07,2.0,1.3,6.5,27.4,9.5,18.457142857142856,60.57142857142857,15.0,13.885714285714286
CHR,2025-07-14,0.9,0.2,5.4,27.8,12.2,19.442857142857143,59.142857142857146,14.9,13.37142857142857
CHR,2025-07-21,2.5,1.8,5.6,28.6,11.8,19.114285714285717,60.0,12.8,12.085714285714285
CHR,2025-07-28,0.3,-0.4,5.7,28.8,8.7,17.2,52.285714285714285,12.6,15.785714285714286
CHR,2025-08-04,0.7,-0.5,4.4,30.0,9.4,19.12857142857143,57.57142857142857,15.8,14.314285714285713
CHR,2025-08-11,2.3000000000000003,1.1,5.8,29.2,12.4,20.342857142857145,56.42857142857143,15.2,16.442857142857143
CHR,2025-08-18,0.0,-1.2,3.3,36.5,12.1,23.185714285714287,36.285714285714285,13.9,12.142857142857142
CHR,2025-08-25,0.0,-1.2,3.0,35.9,14.0,24.771428571428572,35.285714285714285,13.0,17.428571428571427
CHR,2025-09-01,0.0,-2.4,2.3,37.4,15.3,25.385714285714283,46.42857142857143,12.7,16.814285714285713
CHR,2025-09-08,0.0,-2.4,0.0,35.0,15.9,26.3,37.857142857142854,12.3,17.428571428571427
CHR,2025-09-15,0.30000000000000004,-2.2,0.3,38.4,17.1,26.5,43.142857142857146,12.1,18.214285714285715
CHR,2025-09-22,1.4,-1.1,1.7,36.3,17.6,25.285714285714285,53.57142857142857,13.8,18.585714285714285
CHR,2025-09-29,5.8999999999999995,3.4,7.6,31.4,13.2,21.942857142857143,60.285714285714285,16.5,19.842857142857145
CHR,2025-10-06,0.0,-1.6,7.6,37.4,16.0,27.52857142857143,41.142857142857146,13.8,18.857142857142858
CHR,2025-10-13,2.5,0.9,9.8,38.2,20.0,27.900000000000002,49.142857142857146,12.9,20.7
CHR,2025-10-20,1.7000000000000002,0.1,10.1,41.6,17.4,24.942857142857143,51.57142857142857,15.4,18.0
CHR,2025-10-27,6.8,5.2,11.0,40.8,21.2,28.87142857142857,53.0,14.0,20.714285714285715
CHR,2025-11-03,41.9,9.4,52.9,34.9,19.1,24.457142857142856,67.14285714285714,22.7,20.24285714285714
CHR,2025-11-10,34.0,1.5,84.4,37.6,19.8,26.785714285714285,59.285714285714285,17.3,18.585714285714285
CHR,2025-11-17,40.0,7.5,122.7,33.1,17.2,22.62857142857143,73.14285714285714,31.5,15.271428571428572
CHR,2025-11-24,59.0,26.5,174.9,35.3,21.0,25.942857142857143,73.85714285714286,25.1,16.928571428571427
CHR,2025-12-01,5.7,-25.4,138.7,32.3,18.7,25.285714285714285,69.71428571428571,20.8,17.02857142857143
CHR,2025-12-08,3.7,-27.4,108.4,35.9,20.8,27.857142857142858,56.42857142857143,14.9,20.442857142857143
CHR,2025-12-15,69.2,38.1,137.6,34.1,21.5,25.814285714285713,76.0,25.4,17.914285714285715
CHR,2025-12-22,93.39999999999999,62.3,172.0,30.3,21.3,24.5,83.85714285714286,38.1,17.385714285714286
CHR,2025-12-29,3.1,-28.0,169.4,30.2,19.1,24.7,70.33333333333333,25.1,15.766666666666666
CHP,2024-01-01,15.5,-23.0,,27.9,14.9,20.814285714285713,79.57142857142857,42.2,16.357142857142858
CHP,2024-01-08,7.3,-31.2,,29.6,16.7,23.185714285714287,78.0,30.3,20.37142857142857
CHP,2024-01-15,45.8,7.3,,30.9,14.5,21.228571428571428,78.28571428571429,33.0,21.97142857142857
CHP,2024-01-22,3.7,-34.8,72.3,27.5,14.3,20.52857142857143,72.0,30.3,15.414285714285715
CHP,2024-01-29,25.7,-12.8,82.5,28.6,15.0,20.728571428571428,79.0,28.7,16.942857142857143
CHP,2024-02-05,25.0,-4.9,100.2,32.5,17.1,23.75714285714286,69.42857142857143,29.5,16.17142857142857
CHP,2024-02-12,0.9,-29.0,55.3,34.0,14.0,22.514285714285712,65.57142857142857,27.3,18.428571428571427
CHP,2024-02-19,1.7999999999999998,-28.1,53.4,34.2,15.3,23.24285714285714,67.57142857142857,21.3,19.25714285714286
CHP,2024-02-26,15.700000000000001,-14.2,43.4,30.3,14.3,20.24285714285714,79.57142857142857,33.5,19.75714285714286
CHP,2024-03-04,1.8,-14.7,20.2,33.6,17.3,24.52857142857143,68.14285714285714,25.1,17.157142857142855
CHP,2024-03-11,23.8,7.3,43.1,31.7,16.8,22.557142857142857,80.28571428571429,34.4,20.52857142857143
CHP,2024-03-18,8.2,-8.3,49.5,26.6,15.6,20.771428571428572,81.57142857142857,30.2,20.67142857142857
CHP,2024-03-25,12.8,-3.7,46.6,26.2,14.2,19.7,82.85714285714286,29.8,18.271428571428572
CHP,2024-04-01,35.300000000000004,22.4,80.1,29.3,14.6,20.642857142857142,83.42857142857143,30.6,16.657142857142855
CHP,2024-04-08,10.8,-2.1,67.1,28.9,14.1,18.785714285714285,84.14285714285714,39.5,20.414285714285715
CHP,2024-04-15,0.30000000000000004,-12.6,59.2,25.1,13.4,18.342857142857145,75.42857142857143,29.6,17.0
CHP,2024-04-22,3.8,-9.1,50.2,29.6,11.4,19.157142857142855,71.28571428571429,23.0,17.82857142857143
CHP,2024-04-29,0.3,-12.6,15.2,26.0,11.2,18.2,66.28571428571429,22.7,16.185714285714287
CHP,2024-05-06,0.0,-0.9,4.4,28.2,10.3,18.414285714285715,70.42857142857143,20.4,16.928571428571427
CHP,2024-05-13,3.1999999999999997,2.3,7.3,24.3,10.6,17.114285714285714,71.0,21.2,16.45714285714286
CHP,2024-05-20,0.0,-0.9,3.5,23.1,10.2,16.54285714285714,73.71428571428571,20.5,16.642857142857142
CHP,2024-05-27,0.1,-0.8,3.3,27.0,9.2,17.214285714285715,66.85714285714286,20.8,13.671428571428573
CHP,2024-06-03,1.4000000000000001,-2.2,4.7,30.6,9.3,18.52857142857143,51.142857142857146,19.9,20.857142857142858
CHP,2024-06-10,8.6,5.0,10.1,21.0,8.0,13.814285714285715,75.71428571428571,22.1,15.714285714285714
CHP,2024-06-17,2.2,-1.4,12.3,23.4,9.5,15.671428571428573,66.14285714285714,25.7,17.014285714285712
CHP,2024-06-24,15.099999999999998,11.5,27.3,21.3,8.5,14.171428571428573,81.28571428571429,31.0,17.67142857142857
CHP,2024-07-01,0.0,-1.4,25.9,25.8,5.1,15.142857142857142,50.857142857142854,27.3,11.62857142857143
CHP,2024-07-08,0.0,-1.4,17.3,27.4,7.6,18.32857142857143,36.714285714285715,22.3,13.714285714285714
CHP,2024-07-15,0.0,-1.4,15.1,27.2,10.3,18.442857142857143,56.714285714285715,20.1,15.771428571428572
CHP,2024-07-22,0.0,-1.4,0.0,29.7,9.4,19.214285714285715,54.714285714285715,19.3,15.071428571428571
CHP,2024-07-29,0.0,-1.4,0.0,29.0,9.7,17.4,64.57142857142857,19.2,18.74285714285714
CHP,2024-08-05,1.4,-0.6,1.4,32.1,11.8,19.47142857142857,57.857142857142854,19.8,19.87142857142857
CHP,2024-08-12,0.1,-1.9,1.5,30.6,7.8,18.7,53.57142857142857,19.4,19.985714285714288
CHP,2024-08-19,5.1,3.1,6.6,24.9,9.5,16.3,64.57142857142857,21.2,19.985714285714288
CHP,2024-08-26,7.3,5.3,13.9,31.2,8.3,17.457142857142856,63.0,22.3,21.014285714285712
CHP,2024-09-02,0.2,-3.5,12.7,30.6,7.0,17.071428571428573,67.28571428571429,21.9,20.02857142857143
CHP,2024-09-09,4.3,0.6,16.9,33.5,14.4,21.385714285714283,61.142857142857146,21.2,24.285714285714285
CHP,2024-09-16,6.9,3.2,18.7,35.2,12.4,20.37142857142857,62.42857142857143,21.7,23.0
CHP,2024-09-23,1.6,-2.1,13.0,34.7,10.7,20.414285714285715,63.142857142857146,24.7,19.428571428571427
CHP,2024-09-30,6.2,2.5,19.0,37.1,9.2,17.485714285714288,67.71428571428571,21.9,24.62857142857143
CHP,2024-10-07,0.0,-4.5,14.7,29.6,11.9,19.728571428571428,56.714285714285715,20.3,23.142857142857142
CHP,2024-10-14,2.8,-1.7,10.6,33.3,10.5,19.957142857142856,58.714285714285715,20.2,21.32857142857143
CHP,2024-10-21,9.3,4.8,18.3,33.9,14.7,22.67142857142857,72.71428571428571,23.0,21.457142857142856
CHP,2024-10-28,7.2,2.7,19.3,34.3,13.9,22.52857142857143,69.85714285714286,29.2,23.74285714285714
CHP,2024-11-04,13.7,-23.6,33.0,33.5,14.3,22.0,78.28571428571429,30.4,21.071428571428573
CHP,2024-11-11,67.5,30.2,97.7,33.9,14.7,21.014285714285712,74.57142857142857,39.9,19.87142857142857
CHP,2024-11-18,1.9000000000000001,-35.4,90.3,32.8,15.3,23.014285714285712,63.285714285714285,26.6,17.8
CHP,2024-11-25,17.4,-19.9,100.5,33.7,12.3,22.02857142857143,68.42857142857143,31.9,19.428571428571427
CHP,2024-12-02,0.0,-31.9,86.8,33.9,13.1,24.24285714285714,57.857142857142854,25.7,20.599999999999998
CHP,2024-12-09,0.5,-31.4,19.8,37.2,17.5,25.857142857142858,50.142857142857146,23.4,20.614285714285717
CHP,2024-12-16,11.100000000000001,-20.8,29.0,33.6,18.8,24.542857142857144,69.14285714285714,30.2,18.67142857142857
CHP,2024-12-23,72.8,40.9,84.4,35.2,18.5,23.099999999999998,80.14285714285714,38.4,14.814285714285715
CHP,2024-12-30,25.9,-6.0,110.3,29.4,19.3,23.071428571428573,82.85714285714286,40.7,17.257142857142856
CHP,2025-01-06,38.9,0.4,148.7,30.8,19.1,23.385714285714283,79.57142857142857,42.7,14.314285714285715
CHP,2025-01-13,134.49999999999997,96.0,272.1,31.5,18.7,22.2,85.57142857142857,43.6,14.428571428571429
CHP,2025-01-20,66.0,27.5,265.3,27.8,18.2,20.985714285714288,87.71428571428571,48.8,18.62857142857143
CHP,2025-01-27,8.9,-29.6,248.3,29.6,15.5,21.45714285714286,75.0,42.5,16.02857142857143
CHP,2025-02-03,67.2,37.3,276.6,28.9,16.5,21.900000000000002,80.0,33.0,16.557142857142857
CHP,2025-02-10,61.5,31.6,203.6,27.1,18.0,21.214285714285715,91.85714285714286,48.6,13.642857142857142
CHP,2025-02-17,30.4,0.5,168.0,27.4,18.6,22.400000000000002,86.42857142857143,39.6,12.985714285714286
CHP,2025-02-24,36.8,6.9,195.9,28.0,17.1,21.400000000000002,84.0,42.7,14.914285714285715
CHP,2025-03-03,7.3,-9.2,136.0,27.8,16.7,21.685714285714287,82.0,33.2,14.142857142857142
CHP,2025-03-10,79.60000000000001,63.1,154.1,27.4,15.8,19.67142857142857,86.0,43.3,18.04285714285714
CHP,2025-03-17,8.6,-7.9,132.3,26.6,14.1,19.228571428571428,81.28571428571429,39.2,11.028571428571428
CHP,2025-03-24,3.7,-12.8,99.2,26.9,14.4,20.457142857142856,78.42857142857143,30.6,14.728571428571428
CHP,2025-03-31,2.9,-13.6,94.8,28.1,14.6,20.37142857142857,80.85714285714286,28.7,16.942857142857143
CHP,2025-04-07,11.6,-1.3,26.8,29.6,14.2,20.571428571428573,78.0,30.8,14.385714285714286
CHP,2025-04-14,39.3,26.4,57.5,26.7,13.2,18.357142857142858,85.28571428571429,40.4,14.485714285714286
CHP,2025-04-21,3.7,-9.2,57.5,25.8,13.4,19.085714285714285,80.85714285714286,34.9,14.914285714285715
CHP,2025-04-28,11.2,-1.7,65.8,27.7,12.2,18.185714285714287,79.28571428571429,29.8,13.814285714285715
CHP,2025-05-05,0.0,-0.9,54.2,25.5,9.5,16.185714285714287,71.85714285714286,26.3,12.0
CHP,2025-05-12,1.5,0.6,16.4,23.8,10.9,16.1,79.0,30.0,14.757142857142856
CHP,2025-05-19,2.0,1.1,14.7,27.9,10.6,16.32857142857143,73.42857142857143,31.4,15.985714285714284
CHP,2025-05-26,0.4,-0.5,3.9,22.5,10.1,15.200000000000001,71.14285714285714,34.9,11.442857142857141
CHP,2025-06-02,1.1,-2.5,5.0,23.5,9.9,15.828571428571427,70.57142857142857,30.2,11.357142857142858
CHP,2025-06-09,1.2000000000000002,-2.4,4.7,25.9,9.0,14.6,67.85714285714286,28.8,16.985714285714288
CHP,2025-06-16,2.0,-1.6,4.7,23.7,10.5,15.957142857142857,69.57142857142857,30.6,12.0
CHP,2025-06-23,0.8,-2.8,5.1,23.4,7.3,15.314285714285715,69.71428571428571,33.1,14.071428571428571
CHP,2025-06-30,0.4,-3.2,4.4,24.6,9.3,15.928571428571429,64.14285714285714,33.8,14.385714285714286
CHP,2025-07-07,7.1,5.7,10.3,24.1,8.7,14.514285714285714,74.0,35.4,17.285714285714285
CHP,2025-07-14,1.7,0.3,10.0,22.9,8.1,14.685714285714285,72.42857142857143,34.8,14.357142857142858
CHP,2025-07-21,1.7,0.3,10.9,22.4,8.9,14.585714285714285,69.0,36.4,13.942857142857141
CHP,2025-07-28,1.9000000000000001,0.5,12.4,22.8,5.7,12.4,66.71428571428571,36.2,17.0
CHP,2025-08-04,0.7999999999999999,-1.2,6.1,24.3,6.1,14.799999999999999,69.57142857142857,31.5,15.299999999999999
CHP,2025-08-11,1.0,-1.0,5.4,24.6,9.5,15.671428571428573,66.28571428571429,28.8,16.342857142857145
CHP,2025-08-18,0.0,-2.0,3.7,30.8,9.9,18.571428571428573,47.42857142857143,26.6,14.5
CHP,2025-08-25,0.0,-2.0,1.8,31.2,9.7,19.67142857142857,45.42857142857143,23.1,19.400000000000002
CHP,2025-09-01,0.0,-3.7,1.0,31.2,12.7,20.52857142857143,55.0,23.1,18.2
CHP,2025-09-08,0.0,-3.7,0.0,28.6,11.7,20.557142857142857,50.0,23.1,20.87142857142857
CHP,2025-09-15,0.0,-3.7,0.0,32.7,12.9,21.342857142857145,53.0,22.8,19.542857142857144
CHP,2025-09-22,4.8,1.1,4.8,33.1,12.4,20.5,70.14285714285714,24.3,19.785714285714285
CHP,2025-09-29,13.2,9.5,18.0,27.7,10.5,17.728571428571428,72.0,26.9,19.071428571428573
CHP,2025-10-06,0.0,-4.5,18.0,31.3,12.4,21.157142857142855,58.142857142857146,21.0,20.357142857142858
CHP,2025-10-13,2.3,-2.2,20.3,31.8,14.6,21.914285714285715,65.85714285714286,20.0,21.8
CHP,2025-10-20,5.5,1.0,21.0,34.2,12.1,19.25714285714286,71.28571428571429,26.4,17.442857142857143
CHP,2025-10-27,8.9,4.4,16.7,34.0,14.6,22.87142857142857,66.71428571428571,24.0,22.071428571428573
CHP,2025-11-03,40.9,3.6,57.6,26.2,15.8,19.728571428571428,81.85714285714286,36.8,21.685714285714287
CHP,2025-11-10,58.2,20.9,113.5,28.4,15.3,20.557142857142857,81.0,42.4,18.32857142857143
CHP,2025-11-17,20.3,-17.0,128.3,27.4,12.9,18.75714285714286,81.14285714285714,45.1,15.528571428571428
CHP,2025-11-24,78.8,41.5,198.2,29.2,16.4,21.47142857142857,84.14285714285714,46.3,15.514285714285714
CHP,2025-12-01,39.9,8.0,197.2,27.2,15.3,20.2,85.14285714285714,48.3,17.142857142857142
CHP,2025-12-08,15.799999999999999,-16.1,154.8,28.3,15.8,21.2,78.14285714285714,44.1,18.714285714285715
CHP,2025-12-15,49.0,17.1,183.5,27.9,16.3,20.928571428571427,86.85714285714286,46.0,16.514285714285712
CHP,2025-12-22,100.4,68.5,205.1,27.4,16.8,20.714285714285715,88.71428571428571,49.1,16.742857142857144
CHP,2025-12-29,3.2,-28.7,168.4,25.4,15.8,20.066666666666666,78.66666666666667,40.7,18.5
MTS,2024-01-01,22.7,-21.6,,24.2,12.6,17.985714285714288,83.71428571428571,46.8,11.885714285714286
MTS,2024-01-08,16.599999999999998,-27.7,,25.5,14.1,19.657142857142855,84.85714285714286,41.1,14.028571428571428
MTS,2024-01-15,91.2,46.9,,25.6,11.6,17.67142857142857,88.28571428571429,46.3,11.799999999999999
MTS,2024-01-22,13.4,-30.9,143.9,23.1,10.6,16.8,80.85714285714286,44.6,13.457142857142857
MTS,2024-01-29,20.9,-23.4,142.1,23.9,12.0,17.5,83.28571428571429,42.5,11.357142857142858
MTS,2024-02-05,2.7,-27.9,128.2,27.5,12.8,20.24285714285714,73.57142857142857,34.9,13.685714285714285
MTS,2024-02-12,7.5,-23.1,44.5,28.8,11.2,19.314285714285713,69.28571428571429,34.0,14.685714285714285
MTS,2024-02-19,7.2,-23.4,38.3,27.3,12.3,19.485714285714288,75.42857142857143,30.5,13.442857142857141
MTS,2024-02-26,29.9,-0.7,47.3,24.9,10.7,17.314285714285713,83.28571428571429,40.0,14.342857142857143
MTS,2024-03-04,8.0,-15.3,52.6,28.9,13.9,20.642857142857142,76.0,33.6,14.514285714285714
MTS,2024-03-11,21.2,-2.1,66.3,28.0,15.6,20.02857142857143,78.71428571428571,34.8,15.285714285714286
MTS,2024-03-18,8.5,-14.8,67.6,23.4,12.6,17.614285714285717,83.85714285714286,33.6,14.614285714285714
MTS,2024-03-25,15.9,-7.4,53.6,24.2,13.5,17.2,85.85714285714286,37.0,12.742857142857144
MTS,2024-04-01,12.5,-4.3,58.1,25.3,12.1,17.957142857142856,84.85714285714286,34.1,11.200000000000001
MTS,2024-04-08,28.3,11.5,65.2,25.7,11.8,16.085714285714285,89.42857142857143,42.4,14.585714285714285
MTS,2024-04-15,1.3,-15.5,58.0,22.8,9.5,15.214285714285714,81.57142857142857,36.4,11.257142857142856
MTS,2024-04-22,9.3,-7.5,51.4,26.1,8.4,15.7,73.0,29.7,13.714285714285714
MTS,2024-04-29,0.3,-16.5,39.2,21.7,7.8,14.385714285714286,72.71428571428571,32.2,12.257142857142856
MTS,2024-05-06,0.0,-2.7,10.9,24.9,8.0,15.514285714285716,75.71428571428571,27.8,10.085714285714285
MTS,2024-05-13,2.7,0.0,12.3,20.6,8.3,13.700000000000001,79.57142857142857,27.4,14.1
MTS,2024-05-20,3.4,0.7,6.4,18.5,8.5,12.914285714285715,83.0,28.3,12.942857142857141
MTS,2024-05-27,2.3,-0.4,8.4,21.2,8.2,13.299999999999999,75.28571428571429,30.3,13.37142857142857
MTS,2024-06-03,0.7,-5.9,9.1,24.3,7.6,15.5,64.28571428571429,31.2,14.5
MTS,2024-06-10,6.6,0.0,13.0,17.2,5.5,10.385714285714286,79.14285714285714,30.4,14.928571428571429
MTS,2024-06-17,0.9,-5.7,10.5,19.2,6.3,11.885714285714286,73.28571428571429,31.2,14.557142857142859
MTS,2024-06-24,20.1,13.5,28.3,17.5,6.0,10.657142857142857,86.42857142857143,38.8,15.87142857142857
MTS,2024-07-01,0.0,-3.4,27.6,20.4,3.9,12.042857142857143,55.57142857142857,37.4,10.857142857142858
MTS,2024-07-08,0.0,-3.4,21.0,22.6,4.1,14.12857142857143,41.42857142857143,31.0,11.471428571428572
MTS,2024-07-15,0.0,-3.4,20.1,22.7,7.3,14.842857142857143,53.714285714285715,27.6,10.028571428571428
MTS,2024-07-22,0.0,-3.4,0.0,25.9,8.0,15.942857142857141,52.285714285714285,25.0,11.457142857142857
MTS,2024-07-29,0.2,-3.2,0.2,24.4,7.5,14.771428571428572,61.57142857142857,23.4,14.428571428571429
MTS,2024-08-05,0.4,-5.6,0.6,27.0,9.5,16.485714285714288,57.57142857142857,23.6,12.742857142857144
MTS,2024-08-12,1.7,-4.3,2.3,26.5,6.1,15.357142857142858,53.142857142857146,24.5,14.771428571428572
MTS,2024-08-19,5.1,-0.9,7.4,21.4,5.4,12.4,71.85714285714286,26.2,14.157142857142857
MTS,2024-08-26,37.0,31.0,44.2,26.8,6.2,14.72857142857143,66.57142857142857,32.9,14.471428571428572
MTS,2024-09-02,1.6,-4.9,45.4,24.5,5.0,13.271428571428572,72.42857142857143,35.6,14.942857142857141
MTS,2024-09-09,0.5,-6.0,44.2,25.9,12.1,18.385714285714283,56.857142857142854,27.4,19.24285714285714
MTS,2024-09-16,11.9,5.4,51.0,29.1,10.6,18.557142857142857,56.285714285714285,24.7,17.185714285714287
MTS,2024-09-23,6.199999999999999,-0.3,20.2,29.4,8.5,17.728571428571428,61.285714285714285,34.4,12.957142857142857
MTS,2024-09-30,24.0,17.5,42.6,32.0,7.2,14.285714285714286,73.28571428571429,36.8,18.857142857142858
MTS,2024-10-07,0.1,-11.6,42.2,24.9,8.4,16.071428571428573,64.42857142857143,31.1,17.257142857142856
MTS,2024-10-14,15.9,4.2,46.2,28.0,8.7,16.742857142857144,67.85714285714286,33.6,14.728571428571428
MTS,2024-10-21,14.100000000000001,2.4,54.1,28.1,12.0,19.67142857142857,71.71428571428571,31.3,14.757142857142856
MTS,2024-10-28,30.9,19.2,61.0,28.5,13.7,19.157142857142855,77.71428571428571,43.9,13.185714285714285
MTS,2024-11-04,8.6,-39.3,69.5,27.6,12.3,19.228571428571428,77.71428571428571,38.4,14.900000000000002
MTS,2024-11-11,67.1,19.2,120.7,28.1,11.2,17.95714285714286,81.14285714285714,43.0,14.542857142857143
MTS,2024-11-18,19.4,-28.5,126.0,26.0,11.2,18.957142857142856,71.42857142857143,40.8,13.171428571428573
MTS,2024-11-25,42.6,-5.3,137.7,26.4,9.5,17.97142857142857,78.71428571428571,43.2,14.685714285714287
MTS,2024-12-02,0.7,-51.8,129.8,28.4,11.0,20.228571428571428,62.285714285714285,33.8,14.042857142857143
MTS,2024-12-09,0.7,-51.8,63.4,30.7,14.4,21.12857142857143,60.857142857142854,26.1,16.014285714285712
MTS,2024-12-16,30.9,-21.6,74.9,26.5,15.9,20.214285714285715,76.14285714285714,34.9,16.9
MTS,2024-12-23,42.2,-10.3,74.5,28.5,15.4,20.114285714285717,81.0,37.6,11.299999999999999
MTS,2024-12-30,40.2,-12.3,114.0,24.2,16.3,19.3,88.14285714285714,47.3,13.37142857142857
MTS,2025-01-06,60.6,16.3,173.9,26.3,15.9,19.5,84.0,48.9,11.028571428571428
MTS,2025-01-13,66.1,21.8,209.1,26.7,15.7,19.571428571428573,84.57142857142857,46.5,10.928571428571429
MTS,2025-01-20,82.9,38.6,249.8,24.5,14.5,17.97142857142857,90.28571428571429,49.6,14.714285714285714
MTS,2025-01-27,24.200000000000003,-20.1,233.8,25.4,13.4,18.342857142857145,81.71428571428571,45.4,12.142857142857142
MTS,2025-02-03,50.4,19.8,223.6,25.2,13.0,18.400000000000002,84.14285714285714,38.0,14.8
MTS,2025-02-10,67.7,37.1,225.2,24.7,14.1,18.75714285714286,91.14285714285714,49.6,9.700000000000001
MTS,2025-02-17,50.3,19.7,192.6,24.8,14.4,19.3,89.0,48.5,9.914285714285715
MTS,2025-02-24,28.799999999999997,-1.8,197.2,24.3,14.6,18.75714285714286,86.85714285714286,47.1,13.314285714285715
MTS,2025-03-03,10.7,-12.6,157.5,24.0,14.7,18.457142857142856,86.28571428571429,40.8,11.62857142857143
MTS,2025-03-10,118.8,95.5,208.6,23.1,13.3,16.72857142857143,90.28571428571429,47.0,16.285714285714285
MTS,2025-03-17,9.3,-14.0,167.6,23.7,11.6,16.45714285714286,85.42857142857143,44.5,9.814285714285715
MTS,2025-03-24,8.4,-14.9,147.2,22.8,12.1,17.085714285714285,84.42857142857143,38.4,10.757142857142856
MTS,2025-03-31,9.1,-14.2,145.6,23.7,12.4,17.114285714285714,84.42857142857143,40.5,12.542857142857143
MTS,2025-04-07,20.400000000000002,3.6,47.2,24.8,11.2,17.37142857142857,84.42857142857143,39.0,11.528571428571428
MTS,2025-04-14,40.1,23.3,78.0,22.3,11.5,15.757142857142856,91.71428571428571,45.5,10.985714285714286
MTS,2025-04-21,15.3,-1.5,84.9,22.3,11.4,16.228571428571428,86.71428571428571,45.7,10.728571428571428
MTS,2025-04-28,23.799999999999997,7.0,99.6,23.3,9.3,15.642857142857142,84.57142857142857,46.1,11.257142857142856
MTS,2025-05-05,0.0,-2.7,79.2,21.9,6.1,13.157142857142857,77.0,43.3,8.971428571428572
MTS,2025-05-12,5.6,2.9,44.7,20.4,7.3,13.028571428571428,83.42857142857143,42.5,11.785714285714286
MTS,2025-05-19,4.4,1.7,33.8,23.3,8.3,13.314285714285715,80.57142857142857,41.3,14.414285714285715
MTS,2025-05-26,3.2,0.5,13.2,18.4,7.1,11.5,80.71428571428571,42.6,11.671428571428573
MTS,2025-06-02,2.6999999999999997,-3.9,15.9,20.7,8.0,12.528571428571428,77.85714285714286,43.1,11.514285714285714
MTS,2025-06-09,3.0,-3.6,13.3,22.2,6.2,11.857142857142858,78.57142857142857,44.1,14.414285714285715
MTS,2025-06-16,1.5,-5.1,10.4,19.5,7.8,13.014285714285714,73.28571428571429,43.8,11.428571428571429
MTS,2025-06-23,3.6999999999999997,-2.9,10.9,20.3,8.1,12.757142857142856,72.14285714285714,43.9,12.242857142857144
MTS,2025-06-30,19.8,13.2,28.0,20.3,7.2,12.714285714285714,71.57142857142857,46.8,12.057142857142859
MTS,2025-07-07,12.6,9.2,37.6,19.2,5.9,11.028571428571428,78.42857142857143,45.4,15.157142857142857
MTS,2025-07-14,6.800000000000001,3.4,42.9,18.7,6.2,11.6,78.42857142857143,43.7,12.585714285714285
MTS,2025-07-21,5.3,1.9,44.5,17.7,6.9,11.042857142857143,76.28571428571429,45.4,13.0
MTS,2025-07-28,5.7,2.3,30.4,18.6,3.4,9.114285714285714,75.0,45.0,14.314285714285715
MTS,2025-08-04,2.9,-3.1,20.7,20.9,3.5,12.028571428571428,72.28571428571429,42.0,12.142857142857142
MTS,2025-08-11,0.1,-5.9,14.0,20.1,6.8,12.157142857142857,73.57142857142857,42.0,14.085714285714285
MTS,2025-08-18,0.7,-5.3,9.4,25.1,6.7,14.728571428571428,51.142857142857146,42.0,12.385714285714286
MTS,2025-08-25,0.0,-6.0,3.7,24.5,9.6,16.25714285714286,47.42857142857143,35.4,16.87142857142857
MTS,2025-09-01,0.0,-6.5,0.8,25.7,9.4,17.2,50.857142857142854,27.9,16.728571428571428
MTS,2025-09-08,0.0,-6.5,0.7,24.3,11.0,17.02857142857143,57.142857142857146,24.4,15.342857142857143
MTS,2025-09-15,0.0,-6.5,0.0,28.9,9.3,18.085714285714285,52.42857142857143,22.2,17.342857142857145
MTS,2025-09-22,7.5,1.0,7.5,27.9,9.9,18.04285714285714,68.0,24.8,15.185714285714285
MTS,2025-09-29,13.3,6.8,20.8,26.3,7.0,14.914285714285715,77.14285714285714,38.9,15.77142857142857
MTS,2025-10-06,0.2,-11.5,21.0,26.5,10.7,17.685714285714287,59.0,30.8,16.414285714285715
MTS,2025-10-13,0.7000000000000001,-11.0,21.7,26.4,12.8,18.599999999999998,68.14285714285714,25.8,16.3
MTS,2025-10-20,21.0,9.3,35.2,28.5,10.3,16.742857142857144,75.28571428571429,30.0,13.557142857142859
MTS,2025-10-27,10.600000000000001,-1.1,32.5,27.8,11.4,19.82857142857143,66.14285714285714,25.7,16.67142857142857
MTS,2025-11-03,91.60000000000001,43.7,123.9,24.4,12.7,16.357142857142858,89.28571428571429,44.5,15.485714285714286
MTS,2025-11-10,57.8,9.9,181.0,23.4,13.6,17.2,87.85714285714286,48.7,13.857142857142858
MTS,2025-11-17,43.6,-4.3,203.6,23.2,11.0,16.0,86.28571428571429,48.9,12.014285714285714
MTS,2025-11-24,52.2,4.3,245.2,26.0,14.8,18.785714285714285,82.57142857142857,47.4,12.114285714285714
MTS,2025-12-01,76.7,24.2,230.3,23.9,13.7,17.114285714285714,89.42857142857143,49.8,11.842857142857143
MTS,2025-12-08,61.4,8.9,233.9,24.7,11.5,17.514285714285712,85.71428571428571,47.0,13.171428571428573
MTS,2025-12-15,83.19999999999999,30.7,273.5,24.1,14.1,17.95714285714286,90.0,47.7,11.242857142857144
MTS,2025-12-22,177.7,125.2,399.0,23.2,14.5,18.014285714285712,91.0,49.6,12.799999999999999
MTS,2025-12-29,11.5,-41.0,333.8,22.7,13.6,16.76666666666667,88.33333333333333,46.2,16.0
NYG,2024-01-01,14.0,-20.3,,25.1,12.6,18.785714285714285,75.71428571428571,45.8,11.085714285714285
NYG,2024-01-08,41.7,7.4,,25.4,14.8,19.842857142857145,79.85714285714286,45.4,9.142857142857142
NYG,2024-01-15,80.2,45.9,,24.3,13.2,17.857142857142858,83.57142857142857,48.7,15.828571428571427
NYG,2024-01-22,2.0,-32.3,137.9,23.6,11.4,17.12857142857143,75.0,41.7,14.742857142857144
NYG,2024-01-29,10.5,-23.8,134.4,24.6,12.2,17.914285714285715,76.14285714285714,37.2,12.114285714285714
NYG,2024-02-05,1.2,-35.5,93.9,27.5,12.8,20.085714285714285,70.0,31.6,14.400000000000002
NYG,2024-02-12,1.9,-34.8,15.6,28.2,11.7,19.37142857142857,63.57142857142857,27.0,17.1
NYG,2024-02-19,2.5999999999999996,-34.1,16.2,27.4,12.7,19.87142857142857,67.42857142857143,25.2,14.771428571428572
NYG,2024-02-26,13.700000000000001,-23.0,19.4,26.9,11.8,18.342857142857145,73.42857142857143,30.9,17.142857142857142
NYG,2024-03-04,4.2,-13.6,22.4,27.9,14.2,20.442857142857143,70.71428571428571,33.7,10.857142857142858
NYG,2024-03-11,33.0,15.2,53.5,27.2,14.7,20.0,75.42857142857143,35.1,12.200000000000001
NYG,2024-03-18,2.0,-15.8,52.9,24.9,12.2,18.228571428571428,73.42857142857143,32.0,15.557142857142859
NYG,2024-03-25,5.3999999999999995,-12.4,44.6,26.4,14.0,18.814285714285713,72.71428571428571,28.5,16.342857142857145
NYG,2024-04-01,7.199999999999999,-3.0,47.6,26.4,12.9,19.342857142857145,72.0,26.1,12.242857142857144
NYG,2024-04-08,9.1,-1.1,23.7,25.4,12.8,17.32857142857143,77.28571428571429,39.2,13.5
NYG,2024-04-15,1.2,-9.0,22.9,24.5,9.0,16.385714285714286,70.42857142857143,35.4,12.657142857142857
NYG,2024-04-22,2.4,-7.8,19.9,27.3,9.1,16.585714285714285,58.142857142857146,27.0,15.042857142857143
NYG,2024-04-29,0.0,-10.2,12.7,23.6,8.1,15.285714285714286,60.0,26.3,16.52857142857143
NYG,2024-05-06,0.0,-0.4,3.6,25.2,7.7,16.02857142857143,62.714285714285715,24.5,12.485714285714286
NYG,2024-05-13,0.6000000000000001,0.3,3.0,21.5,7.9,14.542857142857143,68.71428571428571,24.3,14.971428571428572
NYG,2024-05-20,0.9,0.6,1.5,21.3,7.5,13.814285714285715,72.85714285714286,24.5,12.785714285714286
NYG,2024-05-27,0.0,-0.4,1.5,21.6,5.7,13.157142857142857,68.0,25.6,14.62857142857143
NYG,2024-06-03,0.1,-1.4,1.6,25.0,8.5,15.971428571428572,56.142857142857146,25.4,19.87142857142857
NYG,2024-06-10,1.3,-0.2,2.3,18.3,4.3,10.957142857142857,70.28571428571429,23.8,15.6
NYG,2024-06-17,0.3,-1.2,1.7,20.9,6.1,12.157142857142857,64.71428571428571,24.1,15.342857142857143
NYG,2024-06-24,5.4,3.9,7.1,18.3,6.9,11.914285714285715,73.28571428571429,26.8,16.285714285714285
NYG,2024-07-01,0.0,-1.6,7.0,22.0,6.1,13.328571428571427,44.857142857142854,26.8,11.514285714285714
NYG,2024-07-08,0.0,-1.6,5.7,22.6,5.8,13.985714285714286,34.57142857142857,23.8,9.885714285714286
NYG,2024-07-15,0.0,-1.6,5.4,24.7,7.2,14.928571428571429,43.142857142857146,22.8,10.057142857142859
NYG,2024-07-22,0.0,-1.6,0.0,24.8,8.8,15.814285714285715,42.0,22.2,11.642857142857142
NYG,2024-07-29,0.0,-1.6,0.0,25.2,6.5,15.385714285714286,43.714285714285715,22.1,15.128571428571428
NYG,2024-08-05,0.1,-1.0,0.1,27.9,8.6,16.414285714285715,49.285714285714285,22.0,12.485714285714286
NYG,2024-08-12,0.1,-1.0,0.2,27.1,6.4,15.557142857142859,41.714285714285715,22.1,14.985714285714284
NYG,2024-08-19,0.6,-0.5,0.8,23.8,6.0,13.714285714285714,57.57142857142857,22.3,16.04285714285714
NYG,2024-08-26,8.1,7.0,8.9,25.8,7.4,15.614285714285714,56.714285714285715,24.4,19.057142857142857
NYG,2024-09-02,0.0,-0.7,8.8,26.3,4.0,13.742857142857144,60.857142857142854,26.9,13.328571428571427
NYG,2024-09-09,0.0,-0.7,8.7,27.7,11.0,18.8,46.42857142857143,22.9,18.114285714285717
NYG,2024-09-16,0.5,-0.2,8.6,29.3,12.5,19.014285714285712,47.57142857142857,22.1,17.342857142857145
NYG,2024-09-23,0.2,-0.5,0.7,30.4,9.8,18.957142857142856,46.714285714285715,22.4,16.785714285714285
NYG,2024-09-30,2.0,1.3,2.7,32.0,7.7,15.842857142857143,58.57142857142857,23.7,25.32857142857143
NYG,2024-10-07,0.4,-6.2,3.1,26.5,9.3,16.857142857142858,52.714285714285715,22.7,17.685714285714287
NYG,2024-10-14,18.1,11.5,20.7,27.7,9.7,17.3,61.857142857142854,30.0,18.3
NYG,2024-10-21,6.9,0.3,27.4,28.9,11.9,20.67142857142857,56.57142857142857,26.5,13.542857142857143
NYG,2024-10-28,13.0,6.4,38.4,29.4,13.4,20.214285714285715,66.28571428571429,32.8,14.5
NYG,2024-11-04,3.5,-34.4,41.5,29.2,13.2,20.342857142857145,63.285714285714285,31.1,14.614285714285714
NYG,2024-11-11,47.5,9.6,70.9,29.7,12.4,18.97142857142857,71.28571428571429,39.2,15.885714285714286
NYG,2024-11-18,5.8,-32.1,69.8,27.9,12.6,20.142857142857142,58.42857142857143,33.4,16.142857142857142
NYG,2024-11-25,16.5,-21.4,73.3,26.3,9.0,18.685714285714287,69.57142857142857,34.6,18.17142857142857
NYG,2024-12-02,0.5,-34.0,70.3,30.8,10.5,20.914285714285715,48.0,28.2,15.6
NYG,2024-12-09,0.4,-34.1,23.2,30.8,14.0,22.042857142857144,50.285714285714285,25.6,16.914285714285715
NYG,2024-12-16,33.300000000000004,-1.2,50.7,27.6,15.8,20.728571428571428,69.0,35.3,14.7
NYG,2024-12-23,24.700000000000003,-9.8,58.9,28.2,15.7,20.957142857142856,69.14285714285714,38.8,12.542857142857143
NYG,2024-12-30,51.9,17.4,110.3,25.1,15.3,19.214285714285715,83.85714285714286,47.1,10.957142857142857
NYG,2025-01-06,48.5,14.2,158.4,25.2,15.2,18.685714285714287,84.57142857142857,48.2,13.314285714285715
NYG,2025-01-13,47.7,13.4,172.8,26.1,15.1,19.785714285714285,77.71428571428571,43.3,13.314285714285715
NYG,2025-01-20,40.3,6.0,188.4,24.2,14.1,18.771428571428572,81.42857142857143,47.9,13.657142857142857
NYG,2025-01-27,24.0,-10.3,160.5,26.3,12.5,18.814285714285713,76.14285714285714,43.0,12.5
NYG,2025-02-03,32.900000000000006,-3.8,144.9,26.2,13.1,18.914285714285715,75.0,36.5,14.914285714285715
NYG,2025-02-10,132.4,95.7,229.6,23.8,13.9,18.857142857142858,85.14285714285714,48.8,10.742857142857144
NYG,2025-02-17,60.9,24.2,250.2,24.2,15.0,19.028571428571432,86.28571428571429,48.0,9.799999999999999
NYG,2025-02-24,47.8,11.1,274.0,24.1,14.7,18.8,83.0,47.9,12.285714285714286
NYG,2025-03-03,12.5,-5.3,253.6,25.3,13.9,18.957142857142856,77.42857142857143,41.8,10.942857142857141
NYG,2025-03-10,90.8,73.0,212.0,24.7,12.3,17.67142857142857,79.57142857142857,45.1,18.2
NYG,2025-03-17,6.6,-11.2,157.7,24.2,10.9,17.45714285714286,76.42857142857143,39.2,13.342857142857143
NYG,2025-03-24,5.1,-12.7,115.0,24.4,11.7,17.67142857142857,75.42857142857143,33.2,12.62857142857143
NYG,2025-03-31,0.5,-17.3,103.0,24.1,12.8,18.214285714285715,72.85714285714286,31.8,14.928571428571429
NYG,2025-04-07,6.0,-4.2,18.2,25.6,12.0,18.314285714285713,73.85714285714286,28.6,13.571428571428571
NYG,2025-04-14,56.6,46.4,68.2,23.3,12.5,16.742857142857144,81.57142857142857,38.4,13.642857142857142
NYG,2025-04-21,4.7,-5.5,67.8,23.5,11.9,17.2,76.71428571428571,41.7,11.242857142857144
NYG,2025-04-28,4.3,-5.9,71.6,23.1,10.3,16.314285714285713,75.0,37.0,15.328571428571427
NYG,2025-05-05,0.0,-0.4,65.6,23.4,6.0,14.157142857142857,64.71428571428571,29.8,12.042857142857143
NYG,2025-05-12,1.1,0.8,10.1,22.2,7.7,14.528571428571428,70.42857142857143,26.7,17.885714285714286
NYG,2025-05-19,0.1,-0.2,5.5,24.4,9.2,14.257142857142856,69.0,24.3,20.514285714285712
NYG,2025-05-26,0.1,-0.2,1.3,19.5,6.1,12.714285714285714,68.57142857142857,23.9,11.971428571428572
NYG,2025-06-02,0.0,-1.5,1.3,19.6,7.0,12.9,66.0,27.9,12.62857142857143
NYG,2025-06-09,1.7000000000000002,0.2,1.9,21.8,7.1,13.142857142857142,72.57142857142857,33.1,17.285714285714285
NYG,2025-06-16,0.0,-1.5,1.8,20.0,5.9,13.142857142857142,65.14285714285714,35.6,12.671428571428573
NYG,2025-06-23,0.2,-1.3,1.9,21.3,7.2,12.957142857142857,66.14285714285714,36.0,12.171428571428573
NYG,2025-06-30,4.3,2.8,6.2,21.0,7.7,13.157142857142857,65.28571428571429,39.3,13.214285714285714
NYG,2025-07-07,6.6,5.0,11.1,20.3,6.2,11.642857142857142,69.71428571428571,41.5,17.3
NYG,2025-07-14,3.5,1.9,14.6,19.5,4.9,12.057142857142859,71.57142857142857,41.7,13.028571428571428
NYG,2025-07-21,1.4,-0.2,15.8,19.0,6.1,11.642857142857142,67.71428571428571,45.7,13.985714285714286
NYG,2025-07-28,3.1999999999999997,1.6,14.7,20.2,3.6,9.799999999999999,67.85714285714286,45.7,16.257142857142856
NYG,2025-08-04,0.0,-1.1,8.1,19.9,2.8,12.299999999999999,62.142857142857146,44.8,13.057142857142859
NYG,2025-08-11,0.0,-1.1,4.6,21.2,6.1,12.657142857142857,64.85714285714286,43.5,17.257142857142856
NYG,2025-08-18,0.0,-1.1,3.2,25.6,6.3,14.5,46.0,41.2,13.171428571428569
NYG,2025-08-25,0.0,-1.1,0.0,25.1,9.2,16.1,39.42857142857143,35.9,13.357142857142858
NYG,2025-09-01,0.0,-0.7,0.0,26.0,9.1,17.17142857142857,43.0,31.2,17.34285714285714
NYG,2025-09-08,0.3,-0.4,0.3,25.3,10.9,17.257142857142856,49.0,28.3,16.285714285714285
NYG,2025-09-15,0.0,-0.7,0.3,28.1,8.2,18.04285714285714,44.42857142857143,26.3,18.157142857142855
NYG,2025-09-22,1.5,0.8,1.8,28.2,10.3,18.74285714285714,55.714285714285715,26.5,15.12857142857143
NYG,2025-09-29,2.1,1.4,3.9,27.8,7.1,16.45714285714286,64.0,28.0,17.900000000000002
NYG,2025-10-06,0.5,-6.1,4.1,27.6,10.4,18.457142857142856,50.57142857142857,26.8,16.45714285714286
NYG,2025-10-13,0.4,-6.2,4.5,27.5,13.2,19.342857142857145,57.0,25.2,15.771428571428572
NYG,2025-10-20,10.1,3.5,13.1,27.2,12.0,18.114285714285714,62.857142857142854,27.8,17.62857142857143
NYG,2025-10-27,3.4,-3.2,14.4,28.1,13.6,20.514285714285712,56.0,26.9,19.457142857142856
NYG,2025-11-03,72.8,34.9,86.7,24.8,13.3,17.557142857142857,78.14285714285714,48.6,19.857142857142858
NYG,2025-11-10,65.2,27.3,151.5,24.1,13.6,17.785714285714285,80.42857142857143,48.6,13.485714285714286
NYG,2025-11-17,61.7,23.8,203.1,22.9,10.9,16.585714285714285,82.14285714285714,48.7,10.942857142857141
NYG,2025-11-24,30.2,-7.7,229.9,24.6,14.5,19.071428571428573,74.0,44.2,12.700000000000001
NYG,2025-12-01,71.2,36.7,228.3,23.3,14.6,17.7,81.0,48.8,12.6
NYG,2025-12-08,28.5,-6.0,191.6,24.2,11.1,17.771428571428572,77.14285714285714,46.4,14.614285714285714
NYG,2025-12-15,73.5,39.0,203.4,23.7,13.6,18.242857142857144,82.71428571428571,44.1,11.1
NYG,2025-12-22,57.6,23.1,230.8,23.9,14.4,18.228571428571428,85.71428571428571,49.4,12.957142857142857
NYG,2025-12-29,3.1,-31.4,162.7,23.5,14.4,18.0,76.33333333333333,43.0,18.666666666666668
